{"Number of Requests": 256, "Number of Errored Requests": 0, "Number of Completed Requests": 256, "Error Rate": 0.0, "Deadline Miss Rate": 0.0, "Number of Prompt Tokens (Mean)": 2274.9375, "Number of Prompt Tokens (P50)": 1738.8895294420502, "Number of Prompt Tokens (P90)": 5458.898826850627, "Number of Prompt Tokens (P99)": 6884.325540607284, "Number of Output Tokens (Mean)": 441.390625, "Number of Output Tokens (P50)": 420.3137741529488, "Number of Output Tokens (P90)": 853.2066234775198, "Number of Output Tokens (P99)": 1001.2473012529721, "Number of Total Tokens (Mean)": 2716.328125, "Number of Total Tokens (P50)": 2268.790333412844, "Number of Total Tokens (P90)": 6008.932555367876, "Number of Total Tokens (P99)": 7413.08877623367, "Time per Output Token (Mean)": 0.006084775549008506, "Time per Output Token (P50)": 0.006005964591249252, "Time per Output Token (P90)": 0.0067581765552057515, "Time per Output Token (P99)": 0.00720484080869643, "Time to First Token (Mean)": 0.0840369376273884, "Time to First Token (P50)": 0.06528444954888389, "Time to First Token (P90)": 0.1602530564529447, "Time to First Token (P99)": 0.20048796967287322, "Time Between Tokens (Mean)": 0.0061249430718186395, "Time Between Tokens (P50)": 0.00571305014648813, "Time Between Tokens (P90)": 0.006226118382049471, "Time Between Tokens (P99)": 0.02063014767483993, "End to End Latency (Mean)": 2.7814283706738934, "End to End Latency (P50)": 2.5986701108275883, "End to End Latency (P90)": 5.360193416860125, "End to End Latency (P99)": 6.366183267938592, "Normalized End to End Latency (Mean)": 0.0065571172069314836, "Normalized End to End Latency (P50)": 0.0063392032612579405, "Normalized End to End Latency (P90)": 0.007262710725483796, "Normalized End to End Latency (P99)": 0.009269720412393876, "Output Throughput (Mean)": 155.6757961768181, "Output Throughput (P50)": 157.43319134429493, "Output Throughput (P90)": 175.73922550376716, "Output Throughput (P99)": 181.45382863691202, "Deadline Miss Rate with 0.03s TBT Deadline, 0.3s TTFT Deadline, 0.0s TTFT Slack, Using Predictions for TTFT: False  (Mean)": 0.0, "Deadline Miss Rate with 0.03s TBT Deadline, 0.3s TTFT Deadline, 0.0s TTFT Slack, Using Predictions for TTFT: False  (P50)": 0, "Deadline Miss Rate with 0.03s TBT Deadline, 0.3s TTFT Deadline, 0.0s TTFT Slack, Using Predictions for TTFT: False  (P90)": 0, "Deadline Miss Rate with 0.03s TBT Deadline, 0.3s TTFT Deadline, 0.0s TTFT Slack, Using Predictions for TTFT: False  (P99)": 0, "Min Deadline to Meet Target Deadline Miss Rate of 10.0% (Mean)": 0.005081410855925705, "Min Deadline to Meet Target Deadline Miss Rate of 10.0% (P50)": 0.0055887354771758145, "Min Deadline to Meet Target Deadline Miss Rate of 10.0% (P90)": 0.006151851429625353, "Min Deadline to Meet Target Deadline Miss Rate of 10.0% (P99)": 0.006441446310738462}