{"tpot_based_throughput": 164.34459939330827, "tbt_based_throughput": 48.336291304299095, "deadline_based_throughput": 132.03304468913962}