{"Number of Requests": 256, "Number of Errored Requests": 0, "Number of Completed Requests": 256, "Error Rate": 0.0, "Deadline Miss Rate": 0.06561752988047809, "Number of Prompt Tokens (Mean)": 6475.9375, "Number of Prompt Tokens (P50)": 7793.166095210145, "Number of Prompt Tokens (P90)": 8078.831292220465, "Number of Prompt Tokens (P99)": 8160.024923752189, "Number of Output Tokens (Mean)": 184.8515625, "Number of Output Tokens (P50)": 160.9351025012422, "Number of Output Tokens (P90)": 308.8949992819657, "Number of Output Tokens (P99)": 455.32048804743, "Number of Total Tokens (Mean)": 6660.7890625, "Number of Total Tokens (P50)": 8030.503416967201, "Number of Total Tokens (P90)": 8192.730401697612, "Number of Total Tokens (P99)": 8192.730401697612, "Time per Output Token (Mean)": 0.021052464924528707, "Time per Output Token (P50)": 0.019702656413555748, "Time per Output Token (P90)": 0.028753330269078968, "Time per Output Token (P99)": 0.04121299898680164, "Time to First Token (Mean)": 0.3596859612108574, "Time to First Token (P50)": 0.3624021260184165, "Time to First Token (P90)": 0.5660908565808992, "Time to First Token (P99)": 0.7733677608293648, "Time Between Tokens (Mean)": 0.020831799918373358, "Time Between Tokens (P50)": 0.01480186778723828, "Time Between Tokens (P90)": 0.017060287973823713, "Time Between Tokens (P99)": 0.29141674846916216, "End to End Latency (Mean)": 4.19021454542019, "End to End Latency (P50)": 3.8381863422937177, "End to End Latency (P90)": 7.063920095063338, "End to End Latency (P99)": 10.35014240961921, "Normalized End to End Latency (Mean)": 0.023699349505472044, "Normalized End to End Latency (P50)": 0.021644545901765355, "Normalized End to End Latency (P90)": 0.03203258391179361, "Normalized End to End Latency (P99)": 0.047216988860426745, "Output Throughput (Mean)": 45.301875479145295, "Output Throughput (P50)": 46.10865963783521, "Output Throughput (P90)": 57.111234483520185, "Output Throughput (P99)": 69.33854198537861, "Deadline Miss Rate with 0.03s TBT Deadline, 0.3s TTFT Deadline, 0.0s TTFT Slack, Using Predictions for TTFT: False  (Mean)": 0.07162594080323655, "Deadline Miss Rate with 0.03s TBT Deadline, 0.3s TTFT Deadline, 0.0s TTFT Slack, Using Predictions for TTFT: False  (P50)": 0.034081463790840066, "Deadline Miss Rate with 0.03s TBT Deadline, 0.3s TTFT Deadline, 0.0s TTFT Slack, Using Predictions for TTFT: False  (P90)": 0.1736000682401979, "Deadline Miss Rate with 0.03s TBT Deadline, 0.3s TTFT Deadline, 0.0s TTFT Slack, Using Predictions for TTFT: False  (P99)": 0.42358512297224105, "Min Deadline to Meet Target Deadline Miss Rate of 10.0% (Mean)": 0.029076661087149607, "Min Deadline to Meet Target Deadline Miss Rate of 10.0% (P50)": 0.021215955035797776, "Min Deadline to Meet Target Deadline Miss Rate of 10.0% (P90)": 0.04769152764665718, "Min Deadline to Meet Target Deadline Miss Rate of 10.0% (P99)": 0.11636759021887054}