{"Target TBT (ms)": [1, 2, 3, 4, 5, 6, 7, 8, 9, 10, 11, 12, 13, 14, 15, 16, 17, 18, 19, 20, 21, 22, 23, 24, 25, 26, 27, 28, 29, 30, 31, 32, 33, 34, 35, 36, 37, 38, 39, 40, 41, 42, 43, 44, 45, 46, 47, 48, 49, 50, 51, 52, 53, 54, 55, 56, 57, 58, 59, 60, 61, 62, 63, 64, 65, 66, 67, 68, 69, 70, 71, 72, 73, 74, 75, 76, 77, 78, 79, 80, 81, 82, 83, 84, 85, 86, 87, 88, 89, 90, 91, 92, 93, 94, 95, 96, 97, 98, 99, 100], "Miss Rate P(99)": [0.9998498490478882, 0.9995073600542951, 0.9991756811182666, 0.9986408765192314, 0.9982507560426567, 0.997946341934698, 0.9978364128406122, 0.996645673603505, 0.9960353022629855, 0.9941139831828091, 0.9938462697247015, 0.9937012987012988, 0.9936208427510494, 0.9913827433628318, 0.9739608056963243, 0.9438240343347638, 0.8466473029045641, 0.7082155927692135, 0.5876858435681962, 0.5547893722466957, 0.5322871529749272, 0.5058760683760681, 0.48854166666666643, 0.47324507218851974, 0.4523363377609107, 0.43757427290732814, 0.41937002652519895, 0.40157674904281226, 0.38903333333333323, 0.37291841883936055, 0.3660129310344827, 0.35259784075573547, 0.346807780320366, 0.3375986842105263, 0.32810126582278476, 0.3184389140271493, 0.31309523809523804, 0.31309523809523804, 0.30266358463726883, 0.2878187420314492, 0.28577784156142355, 0.28367285195643405, 0.27352941176470585, 0.26713382507903044, 0.26069230769230767, 0.26069230769230767, 0.24719387755102035, 0.24719387755102035, 0.24719387755102035, 0.24719387755102035, 0.23347926267281086, 0.22731854838709672, 0.22731854838709672, 0.21863417982155098, 0.21863417982155098, 0.21863417982155098, 0.21292291594000698, 0.21292291594000698, 0.19760869565217387, 0.19760869565217387, 0.19760869565217387, 0.19760869565217387, 0.19760869565217387, 0.19004237288135584, 0.19004237288135584, 0.18665452241406622, 0.16740654205607455, 0.16740654205607455, 0.16035714285714284, 0.15620629370629366, 0.15620629370629366, 0.15620629370629366, 0.1465428276573785, 0.1465428276573785, 0.14265026471504172, 0.14265026471504172, 0.14265026471504172, 0.13438833081051318, 0.13438833081051318, 0.13438833081051318, 0.13154069767441845, 0.13154069767441845, 0.12574250490333397, 0.12574250490333397, 0.12574250490333397, 0.12279069767441825, 0.12279069767441825, 0.11727272727272706, 0.11727272727272706, 0.11357142857142845, 0.11058362369337961, 0.10755915863277803, 0.10449735449735419, 0.09172852598091186, 0.09172852598091186, 0.09172852598091186, 0.09172852598091186, 0.09172852598091186, 0.09172852598091186, 0.09172852598091186]}