{"tpot_based_throughput": 47.5003760170087, "tbt_based_throughput": 3.433155206570315, "deadline_based_throughput": 10.829354186487075}