{"Number of Requests": 621, "Number of Errored Requests": 0, "Number of Completed Requests": 615, "Error Rate": 0.0, "Deadline Miss Rate": 0.5951045023804585, "Number of Prompt Tokens (Mean)": 6564.734959349594, "Number of Prompt Tokens (P50)": 7871.488742819985, "Number of Prompt Tokens (P90)": 8095.005128641327, "Number of Prompt Tokens (P99)": 8160.024923752189, "Number of Output Tokens (Mean)": 184.0081300813008, "Number of Output Tokens (P50)": 171.91518000381075, "Number of Output Tokens (P90)": 313.8770712229126, "Number of Output Tokens (P99)": 455.32048804743, "Number of Total Tokens (Mean)": 6748.7430894308945, "Number of Total Tokens (P50)": 8192.730401697612, "Number of Total Tokens (P90)": 8192.730401697612, "Number of Total Tokens (P99)": 8192.730401697612, "Time per Output Token (Mean)": 0.05283036715332653, "Time per Output Token (P50)": 0.049637856474173424, "Time per Output Token (P90)": 0.07229492284931895, "Time per Output Token (P99)": 0.10915337908003694, "Time to First Token (Mean)": 0.636548370660313, "Time to First Token (P50)": 0.5752211609858071, "Time to First Token (P90)": 1.0273672983257707, "Time to First Token (P99)": 1.5952008541358285, "Time Between Tokens (Mean)": 0.05213745063705805, "Time Between Tokens (P50)": 0.029451758037343144, "Time Between Tokens (P90)": 0.034979202175607335, "Time Between Tokens (P99)": 0.5184038439210604, "End to End Latency (Mean)": 10.178125718954432, "End to End Latency (P50)": 9.327809848096624, "End to End Latency (P90)": 17.72543224562198, "End to End Latency (P99)": 26.977430211401757, "Normalized End to End Latency (Mean)": 0.05735494618894392, "Normalized End to End Latency (P50)": 0.05377204941949993, "Normalized End to End Latency (P90)": 0.07831615706965818, "Normalized End to End Latency (P99)": 0.11613508754111058, "Output Throughput (Mean)": 18.739444380197057, "Output Throughput (P50)": 18.597003662600944, "Output Throughput (P90)": 24.903306147561054, "Output Throughput (P99)": 29.341433400192315, "Deadline Miss Rate with 0.03s TBT Deadline, 0.3s TTFT Deadline, 0.0s TTFT Slack, Using Predictions for TTFT: False  (Mean)": 0.5583415217738009, "Deadline Miss Rate with 0.03s TBT Deadline, 0.3s TTFT Deadline, 0.0s TTFT Slack, Using Predictions for TTFT: False  (P50)": 0.5384822707458549, "Deadline Miss Rate with 0.03s TBT Deadline, 0.3s TTFT Deadline, 0.0s TTFT Slack, Using Predictions for TTFT: False  (P90)": 0.9057422252625693, "Deadline Miss Rate with 0.03s TBT Deadline, 0.3s TTFT Deadline, 0.0s TTFT Slack, Using Predictions for TTFT: False  (P99)": 0.9811788654388656, "Min Deadline to Meet Target Deadline Miss Rate of 10.0% (Mean)": 0.08044388953444996, "Min Deadline to Meet Target Deadline Miss Rate of 10.0% (P50)": 0.05990463257717167, "Min Deadline to Meet Target Deadline Miss Rate of 10.0% (P90)": 0.14043631677728274, "Min Deadline to Meet Target Deadline Miss Rate of 10.0% (P99)": 0.30574590585585465}