{"Target TBT (ms)": [1, 2, 3, 4, 5, 6, 7, 8, 9, 10, 11, 12, 13, 14, 15, 16, 17, 18, 19, 20, 21, 22, 23, 24, 25, 26, 27, 28, 29, 30, 31, 32, 33, 34, 35, 36, 37, 38, 39, 40, 41, 42, 43, 44, 45, 46, 47, 48, 49, 50, 51, 52, 53, 54, 55, 56, 57, 58, 59, 60, 61, 62, 63, 64, 65, 66, 67, 68, 69, 70, 71, 72, 73, 74, 75, 76, 77, 78, 79, 80, 81, 82, 83, 84, 85, 86, 87, 88, 89, 90, 91, 92, 93, 94, 95, 96, 97, 98, 99, 100], "Miss Rate P(99)": [0.9999624258212035, 0.9999243106475736, 0.9998852202079445, 0.9998285084682641, 0.9997830765839695, 0.99971230469423, 0.9996435781885791, 0.9995562943262412, 0.9995154631767535, 0.9994205053088768, 0.9993286960578492, 0.9992720564355119, 0.9992217148399857, 0.9991428997235449, 0.9988944159178433, 0.9987340376880592, 0.9979135964912281, 0.997429128871158, 0.9969129123971988, 0.9967607984014965, 0.9962528757458681, 0.995835875498206, 0.9953271028037384, 0.9950843137254902, 0.9945184235430595, 0.9942358123423, 0.9941105451801546, 0.9922874367012299, 0.9895731351981353, 0.9809914602386288, 0.9446207462074621, 0.8521553659631792, 0.7890673218673222, 0.7633223065077284, 0.7469588899491095, 0.7242916805374816, 0.7089032629927313, 0.700737305507948, 0.6946211592178775, 0.6796247391456908, 0.6717630800373718, 0.6636711711711715, 0.6538502221282, 0.6486160440906311, 0.6379007563180229, 0.6301552287581703, 0.6251640802609473, 0.6154227774760098, 0.6100242311276798, 0.6068104575163403, 0.5908538501833424, 0.5870737106617212, 0.5809423236514526, 0.5746879857872533, 0.5652466160448997, 0.5603896103896109, 0.5544716121011194, 0.5403400000000004, 0.532736141906874, 0.5218225806451616, 0.5170904827047103, 0.5087675765095123, 0.5087675765095123, 0.4977419354838712, 0.4915280235988205, 0.48602142857142905, 0.477122257053292, 0.4651439417905729, 0.4609067688378035, 0.4565903963905899, 0.44759271307742365, 0.44685057471264383, 0.4442996078431376, 0.42678925035360693, 0.42678925035360693, 0.409637037037037, 0.4060846560846562, 0.4060846560846562, 0.4003154462948279, 0.393534482758621, 0.38550880154328454, 0.3762740768003927, 0.3755687606112056, 0.3660042242703533, 0.3646844422700588, 0.35390909090909095, 0.35390909090909095, 0.34816183750247515, 0.34022249438660956, 0.34022249438660956, 0.33475912408759134, 0.33475912408759134, 0.33051127819548876, 0.32817748917748923, 0.3259023569023569, 0.32370714900947484, 0.31938100196690977, 0.31685914855072483, 0.3142351973684212, 0.3118989473684214]}