{"tpot_based_throughput": 18.92850748316321, "tbt_based_throughput": 1.927699770734408, "deadline_based_throughput": 4.412784348796368}