{"Number of Requests": 256, "Number of Errored Requests": 0, "Number of Completed Requests": 256, "Error Rate": 0.0, "Deadline Miss Rate": 9.487993375655534e-05, "Number of Prompt Tokens (Mean)": 2274.9375, "Number of Prompt Tokens (P50)": 1738.8895294420502, "Number of Prompt Tokens (P90)": 5458.898826850627, "Number of Prompt Tokens (P99)": 6884.325540607284, "Number of Output Tokens (Mean)": 452.8515625, "Number of Output Tokens (P50)": 427.94792587688335, "Number of Output Tokens (P90)": 868.7034004475807, "Number of Output Tokens (P99)": 1001.2473012529721, "Number of Total Tokens (Mean)": 2727.7890625, "Number of Total Tokens (P50)": 2268.790333412844, "Number of Total Tokens (P90)": 6020.962450373618, "Number of Total Tokens (P99)": 7413.08877623367, "Time per Output Token (Mean)": 0.012206591323161892, "Time per Output Token (P50)": 0.012070365382996768, "Time per Output Token (P90)": 0.013884225690625371, "Time per Output Token (P99)": 0.01519176315559465, "Time to First Token (Mean)": 0.1255449499092265, "Time to First Token (P50)": 0.10035902562453122, "Time to First Token (P90)": 0.24487657546149416, "Time to First Token (P99)": 0.29375743349359745, "Time Between Tokens (Mean)": 0.01224948513467758, "Time Between Tokens (P50)": 0.011009442085099047, "Time Between Tokens (P90)": 0.012265044574409346, "Time Between Tokens (P99)": 0.04482444975364467, "End to End Latency (Mean)": 5.660541797385122, "End to End Latency (P50)": 5.296255469483194, "End to End Latency (P90)": 10.729535769699918, "End to End Latency (P99)": 12.490899531333268, "Normalized End to End Latency (Mean)": 0.012871620047982424, "Normalized End to End Latency (P50)": 0.01253786567438723, "Normalized End to End Latency (P90)": 0.014450851882799777, "Normalized End to End Latency (P99)": 0.018666928933571365, "Output Throughput (Mean)": 79.08271481564607, "Output Throughput (P50)": 79.59895455242828, "Output Throughput (P90)": 88.85457065633084, "Output Throughput (P99)": 93.41024346874016, "Deadline Miss Rate with 0.03s TBT Deadline, 0.3s TTFT Deadline, 0.0s TTFT Slack, Using Predictions for TTFT: False  (Mean)": 6.099716009605981e-05, "Deadline Miss Rate with 0.03s TBT Deadline, 0.3s TTFT Deadline, 0.0s TTFT Slack, Using Predictions for TTFT: False  (P50)": 0, "Deadline Miss Rate with 0.03s TBT Deadline, 0.3s TTFT Deadline, 0.0s TTFT Slack, Using Predictions for TTFT: False  (P90)": 0, "Deadline Miss Rate with 0.03s TBT Deadline, 0.3s TTFT Deadline, 0.0s TTFT Slack, Using Predictions for TTFT: False  (P99)": 0.001983281318635208, "Min Deadline to Meet Target Deadline Miss Rate of 10.0% (Mean)": 0.010985576900882409, "Min Deadline to Meet Target Deadline Miss Rate of 10.0% (P50)": 0.011276865023359462, "Min Deadline to Meet Target Deadline Miss Rate of 10.0% (P90)": 0.012413111785119417, "Min Deadline to Meet Target Deadline Miss Rate of 10.0% (P99)": 0.014108160074140246}