{"Target TBT (ms)": [1, 2, 3, 4, 5, 6, 7, 8, 9, 10, 11, 12, 13, 14, 15, 16, 17, 18, 19, 20, 21, 22, 23, 24, 25, 26, 27, 28, 29, 30, 31, 32, 33, 34, 35, 36, 37, 38, 39, 40, 41, 42, 43, 44, 45, 46, 47, 48, 49, 50, 51, 52, 53, 54, 55, 56, 57, 58, 59, 60, 61, 62, 63, 64, 65, 66, 67, 68, 69, 70, 71, 72, 73, 74, 75, 76, 77, 78, 79, 80, 81, 82, 83, 84, 85, 86, 87, 88, 89, 90, 91, 92, 93, 94, 95, 96, 97, 98, 99, 100], "Miss Rate P(99)": [0.9999091923978953, 0.999782952137441, 0.9996035186483749, 0.999351643581217, 0.9990286904681255, 0.9981878191351907, 0.9976441887964282, 0.9968001577513266, 0.9961832030537575, 0.9936843416724808, 0.9844868773092114, 0.8720244565217387, 0.37964646464646407, 0.1900782013685235, 0.12229965156794412, 0.0913684210526313, 0.07199999999999956, 0.05605127560638406, 0.04680616740088088, 0.03262835249042142, 0.0243773584905659, 0.020450517993456794, 0.012954487668446446, 0.010225563909774405, 0.008167707263986345, 0.007589842127129205, 0.007589842127129205, 0.007474630181249049, 0.006766526239142853, 0.004935747127140467, 0.004275923080219663, 0.004094856756147073, 0.0035826210826210773, 0.0035826210826210773, 0.0035826210826210773, 0.0035826210826210773, 0.0034549071618037055, 0.0034549071618037055, 0.0018979443332726902, 0.0017502461235540169, 0.0017502461235540169, 0.0017502461235540169, 0.0017502461235540169, 0.0009414225941422355, 0.0009414225941422355, 0.0009414225941422355, 0.0009414225941422355, 0.0004712041884816635, 0.0004712041884816635, 0.0, 0.0, 0.0, 0.0, 0.0, 0.0, 0.0, 0.0, 0.0, 0.0, 0.0, 0.0, 0.0, 0.0, 0.0, 0.0, 0.0, 0.0, 0.0, 0.0, 0.0, 0.0, 0.0, 0.0, 0.0, 0.0, 0.0, 0.0, 0.0, 0.0, 0.0, 0.0, 0.0, 0.0, 0.0, 0.0, 0.0, 0.0, 0.0, 0.0, 0.0, 0.0, 0.0, 0.0, 0.0, 0.0, 0.0, 0.0, 0.0, 0.0, 0.0]}