{"tpot_based_throughput": 81.92295240543606, "tbt_based_throughput": 22.28854338793926, "deadline_based_throughput": 62.22019320164479}