{"Number of Requests": 256, "Number of Errored Requests": 0, "Number of Completed Requests": 256, "Error Rate": 0.0, "Deadline Miss Rate": 0.0651353536909392, "Number of Prompt Tokens (Mean)": 6475.9375, "Number of Prompt Tokens (P50)": 7793.166095210145, "Number of Prompt Tokens (P90)": 8078.831292220465, "Number of Prompt Tokens (P99)": 8160.024923752189, "Number of Output Tokens (Mean)": 190.12109375, "Number of Output Tokens (P50)": 167.8383321854717, "Number of Output Tokens (P90)": 322.78982849718653, "Number of Output Tokens (P99)": 459.8965365621406, "Number of Total Tokens (Mean)": 6666.05859375, "Number of Total Tokens (P50)": 8030.503416967201, "Number of Total Tokens (P90)": 8209.132264363674, "Number of Total Tokens (P99)": 8225.56696359163, "Time per Output Token (Mean)": 0.020136036839313722, "Time per Output Token (P50)": 0.018555262656577566, "Time per Output Token (P90)": 0.028183975995008898, "Time per Output Token (P99)": 0.044112965373737816, "Time to First Token (Mean)": 0.3680012675041553, "Time to First Token (P50)": 0.3660443291567078, "Time to First Token (P90)": 0.5683597555362344, "Time to First Token (P99)": 0.7430435672784798, "Time Between Tokens (Mean)": 0.019853299218572935, "Time Between Tokens (P50)": 0.014654586693083775, "Time Between Tokens (P90)": 0.016890535215895276, "Time Between Tokens (P99)": 0.3125468541804428, "End to End Latency (Mean)": 4.149744560842009, "End to End Latency (P50)": 3.769717037712412, "End to End Latency (P90)": 7.22104846412871, "End to End Latency (P99)": 10.329462804405184, "Normalized End to End Latency (Mean)": 0.023044722422522826, "Normalized End to End Latency (P50)": 0.020671449271786557, "Normalized End to End Latency (P90)": 0.03216097089301623, "Normalized End to End Latency (P99)": 0.05260198187756881, "Output Throughput (Mean)": 47.69148722498068, "Output Throughput (P50)": 47.990390374500834, "Output Throughput (P90)": 63.117677550509406, "Output Throughput (P99)": 85.1999614752981, "Deadline Miss Rate with 0.03s TBT Deadline, 0.3s TTFT Deadline, 0.0s TTFT Slack, Using Predictions for TTFT: False  (Mean)": 0.07319424878546132, "Deadline Miss Rate with 0.03s TBT Deadline, 0.3s TTFT Deadline, 0.0s TTFT Slack, Using Predictions for TTFT: False  (P50)": 0.03281066582035456, "Deadline Miss Rate with 0.03s TBT Deadline, 0.3s TTFT Deadline, 0.0s TTFT Slack, Using Predictions for TTFT: False  (P90)": 0.1715293160929227, "Deadline Miss Rate with 0.03s TBT Deadline, 0.3s TTFT Deadline, 0.0s TTFT Slack, Using Predictions for TTFT: False  (P99)": 0.47854704959193467, "Min Deadline to Meet Target Deadline Miss Rate of 10.0% (Mean)": 0.0289256707558006, "Min Deadline to Meet Target Deadline Miss Rate of 10.0% (P50)": 0.02006051541717455, "Min Deadline to Meet Target Deadline Miss Rate of 10.0% (P90)": 0.04904576167304804, "Min Deadline to Meet Target Deadline Miss Rate of 10.0% (P99)": 0.12307009617479844}