{"Target TBT (ms)": [1, 2, 3, 4, 5, 6, 7, 8, 9, 10, 11, 12, 13, 14, 15, 16, 17, 18, 19, 20, 21, 22, 23, 24, 25, 26, 27, 28, 29, 30, 31, 32, 33, 34, 35, 36, 37, 38, 39, 40, 41, 42, 43, 44, 45, 46, 47, 48, 49, 50, 51, 52, 53, 54, 55, 56, 57, 58, 59, 60, 61, 62, 63, 64, 65, 66, 67, 68, 69, 70, 71, 72, 73, 74, 75, 76, 77, 78, 79, 80, 81, 82, 83, 84, 85, 86, 87, 88, 89, 90, 91, 92, 93, 94, 95, 96, 97, 98, 99, 100], "Miss Rate P(99)": [0.9996616510713939, 0.9988981480493522, 0.9979827624487819, 0.9971693053885131, 0.9965879704456246, 0.9948440409683426, 0.9935445976852173, 0.990228013029316, 0.987350741886231, 0.9863252464753187, 0.9844551018080914, 0.982643500073779, 0.9777916812167772, 0.9686813186813187, 0.8986326034063259, 0.8611431748385044, 0.810205872965209, 0.6962729177579878, 0.60751582278481, 0.5893579234972677, 0.5704671501706482, 0.5488381858902573, 0.5243715188920663, 0.5016798418972326, 0.4856540825285332, 0.4694736842105257, 0.4482071447613962, 0.4296153846153839, 0.4154133238549804, 0.40253393665158305, 0.387847608453837, 0.37831501202335904, 0.3705991516436899, 0.3621822803195348, 0.34843907035175853, 0.3394310255747866, 0.3247113706537789, 0.31683715220949255, 0.3088081273565144, 0.3005863844393592, 0.29560450038138814, 0.2906538461538461, 0.2906538461538461, 0.2813791732909379, 0.2707027027027024, 0.26628767123287655, 0.26628767123287655, 0.2604166666666666, 0.2541346153846152, 0.24946912242686883, 0.24946912242686883, 0.24877838459327384, 0.23819196428571418, 0.23150793650793627, 0.23150793650793627, 0.22657004830917862, 0.22657004830917862, 0.22657004830917862, 0.22132352941176467, 0.20688093183779094, 0.20688093183779094, 0.20222657205774391, 0.20222657205774391, 0.2006074355971896, 0.1973859105006646, 0.18944202135659483, 0.1802777777777777, 0.17502336448598113, 0.1699999999999997, 0.1699999999999997, 0.1699999999999997, 0.16377118644067784, 0.16377118644067784, 0.16377118644067784, 0.16377118644067784, 0.16377118644067784, 0.15693573667711594, 0.15693573667711594, 0.15693573667711594, 0.146571772253408, 0.146571772253408, 0.146571772253408, 0.146571772253408, 0.146571772253408, 0.146571772253408, 0.146571772253408, 0.146571772253408, 0.13530377668308663, 0.12863408521303232, 0.1217261904761904, 0.1217261904761904, 0.1217261904761904, 0.1217261904761904, 0.1217261904761904, 0.10990853658536555, 0.10990853658536555, 0.10990853658536555, 0.10990853658536555, 0.10990853658536555, 0.10990853658536555]}