{"tpot_based_throughput": 49.66220552634239, "tbt_based_throughput": 3.1969698467941265, "deadline_based_throughput": 9.826715058240335}