{"Number of Requests": 512, "Number of Errored Requests": 0, "Number of Completed Requests": 512, "Error Rate": 0.0, "Deadline Miss Rate": 0.00019632339817954666, "Number of Prompt Tokens (Mean)": 683.056640625, "Number of Prompt Tokens (P50)": 436.5930503518891, "Number of Prompt Tokens (P90)": 1644.1880723859645, "Number of Prompt Tokens (P99)": 4670.4108177561075, "Number of Output Tokens (Mean)": 218.828125, "Number of Output Tokens (P50)": 159.97238261315115, "Number of Output Tokens (P90)": 512.3467181125903, "Number of Output Tokens (P99)": 722.7054174123614, "Number of Total Tokens (Mean)": 901.884765625, "Number of Total Tokens (P50)": 650.0190427513235, "Number of Total Tokens (P90)": 2016.264934207726, "Number of Total Tokens (P99)": 5255.352477057046, "Time per Output Token (Mean)": 0.008103916976230117, "Time per Output Token (P50)": 0.008591326890833887, "Time per Output Token (P90)": 0.009941851212208306, "Time per Output Token (P99)": 0.011390199438997196, "Time to First Token (Mean)": 0.05642480064943811, "Time to First Token (P50)": 0.04904576167304804, "Time to First Token (P90)": 0.07072180180250003, "Time to First Token (P99)": 0.1873079812474624, "Time Between Tokens (Mean)": 0.008425458907682332, "Time Between Tokens (P50)": 0.008591326890833887, "Time Between Tokens (P90)": 0.010368301882929937, "Time Between Tokens (P99)": 0.01574863028273627, "End to End Latency (Mean)": 1.8917267167744285, "End to End Latency (P50)": 1.3512088015045334, "End to End Latency (P90)": 4.327543189812955, "End to End Latency (P99)": 6.481812143218157, "Normalized End to End Latency (Mean)": 0.009538001664416654, "Normalized End to End Latency (P50)": 0.009159148488988602, "Normalized End to End Latency (P90)": 0.01162029680830563, "Normalized End to End Latency (P99)": 0.021343633460811928, "Output Throughput (Mean)": 113.72951883278593, "Output Throughput (P50)": 108.96220333143697, "Output Throughput (P90)": 162.2277474377787, "Output Throughput (P99)": 186.2334962013703, "Deadline Miss Rate with 0.03s TBT Deadline, 0.3s TTFT Deadline, 0.0s TTFT Slack, Using Predictions for TTFT: False  (Mean)": 0.0012094782686781608, "Deadline Miss Rate with 0.03s TBT Deadline, 0.3s TTFT Deadline, 0.0s TTFT Slack, Using Predictions for TTFT: False  (P50)": 0, "Deadline Miss Rate with 0.03s TBT Deadline, 0.3s TTFT Deadline, 0.0s TTFT Slack, Using Predictions for TTFT: False  (P90)": 0, "Deadline Miss Rate with 0.03s TBT Deadline, 0.3s TTFT Deadline, 0.0s TTFT Slack, Using Predictions for TTFT: False  (P99)": 0, "Min Deadline to Meet Target Deadline Miss Rate of 10.0% (Mean)": 0.0061139182688271405, "Min Deadline to Meet Target Deadline Miss Rate of 10.0% (P50)": 0.006151851429625353, "Min Deadline to Meet Target Deadline Miss Rate of 10.0% (P90)": 0.008712451400889604, "Min Deadline to Meet Target Deadline Miss Rate of 10.0% (P99)": 0.011276865023359462}