{"tpot_based_throughput": 123.39711807674428, "tbt_based_throughput": 63.20249915538889, "deadline_based_throughput": 86.55834682202273}