{"Number of Requests": 256, "Number of Errored Requests": 0, "Number of Completed Requests": 256, "Error Rate": 0.0, "Deadline Miss Rate": 0.1146637891867333, "Number of Prompt Tokens (Mean)": 6475.9375, "Number of Prompt Tokens (P50)": 7793.166095210145, "Number of Prompt Tokens (P90)": 8078.831292220465, "Number of Prompt Tokens (P99)": 8160.024923752189, "Number of Output Tokens (Mean)": 184.85546875, "Number of Output Tokens (P50)": 160.9351025012422, "Number of Output Tokens (P90)": 308.8949992819657, "Number of Output Tokens (P99)": 455.32048804743, "Number of Total Tokens (Mean)": 6660.79296875, "Number of Total Tokens (P50)": 8030.503416967201, "Number of Total Tokens (P90)": 8192.730401697612, "Number of Total Tokens (P99)": 8192.730401697612, "Time per Output Token (Mean)": 0.021771466196350567, "Time per Output Token (P50)": 0.01923542174694104, "Time per Output Token (P90)": 0.03449290520467356, "Time per Output Token (P99)": 0.051354562801178213, "Time to First Token (Mean)": 0.4553447850004204, "Time to First Token (P50)": 0.4435251499270041, "Time to First Token (P90)": 0.7415589647464548, "Time to First Token (P99)": 1.0335500338349635, "Time Between Tokens (Mean)": 0.02136465107176039, "Time Between Tokens (P50)": 0.013339817236495882, "Time Between Tokens (P90)": 0.01655608009968765, "Time Between Tokens (P99)": 0.40292662603650115, "End to End Latency (Mean)": 4.383352722479117, "End to End Latency (P50)": 3.9078992536558363, "End to End Latency (P90)": 7.576112270457551, "End to End Latency (P99)": 10.815716347265234, "Normalized End to End Latency (Mean)": 0.025143674936534233, "Normalized End to End Latency (P50)": 0.022214683962622186, "Normalized End to End Latency (P90)": 0.03744052537568777, "Normalized End to End Latency (P99)": 0.05825056729187244, "Output Throughput (Mean)": 45.08097664965999, "Output Throughput (P50)": 44.925284630616794, "Output Throughput (P90)": 63.117677550509406, "Output Throughput (P99)": 75.41460382948434, "Deadline Miss Rate with 0.03s TBT Deadline, 0.3s TTFT Deadline, 0.0s TTFT Slack, Using Predictions for TTFT: False  (Mean)": 0.1166120473863798, "Deadline Miss Rate with 0.03s TBT Deadline, 0.3s TTFT Deadline, 0.0s TTFT Slack, Using Predictions for TTFT: False  (P50)": 0.0727299964470121, "Deadline Miss Rate with 0.03s TBT Deadline, 0.3s TTFT Deadline, 0.0s TTFT Slack, Using Predictions for TTFT: False  (P90)": 0.2984953563160937, "Deadline Miss Rate with 0.03s TBT Deadline, 0.3s TTFT Deadline, 0.0s TTFT Slack, Using Predictions for TTFT: False  (P99)": 0.5071234944098811, "Min Deadline to Meet Target Deadline Miss Rate of 10.0% (Mean)": 0.039443923691099524, "Min Deadline to Meet Target Deadline Miss Rate of 10.0% (P50)": 0.025758213814027427, "Min Deadline to Meet Target Deadline Miss Rate of 10.0% (P90)": 0.0731676883341777, "Min Deadline to Meet Target Deadline Miss Rate of 10.0% (P99)": 0.20048796967287322}