{"Target TBT (ms)": [1, 2, 3, 4, 5, 6, 7, 8, 9, 10, 11, 12, 13, 14, 15, 16, 17, 18, 19, 20, 21, 22, 23, 24, 25, 26, 27, 28, 29, 30, 31, 32, 33, 34, 35, 36, 37, 38, 39, 40, 41, 42, 43, 44, 45, 46, 47, 48, 49, 50, 51, 52, 53, 54, 55, 56, 57, 58, 59, 60, 61, 62, 63, 64, 65, 66, 67, 68, 69, 70, 71, 72, 73, 74, 75, 76, 77, 78, 79, 80, 81, 82, 83, 84, 85, 86, 87, 88, 89, 90, 91, 92, 93, 94, 95, 96, 97, 98, 99, 100], "Miss Rate P(99)": [0.9998692212889657, 0.9995606168194422, 0.9991061728042085, 0.9987980157263325, 0.9983434328505271, 0.9980269607843137, 0.9970222291297008, 0.9956792767292669, 0.9937674689440994, 0.992677762286511, 0.9924140049140049, 0.9890751104565537, 0.9836636786624957, 0.9795231484607075, 0.9764436068345274, 0.9711088009264133, 0.9219382743609775, 0.7280405405405405, 0.6683597319524823, 0.651302546708185, 0.6337978142076502, 0.6194960212201591, 0.602617857142857, 0.5859785615491009, 0.5657432206226983, 0.5466909848879622, 0.5280257025843804, 0.5127358490566034, 0.5016304347826084, 0.48455056179775247, 0.47088508478237356, 0.460583408273381, 0.44871011341599554, 0.43628218796129226, 0.42470094416200266, 0.4153004926108374, 0.4040309918765786, 0.3939370412196499, 0.3814208051719071, 0.3728078557598007, 0.36499768017321355, 0.3544388094872187, 0.350837742504409, 0.34388771186440664, 0.33551909599608826, 0.33101265822784803, 0.3249777034559642, 0.32099570766971647, 0.3134285714285714, 0.30872820872820866, 0.3028727077875685, 0.29580725907384225, 0.2909449541284403, 0.2824979871175523, 0.27516432165964877, 0.27249253094323517, 0.2686988367083153, 0.2643114311431141, 0.25531526836894214, 0.2516791044776119, 0.25, 0.24792713567839192, 0.24792713567839192, 0.243718274111675, 0.2383127870437515, 0.23622448979591834, 0.23622448979591834, 0.22625540405719985, 0.22625540405719985, 0.22415176332943335, 0.22415176332943335, 0.2156506147540983, 0.2138099733928418, 0.2138099733928418, 0.2138099733928418, 0.2093937028363257, 0.2093937028363257, 0.2070718521102196, 0.2009574468085106, 0.2009574468085106, 0.1952443297068043, 0.19022177419354833, 0.19022177419354833, 0.19022177419354833, 0.18767750801649105, 0.18767750801649105, 0.18552873986735444, 0.18552873986735444, 0.18307863295359816, 0.1822572509457755, 0.1822572509457755, 0.17597512719050304, 0.17178510192417604, 0.17178510192417604, 0.16742896606156266, 0.16742896606156266, 0.1620503597122301, 0.1620503597122301, 0.1620503597122301, 0.1620503597122301]}