{"tpot_based_throughput": 45.93167915202808, "tbt_based_throughput": 2.4809608984841423, "deadline_based_throughput": 6.155976832798894}