{"Number of Requests": 256, "Number of Errored Requests": 0, "Number of Completed Requests": 256, "Error Rate": 0.0, "Deadline Miss Rate": 4.4051310967014375e-05, "Number of Prompt Tokens (Mean)": 2274.9375, "Number of Prompt Tokens (P50)": 1738.8895294420502, "Number of Prompt Tokens (P90)": 5458.898826850627, "Number of Prompt Tokens (P99)": 6884.325540607284, "Number of Output Tokens (Mean)": 443.35546875, "Number of Output Tokens (P50)": 427.0928850659405, "Number of Output Tokens (P90)": 824.6852004749147, "Number of Output Tokens (P99)": 975.5503705320581, "Number of Total Tokens (Mean)": 2718.29296875, "Number of Total Tokens (P50)": 2268.790333412844, "Number of Total Tokens (P90)": 6020.962450373618, "Number of Total Tokens (P99)": 7413.08877623367, "Time per Output Token (Mean)": 0.005569610632091186, "Time per Output Token (P50)": 0.004752890674409874, "Time per Output Token (P90)": 0.00843806643780061, "Time per Output Token (P99)": 0.009628748234369088, "Time to First Token (Mean)": 0.08017199090500071, "Time to First Token (P50)": 0.0656773338513936, "Time to First Token (P90)": 0.13252272038299298, "Time to First Token (P99)": 0.1681328069466118, "Time Between Tokens (Mean)": 0.005481738067095027, "Time Between Tokens (P50)": 0.004274866871129055, "Time Between Tokens (P90)": 0.00847188630947529, "Time Between Tokens (P99)": 0.014713322452639456, "End to End Latency (Mean)": 2.505070216178865, "End to End Latency (P50)": 2.34667582532892, "End to End Latency (P90)": 4.441534820485737, "End to End Latency (P99)": 6.546955460088887, "Normalized End to End Latency (Mean)": 0.00604013348813778, "Normalized End to End Latency (P50)": 0.005117945150226793, "Normalized End to End Latency (P90)": 0.00895984750503156, "Normalized End to End Latency (P99)": 0.010813044939111494, "Output Throughput (Mean)": 180.58067270322326, "Output Throughput (P50)": 195.00033132550766, "Output Throughput (P90)": 235.33295009544, "Output Throughput (P99)": 251.3889502520007, "Deadline Miss Rate with 0.03s TBT Deadline, 0.3s TTFT Deadline, 0.0s TTFT Slack, Using Predictions for TTFT: False  (Mean)": 9.527439024390244e-05, "Deadline Miss Rate with 0.03s TBT Deadline, 0.3s TTFT Deadline, 0.0s TTFT Slack, Using Predictions for TTFT: False  (P50)": 0, "Deadline Miss Rate with 0.03s TBT Deadline, 0.3s TTFT Deadline, 0.0s TTFT Slack, Using Predictions for TTFT: False  (P90)": 0, "Deadline Miss Rate with 0.03s TBT Deadline, 0.3s TTFT Deadline, 0.0s TTFT Slack, Using Predictions for TTFT: False  (P99)": 0, "Min Deadline to Meet Target Deadline Miss Rate of 10.0% (Mean)": 0.004705045250577764, "Min Deadline to Meet Target Deadline Miss Rate of 10.0% (P50)": 0.004165152759848989, "Min Deadline to Meet Target Deadline Miss Rate of 10.0% (P90)": 0.008139698787313627, "Min Deadline to Meet Target Deadline Miss Rate of 10.0% (P99)": 0.008712451400889604}