{"Target TBT (ms)": [1, 2, 3, 4, 5, 6, 7, 8, 9, 10, 11, 12, 13, 14, 15, 16, 17, 18, 19, 20, 21, 22, 23, 24, 25, 26, 27, 28, 29, 30, 31, 32, 33, 34, 35, 36, 37, 38, 39, 40, 41, 42, 43, 44, 45, 46, 47, 48, 49, 50, 51, 52, 53, 54, 55, 56, 57, 58, 59, 60, 61, 62, 63, 64, 65, 66, 67, 68, 69, 70, 71, 72, 73, 74, 75, 76, 77, 78, 79, 80, 81, 82, 83, 84, 85, 86, 87, 88, 89, 90, 91, 92, 93, 94, 95, 96, 97, 98, 99, 100], "Miss Rate P(99)": [1.0, 1.0, 1.0, 1.0, 1.0, 1.0, 1.0, 0.9987442922374429, 0.5988205769908802, 0.09411852293031536, 0.04299917149958547, 0.026827939413751726, 0.016089857891608446, 0.016089857891608446, 0.0149819885701903, 0.010927518427518289, 0.010927518427518289, 0.008817128817128731, 0.004943847957546578, 0.004943847957546578, 0.004250403302983068, 0.003081129962966149, 0.003081129962966149, 0.002417715959004382, 0.002417715959004382, 0.002417715959004382, 0.0017064516129032198, 0.0017064516129032198, 0.0017064516129032198, 0.0017064516129032198, 0.0017064516129032198, 0.0017064516129032198, 0.0017064516129032198, 0.0017064516129032198, 0.0017064516129032198, 0.0017064516129032198, 0.0017064516129032198, 0.0017064516129032198, 0.0017064516129032198, 0.0017064516129032198, 0.0017064516129032198, 0.0017064516129032198, 0.0006598240469208044, 0.0006598240469208044, 0.0006598240469208044, 0.0006598240469208044, 0.0006598240469208044, 0.0006598240469208044, 0.0006598240469208044, 0.0006598240469208044, 0.0006598240469208044, 0.0006598240469208044, 0.0, 0.0, 0.0, 0.0, 0.0, 0.0, 0.0, 0.0, 0.0, 0.0, 0.0, 0.0, 0.0, 0.0, 0.0, 0.0, 0.0, 0.0, 0.0, 0.0, 0.0, 0.0, 0.0, 0.0, 0.0, 0.0, 0.0, 0.0, 0.0, 0.0, 0.0, 0.0, 0.0, 0.0, 0.0, 0.0, 0.0, 0.0, 0.0, 0.0, 0.0, 0.0, 0.0, 0.0, 0.0, 0.0, 0.0, 0.0]}