{"tpot_based_throughput": 179.54576469639784, "tbt_based_throughput": 68.02380494502859, "deadline_based_throughput": 100.24564199051942}