{"Number of Requests": 512, "Number of Errored Requests": 0, "Number of Completed Requests": 512, "Error Rate": 0.0, "Deadline Miss Rate": 6.245538900785154e-05, "Number of Prompt Tokens (Mean)": 683.056640625, "Number of Prompt Tokens (P50)": 436.5930503518891, "Number of Prompt Tokens (P90)": 1644.1880723859645, "Number of Prompt Tokens (P99)": 4670.4108177561075, "Number of Output Tokens (Mean)": 218.896484375, "Number of Output Tokens (P50)": 159.97238261315115, "Number of Output Tokens (P90)": 512.3467181125903, "Number of Output Tokens (P99)": 722.7054174123614, "Number of Total Tokens (Mean)": 901.953125, "Number of Total Tokens (P50)": 650.0190427513235, "Number of Total Tokens (P90)": 2016.264934207726, "Number of Total Tokens (P99)": 5255.352477057046, "Time per Output Token (Mean)": 0.005688995727916, "Time per Output Token (P50)": 0.005456202538334149, "Time per Output Token (P90)": 0.007277250686896177, "Time per Output Token (P99)": 0.009400409228867918, "Time to First Token (Mean)": 0.052269739132498216, "Time to First Token (P50)": 0.04536558364079609, "Time to First Token (P90)": 0.06335500184133688, "Time to First Token (P99)": 0.18286610395257027, "Time Between Tokens (Mean)": 0.00587756160599628, "Time Between Tokens (P50)": 0.005358869485653015, "Time Between Tokens (P90)": 0.007946671544214669, "Time Between Tokens (P99)": 0.010684063791504642, "End to End Latency (Mean)": 1.3329697497765665, "End to End Latency (P50)": 1.0110602206214547, "End to End Latency (P90)": 2.8777244270465556, "End to End Latency (P99)": 4.5041536377956355, "Normalized End to End Latency (Mean)": 0.006965060900774883, "Normalized End to End Latency (P50)": 0.005970036683233525, "Normalized End to End Latency (P90)": 0.009177485122600193, "Normalized End to End Latency (P99)": 0.017650311524103825, "Output Throughput (Mean)": 155.26362226799856, "Output Throughput (P50)": 167.50299086242376, "Output Throughput (P90)": 183.64439240665055, "Output Throughput (P99)": 188.85910238188015, "Deadline Miss Rate with 0.03s TBT Deadline, 0.3s TTFT Deadline, 0.0s TTFT Slack, Using Predictions for TTFT: False  (Mean)": 4.917940647482014e-05, "Deadline Miss Rate with 0.03s TBT Deadline, 0.3s TTFT Deadline, 0.0s TTFT Slack, Using Predictions for TTFT: False  (P50)": 0, "Deadline Miss Rate with 0.03s TBT Deadline, 0.3s TTFT Deadline, 0.0s TTFT Slack, Using Predictions for TTFT: False  (P90)": 0, "Deadline Miss Rate with 0.03s TBT Deadline, 0.3s TTFT Deadline, 0.0s TTFT Slack, Using Predictions for TTFT: False  (P99)": 0, "Min Deadline to Meet Target Deadline Miss Rate of 10.0% (Mean)": 0.0033999780851308556, "Min Deadline to Meet Target Deadline Miss Rate of 10.0% (P50)": 0.004165152759848989, "Min Deadline to Meet Target Deadline Miss Rate of 10.0% (P90)": 0.0055887354771758145, "Min Deadline to Meet Target Deadline Miss Rate of 10.0% (P99)": 0.008139698787313627}