{"tpot_based_throughput": 175.7779488377856, "tbt_based_throughput": 93.58786565436681, "deadline_based_throughput": 101.87101999451677}