{"Number of Requests": 512, "Number of Errored Requests": 0, "Number of Completed Requests": 512, "Error Rate": 0.0, "Deadline Miss Rate": 0.005112067013810278, "Number of Prompt Tokens (Mean)": 2234.875, "Number of Prompt Tokens (P50)": 1657.3943359881944, "Number of Prompt Tokens (P90)": 5458.898826850627, "Number of Prompt Tokens (P99)": 7079.810742190998, "Number of Output Tokens (Mean)": 429.1640625, "Number of Output Tokens (P50)": 402.22092365685313, "Number of Output Tokens (P90)": 824.6852004749147, "Number of Output Tokens (P99)": 977.5034243269172, "Number of Total Tokens (Mean)": 2664.0390625, "Number of Total Tokens (P50)": 2111.1794506901215, "Number of Total Tokens (P90)": 5984.944824595679, "Number of Total Tokens (P99)": 7700.20694151096, "Time per Output Token (Mean)": 0.010760752855259126, "Time per Output Token (P50)": 0.010878118255165542, "Time per Output Token (P90)": 0.011950263200893424, "Time per Output Token (P99)": 0.01323352440140802, "Time to First Token (Mean)": 0.16969442142544722, "Time to First Token (P50)": 0.07691907721635559, "Time to First Token (P90)": 0.20950639374832422, "Time to First Token (P99)": 2.2773210506034856, "Time Between Tokens (Mean)": 0.010859268154887282, "Time Between Tokens (P50)": 0.010265135521238833, "Time Between Tokens (P90)": 0.011075697326653724, "Time Between Tokens (P99)": 0.03414969494958049, "End to End Latency (Mean)": 4.81926399990698, "End to End Latency (P50)": 4.450426782088312, "End to End Latency (P90)": 9.179752458833915, "End to End Latency (P99)": 11.415822271300364, "Normalized End to End Latency (Mean)": 0.012809836896985373, "Normalized End to End Latency (P50)": 0.011231847643044041, "Normalized End to End Latency (P90)": 0.01268922646132945, "Normalized End to End Latency (P99)": 0.01870430016266761, "Output Throughput (Mean)": 89.03165191318891, "Output Throughput (P50)": 89.03245768467185, "Output Throughput (P90)": 102.00287933571242, "Output Throughput (P99)": 111.83237208415753, "Deadline Miss Rate with 0.03s TBT Deadline, 0.3s TTFT Deadline, 0.0s TTFT Slack, Using Predictions for TTFT: False  (Mean)": 0.0062558495845256, "Deadline Miss Rate with 0.03s TBT Deadline, 0.3s TTFT Deadline, 0.0s TTFT Slack, Using Predictions for TTFT: False  (P50)": 0, "Deadline Miss Rate with 0.03s TBT Deadline, 0.3s TTFT Deadline, 0.0s TTFT Slack, Using Predictions for TTFT: False  (P90)": 0, "Deadline Miss Rate with 0.03s TBT Deadline, 0.3s TTFT Deadline, 0.0s TTFT Slack, Using Predictions for TTFT: False  (P99)": 0.10341541401211014, "Min Deadline to Meet Target Deadline Miss Rate of 10.0% (Mean)": 0.027713307212910005, "Min Deadline to Meet Target Deadline Miss Rate of 10.0% (P50)": 0.010122424881781077, "Min Deadline to Meet Target Deadline Miss Rate of 10.0% (P90)": 0.011276865023359462, "Min Deadline to Meet Target Deadline Miss Rate of 10.0% (P99)": 0.031148111663696996}