{"Target TBT (ms)": [1, 2, 3, 4, 5, 6, 7, 8, 9, 10, 11, 12, 13, 14, 15, 16, 17, 18, 19, 20, 21, 22, 23, 24, 25, 26, 27, 28, 29, 30, 31, 32, 33, 34, 35, 36, 37, 38, 39, 40, 41, 42, 43, 44, 45, 46, 47, 48, 49, 50, 51, 52, 53, 54, 55, 56, 57, 58, 59, 60, 61, 62, 63, 64, 65, 66, 67, 68, 69, 70, 71, 72, 73, 74, 75, 76, 77, 78, 79, 80, 81, 82, 83, 84, 85, 86, 87, 88, 89, 90, 91, 92, 93, 94, 95, 96, 97, 98, 99, 100], "Miss Rate P(99)": [0.9998825926368, 0.9997358852703352, 0.9996013896288798, 0.9993852992336598, 0.9989624183711321, 0.9976581144149346, 0.996217305899219, 0.9947682864450128, 0.9902967594923293, 0.9810827702702702, 0.5282921599269297, 0.1280577879831611, 0.08518567639257282, 0.05440954489989598, 0.03951764022526955, 0.026750841750841726, 0.02335419467494931, 0.015513586204168804, 0.012853798614145689, 0.010429813664596273, 0.010242228359875401, 0.008897210519928554, 0.007796036877394634, 0.006020420002320453, 0.0058274966791450195, 0.0058274966791450195, 0.004543943971436418, 0.004543943971436418, 0.004456309551475706, 0.004456309551475706, 0.00437806021460567, 0.00437806021460567, 0.0025063403567721367, 0.0025063403567721367, 0.002007813280356914, 0.0013070994633842218, 0.0013070994633842218, 0.0013070994633842218, 0.0011803713527851277, 0.0, 0.0, 0.0, 0.0, 0.0, 0.0, 0.0, 0.0, 0.0, 0.0, 0.0, 0.0, 0.0, 0.0, 0.0, 0.0, 0.0, 0.0, 0.0, 0.0, 0.0, 0.0, 0.0, 0.0, 0.0, 0.0, 0.0, 0.0, 0.0, 0.0, 0.0, 0.0, 0.0, 0.0, 0.0, 0.0, 0.0, 0.0, 0.0, 0.0, 0.0, 0.0, 0.0, 0.0, 0.0, 0.0, 0.0, 0.0, 0.0, 0.0, 0.0, 0.0, 0.0, 0.0, 0.0, 0.0, 0.0, 0.0, 0.0, 0.0, 0.0]}