{"tpot_based_throughput": 92.9303008303241, "tbt_based_throughput": 29.271264785065934, "deadline_based_throughput": 78.80363943559311}