{"Number of Requests": 256, "Number of Errored Requests": 0, "Number of Completed Requests": 256, "Error Rate": 0.0, "Deadline Miss Rate": 0.0864525966599888, "Number of Prompt Tokens (Mean)": 2274.9375, "Number of Prompt Tokens (P50)": 1738.8895294420502, "Number of Prompt Tokens (P90)": 5458.898826850627, "Number of Prompt Tokens (P99)": 6884.325540607284, "Number of Output Tokens (Mean)": 450.99609375, "Number of Output Tokens (P50)": 427.94792587688335, "Number of Output Tokens (P90)": 868.7034004475807, "Number of Output Tokens (P99)": 1001.2473012529721, "Number of Total Tokens (Mean)": 2725.93359375, "Number of Total Tokens (P50)": 2268.790333412844, "Number of Total Tokens (P90)": 6020.962450373618, "Number of Total Tokens (P99)": 7413.08877623367, "Time per Output Token (Mean)": 0.03199003877557443, "Time per Output Token (P50)": 0.032096713208914295, "Time per Output Token (P90)": 0.03449290520467356, "Time per Output Token (P99)": 0.03804439203381469, "Time to First Token (Mean)": 0.22403757211145603, "Time to First Token (P50)": 0.1781728602368647, "Time to First Token (P90)": 0.4278422256586215, "Time to First Token (P99)": 0.5278196038654965, "Time Between Tokens (Mean)": 0.032212939707542826, "Time Between Tokens (P50)": 0.027570699099849907, "Time Between Tokens (P90)": 0.028753330269078968, "Time Between Tokens (P99)": 0.15274260014385724, "End to End Latency (Mean)": 14.719860440505727, "End to End Latency (P50)": 13.749471316536576, "End to End Latency (P90)": 27.85466923853611, "End to End Latency (P99)": 31.78519619708015, "Normalized End to End Latency (Mean)": 0.033122845020452485, "Normalized End to End Latency (P50)": 0.032679685249196025, "Normalized End to End Latency (P90)": 0.03554337091281865, "Normalized End to End Latency (P99)": 0.042383270695668794, "Output Throughput (Mean)": 30.45944086556634, "Output Throughput (P50)": 30.538880420353877, "Output Throughput (P90)": 33.2149696597692, "Output Throughput (P99)": 35.48111878100839, "Deadline Miss Rate with 0.03s TBT Deadline, 0.3s TTFT Deadline, 0.0s TTFT Slack, Using Predictions for TTFT: False  (Mean)": 0.08299471959139686, "Deadline Miss Rate with 0.03s TBT Deadline, 0.3s TTFT Deadline, 0.0s TTFT Slack, Using Predictions for TTFT: False  (P50)": 0.08200284528950101, "Deadline Miss Rate with 0.03s TBT Deadline, 0.3s TTFT Deadline, 0.0s TTFT Slack, Using Predictions for TTFT: False  (P90)": 0.15427768931043256, "Deadline Miss Rate with 0.03s TBT Deadline, 0.3s TTFT Deadline, 0.0s TTFT Slack, Using Predictions for TTFT: False  (P99)": 0.2306160692628779, "Min Deadline to Meet Target Deadline Miss Rate of 10.0% (Mean)": 39062500.0294502, "Min Deadline to Meet Target Deadline Miss Rate of 10.0% (P50)": 0.029451758037343144, "Min Deadline to Meet Target Deadline Miss Rate of 10.0% (P90)": 0.03203258391179361, "Min Deadline to Meet Target Deadline Miss Rate of 10.0% (P99)": 0.04113065533248235}