{"Target TBT (ms)": [1, 2, 3, 4, 5, 6, 7, 8, 9, 10, 11, 12, 13, 14, 15, 16, 17, 18, 19, 20, 21, 22, 23, 24, 25, 26, 27, 28, 29, 30, 31, 32, 33, 34, 35, 36, 37, 38, 39, 40, 41, 42, 43, 44, 45, 46, 47, 48, 49, 50, 51, 52, 53, 54, 55, 56, 57, 58, 59, 60, 61, 62, 63, 64, 65, 66, 67, 68, 69, 70, 71, 72, 73, 74, 75, 76, 77, 78, 79, 80, 81, 82, 83, 84, 85, 86, 87, 88, 89, 90, 91, 92, 93, 94, 95, 96, 97, 98, 99, 100], "Miss Rate P(99)": [0.9999680888104117, 0.9999351238276922, 0.9999024179509285, 0.9998646002452225, 0.9998309068417954, 0.9997883290241589, 0.999742486730789, 0.9997158827113193, 0.9996942871942872, 0.999593872564355, 0.9995806778633283, 0.9995689090591895, 0.9995559304608516, 0.9993213071917044, 0.999203070856051, 0.9991270023170797, 0.998992288747622, 0.9982931256418044, 0.998279181779641, 0.9982653290241493, 0.9981779190934664, 0.9977591392383615, 0.9977428007851956, 0.9977261435607029, 0.9960232389938966, 0.9900423440771439, 0.9477465153730819, 0.5547870498614956, 0.2854707579333856, 0.2528846153846153, 0.23019480519480512, 0.2111162790697674, 0.19106327462491843, 0.15961538461538446, 0.14442508710801388, 0.13460365853658512, 0.12000962772785619, 0.11809643958508542, 0.1020930232558139, 0.1020930232558139, 0.1020930232558139, 0.09676470588235288, 0.09676470588235288, 0.08678209459459445, 0.08209459459459457, 0.07879417879417876, 0.07228661749209685, 0.07228661749209685, 0.07020135335863999, 0.05976928622927163, 0.05976928622927163, 0.05976928622927163, 0.0539473684210526, 0.0539473684210526, 0.0539473684210526, 0.0539473684210526, 0.0539473684210526, 0.04118773946360136, 0.030795019157088044, 0.030795019157088044, 0.030795019157088044, 0.030795019157088044, 0.030795019157088044, 0.027364864864864856, 0.02244253599393777, 0.02244253599393777, 0.02244253599393777, 0.02244253599393777, 0.02244253599393777, 0.013388590518881778, 0.013388590518881778, 0.013388590518881778, 0.013388590518881778, 0.013388590518881778, 0.013388590518881778, 0.00922265858447878, 0.00922265858447878, 0.00922265858447878, 0.00922265858447878, 0.00922265858447878, 0.00922265858447878, 0.00922265858447878, 0.00922265858447878, 0.0067452830188678686, 0.0067452830188678686, 0.0067452830188678686, 0.0067452830188678686, 0.0067452830188678686, 0.0067452830188678686, 0.0067452830188678686, 0.0036726734803657697, 0.0036726734803657697, 0.0036726734803657697, 0.0036726734803657697, 0.0036726734803657697, 0.0036726734803657697, 0.0025522266515180287, 0.0025522266515180287, 0.0025522266515180287, 0.0025522266515180287]}