{"tpot_based_throughput": 31.259730787307983, "tbt_based_throughput": 6.543679788903721, "deadline_based_throughput": 24.909615116890922}