{"Number of Requests": 256, "Number of Errored Requests": 0, "Number of Completed Requests": 256, "Error Rate": 0.0, "Deadline Miss Rate": 0.0001380036053441896, "Number of Prompt Tokens (Mean)": 2274.9375, "Number of Prompt Tokens (P50)": 1738.8895294420502, "Number of Prompt Tokens (P90)": 5458.898826850627, "Number of Prompt Tokens (P99)": 6884.325540607284, "Number of Output Tokens (Mean)": 452.8515625, "Number of Output Tokens (P50)": 427.94792587688335, "Number of Output Tokens (P90)": 868.7034004475807, "Number of Output Tokens (P99)": 1001.2473012529721, "Number of Total Tokens (Mean)": 2727.7890625, "Number of Total Tokens (P50)": 2268.790333412844, "Number of Total Tokens (P90)": 6020.962450373618, "Number of Total Tokens (P99)": 7413.08877623367, "Time per Output Token (Mean)": 0.012526257162049572, "Time per Output Token (P50)": 0.01221608236948377, "Time per Output Token (P90)": 0.014537817659518063, "Time per Output Token (P99)": 0.016066773825145382, "Time to First Token (Mean)": 0.12676866071342374, "Time to First Token (P50)": 0.09975867412621578, "Time to First Token (P90)": 0.24832895896450582, "Time to First Token (P99)": 0.3106771870425512, "Time Between Tokens (Mean)": 0.012523532561933783, "Time Between Tokens (P50)": 0.011053568061265803, "Time Between Tokens (P90)": 0.013366523577309688, "Time Between Tokens (P99)": 0.045821515488995365, "End to End Latency (Mean)": 5.785595336891902, "End to End Latency (P50)": 5.381677136483093, "End to End Latency (P90)": 10.837369433045545, "End to End Latency (P99)": 12.794307554043687, "Normalized End to End Latency (Mean)": 0.013195630475542407, "Normalized End to End Latency (P50)": 0.01274008503346046, "Normalized End to End Latency (P90)": 0.015344442964759656, "Normalized End to End Latency (P99)": 0.018666928933571365, "Output Throughput (Mean)": 77.44722675353907, "Output Throughput (P50)": 78.33550540509405, "Output Throughput (P90)": 88.85457065633084, "Output Throughput (P99)": 92.85145984887643, "Deadline Miss Rate with 0.03s TBT Deadline, 0.3s TTFT Deadline, 0.0s TTFT Slack, Using Predictions for TTFT: False  (Mean)": 0.0001995611084026552, "Deadline Miss Rate with 0.03s TBT Deadline, 0.3s TTFT Deadline, 0.0s TTFT Slack, Using Predictions for TTFT: False  (P50)": 0, "Deadline Miss Rate with 0.03s TBT Deadline, 0.3s TTFT Deadline, 0.0s TTFT Slack, Using Predictions for TTFT: False  (P90)": 0, "Deadline Miss Rate with 0.03s TBT Deadline, 0.3s TTFT Deadline, 0.0s TTFT Slack, Using Predictions for TTFT: False  (P99)": 0.0031291232598726006, "Min Deadline to Meet Target Deadline Miss Rate of 10.0% (Mean)": 0.011360832283205714, "Min Deadline to Meet Target Deadline Miss Rate of 10.0% (P50)": 0.011550783751992826, "Min Deadline to Meet Target Deadline Miss Rate of 10.0% (P90)": 0.013554971024371348, "Min Deadline to Meet Target Deadline Miss Rate of 10.0% (P99)": 0.015252651924866805}