{"Target TBT (ms)": [1, 2, 3, 4, 5, 6, 7, 8, 9, 10, 11, 12, 13, 14, 15, 16, 17, 18, 19, 20, 21, 22, 23, 24, 25, 26, 27, 28, 29, 30, 31, 32, 33, 34, 35, 36, 37, 38, 39, 40, 41, 42, 43, 44, 45, 46, 47, 48, 49, 50, 51, 52, 53, 54, 55, 56, 57, 58, 59, 60, 61, 62, 63, 64, 65, 66, 67, 68, 69, 70, 71, 72, 73, 74, 75, 76, 77, 78, 79, 80, 81, 82, 83, 84, 85, 86, 87, 88, 89, 90, 91, 92, 93, 94, 95, 96, 97, 98, 99, 100], "Miss Rate P(99)": [0.9999114785323743, 0.9997584829263787, 0.9995467548378104, 0.9993254201832868, 0.9989774208507759, 0.9981531311154599, 0.9975406876506323, 0.9961097590025502, 0.994905431855785, 0.9931930254418813, 0.9909343930324238, 0.9840427325213873, 0.9112063282794988, 0.5042627345844503, 0.1586660175267769, 0.13552093973442286, 0.10390342960288765, 0.077368421052631, 0.06722935779816461, 0.05685685685685636, 0.04964123159303835, 0.04285958513790708, 0.030249384236453115, 0.01652243463666628, 0.015726582145506693, 0.011465740142210686, 0.010323156672040985, 0.00998379015620389, 0.008286957577018413, 0.004935747127140467, 0.004275923080219663, 0.004275923080219663, 0.004094856756147073, 0.0035826210826210773, 0.0035826210826210773, 0.0035826210826210773, 0.0035826210826210773, 0.0035826210826210773, 0.0018979443332726902, 0.0017502461235540169, 0.0017502461235540169, 0.0017502461235540169, 0.0017502461235540169, 0.0017502461235540169, 0.0009414225941422355, 0.0009414225941422355, 0.0009414225941422355, 0.0006818181818181646, 0.0004712041884816635, 0.0004712041884816635, 0.0, 0.0, 0.0, 0.0, 0.0, 0.0, 0.0, 0.0, 0.0, 0.0, 0.0, 0.0, 0.0, 0.0, 0.0, 0.0, 0.0, 0.0, 0.0, 0.0, 0.0, 0.0, 0.0, 0.0, 0.0, 0.0, 0.0, 0.0, 0.0, 0.0, 0.0, 0.0, 0.0, 0.0, 0.0, 0.0, 0.0, 0.0, 0.0, 0.0, 0.0, 0.0, 0.0, 0.0, 0.0, 0.0, 0.0, 0.0, 0.0, 0.0]}