{"tpot_based_throughput": 79.83230641549255, "tbt_based_throughput": 21.812569288392, "deadline_based_throughput": 56.02771510114317}