{"Number of Requests": 256, "Number of Errored Requests": 0, "Number of Completed Requests": 256, "Error Rate": 0.0, "Deadline Miss Rate": 0.19651311469744617, "Number of Prompt Tokens (Mean)": 6475.9375, "Number of Prompt Tokens (P50)": 7793.166095210145, "Number of Prompt Tokens (P90)": 8078.831292220465, "Number of Prompt Tokens (P99)": 8160.024923752189, "Number of Output Tokens (Mean)": 184.85546875, "Number of Output Tokens (P50)": 160.9351025012422, "Number of Output Tokens (P90)": 308.8949992819657, "Number of Output Tokens (P99)": 455.32048804743, "Number of Total Tokens (Mean)": 6660.79296875, "Number of Total Tokens (P50)": 8030.503416967201, "Number of Total Tokens (P90)": 8192.730401697612, "Number of Total Tokens (P99)": 8192.730401697612, "Time per Output Token (Mean)": 0.02934819341056732, "Time per Output Token (P50)": 0.025758213814027427, "Time per Output Token (P90)": 0.0459132502547391, "Time per Output Token (P99)": 0.06285018362356636, "Time to First Token (Mean)": 0.5570155614806254, "Time to First Token (P50)": 0.5142731565725064, "Time to First Token (P90)": 0.8878073216415597, "Time to First Token (P99)": 1.463747059431719, "Time Between Tokens (Mean)": 0.028695036235854555, "Time Between Tokens (P50)": 0.01668905999516812, "Time Between Tokens (P90)": 0.020100676609200927, "Time Between Tokens (P99)": 0.4364852148468585, "End to End Latency (Mean)": 5.8327548994219, "End to End Latency (P50)": 5.479424444127094, "End to End Latency (P90)": 9.669728730021793, "End to End Latency (P99)": 14.111645554323536, "Normalized End to End Latency (Mean)": 0.03341254716382066, "Normalized End to End Latency (P50)": 0.02956980103744972, "Normalized End to End Latency (P90)": 0.05166361651498372, "Normalized End to End Latency (P99)": 0.07015828427577232, "Output Throughput (Mean)": 33.63782355742093, "Output Throughput (P50)": 33.75068363618836, "Output Throughput (P90)": 45.64987065666941, "Output Throughput (P99)": 58.61559907630741, "Deadline Miss Rate with 0.03s TBT Deadline, 0.3s TTFT Deadline, 0.0s TTFT Slack, Using Predictions for TTFT: False  (Mean)": 0.18680725085578354, "Deadline Miss Rate with 0.03s TBT Deadline, 0.3s TTFT Deadline, 0.0s TTFT Slack, Using Predictions for TTFT: False  (P50)": 0.13903895161423085, "Deadline Miss Rate with 0.03s TBT Deadline, 0.3s TTFT Deadline, 0.0s TTFT Slack, Using Predictions for TTFT: False  (P90)": 0.45611935437441303, "Deadline Miss Rate with 0.03s TBT Deadline, 0.3s TTFT Deadline, 0.0s TTFT Slack, Using Predictions for TTFT: False  (P99)": 0.6319148322587597, "Min Deadline to Meet Target Deadline Miss Rate of 10.0% (Mean)": 0.056713442839144104, "Min Deadline to Meet Target Deadline Miss Rate of 10.0% (P50)": 0.03568582917052709, "Min Deadline to Meet Target Deadline Miss Rate of 10.0% (P90)": 0.10871763748265317, "Min Deadline to Meet Target Deadline Miss Rate of 10.0% (P99)": 0.27554593538799327}