{"Target TBT (ms)": [1, 2, 3, 4, 5, 6, 7, 8, 9, 10, 11, 12, 13, 14, 15, 16, 17, 18, 19, 20, 21, 22, 23, 24, 25, 26, 27, 28, 29, 30, 31, 32, 33, 34, 35, 36, 37, 38, 39, 40, 41, 42, 43, 44, 45, 46, 47, 48, 49, 50, 51, 52, 53, 54, 55, 56, 57, 58, 59, 60, 61, 62, 63, 64, 65, 66, 67, 68, 69, 70, 71, 72, 73, 74, 75, 76, 77, 78, 79, 80, 81, 82, 83, 84, 85, 86, 87, 88, 89, 90, 91, 92, 93, 94, 95, 96, 97, 98, 99, 100], "Miss Rate P(99)": [0.9999118106746263, 0.9997322866629927, 0.9993977279387902, 0.9992109894790437, 0.9989876894646269, 0.9985238338104953, 0.9983340798248234, 0.9980590292516726, 0.9977330026024723, 0.9973664465786315, 0.9969591707330521, 0.9967344315099458, 0.9965349565825885, 0.9957734048117155, 0.9955929316585054, 0.9954507100226384, 0.9928912539227724, 0.9839431466366452, 0.9710432525951557, 0.8647568839316832, 0.7379674485806559, 0.6908839840038885, 0.6746040723981901, 0.6594358974358975, 0.6509066731141199, 0.637432216905901, 0.6270161290322579, 0.6163636363636362, 0.6085353043656486, 0.5961206896551724, 0.5858818770226537, 0.5766171171171172, 0.5663432267884323, 0.5544790652385588, 0.5439252985281865, 0.5329845601087588, 0.5243396226415092, 0.5163414634146338, 0.5065238030652377, 0.4955603184323329, 0.48730769230769205, 0.48434959349593465, 0.4764759725400454, 0.46471703980099477, 0.4573551975450707, 0.45312187812187776, 0.44602564102564074, 0.43687568231441015, 0.4326673119469022, 0.42979910714285663, 0.41329649135820756, 0.40447247706421996, 0.40293778801843294, 0.3998255813953485, 0.3950471698113203, 0.3889750180737405, 0.3856824264049951, 0.3760210913960491, 0.3695378690629008, 0.3660487425460198, 0.3593440594059403, 0.3506363636363634, 0.3488122430333483, 0.3451084448546374, 0.3379251700680269, 0.33410652920962164, 0.33216753022452467, 0.3218406053459116, 0.31984589548552755, 0.31783018867924484, 0.3080196399345332, 0.3059389140271489, 0.30383581472291105, 0.29577106518282953, 0.29362212276214794, 0.2914496946319507, 0.27664835164835144, 0.27442778216258856, 0.2721825396825394, 0.26991221069433324, 0.2676163723916529, 0.26529459241323605, 0.2629464285714281, 0.26057142857142807, 0.25816912972085326, 0.24898545625146576, 0.24672765657987294, 0.2398399014778323, 0.2305666736886454, 0.22916020853881913, 0.22916020853881913, 0.2160760869565217, 0.2160760869565217, 0.21594689232564923, 0.21594689232564923, 0.21594689232564923, 0.21007098491570525, 0.21007098491570525, 0.21007098491570525, 0.21007098491570525]}