{"tpot_based_throughput": 34.073647601079706, "tbt_based_throughput": 2.292828703325917, "deadline_based_throughput": 5.043644650166463}