{"Number of Requests": 256, "Number of Errored Requests": 0, "Number of Completed Requests": 256, "Error Rate": 0.0, "Deadline Miss Rate": 0.07656152889993785, "Number of Prompt Tokens (Mean)": 6475.9375, "Number of Prompt Tokens (P50)": 7793.166095210145, "Number of Prompt Tokens (P90)": 8078.831292220465, "Number of Prompt Tokens (P99)": 8160.024923752189, "Number of Output Tokens (Mean)": 185.8359375, "Number of Output Tokens (P50)": 163.8581639514108, "Number of Output Tokens (P90)": 320.858887498374, "Number of Output Tokens (P99)": 451.69245441772284, "Number of Total Tokens (Mean)": 6661.7734375, "Number of Total Tokens (P50)": 8046.580500885054, "Number of Total Tokens (P90)": 8209.132264363674, "Number of Total Tokens (P99)": 8225.56696359163, "Time per Output Token (Mean)": 0.02087391369725916, "Time per Output Token (P50)": 0.018224255817118045, "Time per Output Token (P90)": 0.029451758037343144, "Time per Output Token (P99)": 0.04684075974714052, "Time to First Token (Mean)": 0.391436898687175, "Time to First Token (P50)": 0.39732495459853007, "Time to First Token (P90)": 0.607137089182762, "Time to First Token (P99)": 0.795328075130646, "Time Between Tokens (Mean)": 0.019634340595872973, "Time Between Tokens (P50)": 0.01385648497995479, "Time Between Tokens (P90)": 0.01635859435694328, "Time Between Tokens (P99)": 0.32465218328741086, "End to End Latency (Mean)": 4.052474453387958, "End to End Latency (P50)": 3.724750755558294, "End to End Latency (P90)": 7.063920095063338, "End to End Latency (P99)": 9.825688795074296, "Normalized End to End Latency (Mean)": 0.024413881725392526, "Normalized End to End Latency (P50)": 0.02092100106236009, "Normalized End to End Latency (P90)": 0.034355209113732854, "Normalized End to End Latency (P99)": 0.05686919597739268, "Output Throughput (Mean)": 47.61084618088357, "Output Throughput (P50)": 47.703310038808226, "Output Throughput (P90)": 64.0075398344503, "Output Throughput (P99)": 80.23830037541312, "Deadline Miss Rate with 0.03s TBT Deadline, 0.3s TTFT Deadline, 0.0s TTFT Slack, Using Predictions for TTFT: False  (Mean)": 0.08766578451231251, "Deadline Miss Rate with 0.03s TBT Deadline, 0.3s TTFT Deadline, 0.0s TTFT Slack, Using Predictions for TTFT: False  (P50)": 0.044467284602046214, "Deadline Miss Rate with 0.03s TBT Deadline, 0.3s TTFT Deadline, 0.0s TTFT Slack, Using Predictions for TTFT: False  (P90)": 0.21331165471135655, "Deadline Miss Rate with 0.03s TBT Deadline, 0.3s TTFT Deadline, 0.0s TTFT Slack, Using Predictions for TTFT: False  (P99)": 0.508138756660952, "Min Deadline to Meet Target Deadline Miss Rate of 10.0% (Mean)": 78125000.02988231, "Min Deadline to Meet Target Deadline Miss Rate of 10.0% (P50)": 0.021215955035797776, "Min Deadline to Meet Target Deadline Miss Rate of 10.0% (P90)": 0.055298944081633106, "Min Deadline to Meet Target Deadline Miss Rate of 10.0% (P99)": 0.17084456900746897}