{"Target TBT (ms)": [1, 2, 3, 4, 5, 6, 7, 8, 9, 10, 11, 12, 13, 14, 15, 16, 17, 18, 19, 20, 21, 22, 23, 24, 25, 26, 27, 28, 29, 30, 31, 32, 33, 34, 35, 36, 37, 38, 39, 40, 41, 42, 43, 44, 45, 46, 47, 48, 49, 50, 51, 52, 53, 54, 55, 56, 57, 58, 59, 60, 61, 62, 63, 64, 65, 66, 67, 68, 69, 70, 71, 72, 73, 74, 75, 76, 77, 78, 79, 80, 81, 82, 83, 84, 85, 86, 87, 88, 89, 90, 91, 92, 93, 94, 95, 96, 97, 98, 99, 100], "Miss Rate P(99)": [0.9995996217247576, 0.9987130597686436, 0.998037138596238, 0.9971088351835478, 0.9955173858399665, 0.9942785180370491, 0.9917905978640583, 0.9902136194326828, 0.9877400422996874, 0.986785294117647, 0.9859857914870362, 0.9836649423000398, 0.9813046735295539, 0.9686805575188713, 0.9327862466124656, 0.8542336670711973, 0.7191718995290413, 0.6613265306122447, 0.6421831581490877, 0.6209153084336279, 0.6022222222222222, 0.5833618807408523, 0.5701263212684176, 0.5495922301304862, 0.5365384615384613, 0.5257464048470688, 0.5112433939253147, 0.5003256011487043, 0.48441577667336316, 0.47360119047619, 0.4648646801530886, 0.45048106914919084, 0.44236787462302807, 0.4309745762711858, 0.41932535859558917, 0.4086709211986675, 0.39649725274725195, 0.38502673796791365, 0.3772005554213949, 0.3650276052449956, 0.356003870343492, 0.3508589511754059, 0.34064091680814845, 0.3337359307359297, 0.3282207505518755, 0.32296849829962315, 0.3191683294032278, 0.30986860497623614, 0.30787671232876623, 0.30585734529995195, 0.29826388888888805, 0.2940825508607191, 0.2862451303566069, 0.28407947686116625, 0.2818826628837768, 0.27378881987577564, 0.26923319327731027, 0.26923319327731027, 0.26101190476190406, 0.2585063811377886, 0.25367259552042104, 0.24745989304812765, 0.24498765154916868, 0.2424773755656103, 0.2424773755656103, 0.2309409981343278, 0.2309409981343278, 0.2309409981343278, 0.22563965884861364, 0.22563965884861364, 0.22003105590062055, 0.21357526881720387, 0.21357526881720387, 0.2107723577235769, 0.20792349726775927, 0.20112862547288735, 0.20112862547288735, 0.20112862547288735, 0.19528846153846127, 0.19229476405946977, 0.18594861021331577, 0.18173076923076903, 0.18173076923076903, 0.18173076923076903, 0.1810697115384613, 0.17241586538461537, 0.17241586538461537, 0.1603535353535353, 0.1603535353535353, 0.15770308123249296, 0.15770308123249296, 0.15770308123249296, 0.15770308123249296, 0.15465225563909765, 0.15465225563909765, 0.1479308149405772, 0.14540162358470413, 0.14540162358470413, 0.14540162358470413, 0.14432810550703973]}