{"tpot_based_throughput": 47.90668460660083, "tbt_based_throughput": 3.077321322999983, "deadline_based_throughput": 6.972059969118656}