{"Number of Requests": 512, "Number of Errored Requests": 0, "Number of Completed Requests": 512, "Error Rate": 0.0, "Deadline Miss Rate": 0.00017012056175600234, "Number of Prompt Tokens (Mean)": 2234.875, "Number of Prompt Tokens (P50)": 1657.3943359881944, "Number of Prompt Tokens (P90)": 5458.898826850627, "Number of Prompt Tokens (P99)": 7079.810742190998, "Number of Output Tokens (Mean)": 436.2109375, "Number of Output Tokens (P50)": 407.89162073672736, "Number of Output Tokens (P90)": 843.0293265124575, "Number of Output Tokens (P99)": 991.2847208430245, "Number of Total Tokens (Mean)": 2671.0859375, "Number of Total Tokens (P50)": 2111.1794506901215, "Number of Total Tokens (P90)": 5984.944824595679, "Number of Total Tokens (P99)": 7746.547080001839, "Time per Output Token (Mean)": 0.012769678926434278, "Time per Output Token (P50)": 0.012842414520027386, "Time per Output Token (P90)": 0.01405184013005181, "Time per Output Token (P99)": 0.015591928741227034, "Time to First Token (Mean)": 0.12147948725942115, "Time to First Token (P50)": 0.08918866640868042, "Time to First Token (P90)": 0.2334001340017798, "Time to First Token (P99)": 0.29083449722346955, "Time Between Tokens (Mean)": 0.012863820013540483, "Time Between Tokens (P50)": 0.011878776273103181, "Time Between Tokens (P90)": 0.012613319027283364, "Time Between Tokens (P99)": 0.05563173523213165, "End to End Latency (Mean)": 5.7199797798321015, "End to End Latency (P50)": 5.370924534811798, "End to End Latency (P90)": 10.924416140104958, "End to End Latency (P99)": 13.289847027776641, "Normalized End to End Latency (Mean)": 0.013419563344770399, "Normalized End to End Latency (P50)": 0.01328656452622316, "Normalized End to End Latency (P90)": 0.014713322452639456, "Normalized End to End Latency (P99)": 0.020384065268137352, "Output Throughput (Mean)": 75.5464145947619, "Output Throughput (P50)": 75.26392530035449, "Output Throughput (P90)": 85.54144394465554, "Output Throughput (P99)": 92.29601889382377, "Deadline Miss Rate with 0.03s TBT Deadline, 0.3s TTFT Deadline, 0.0s TTFT Slack, Using Predictions for TTFT: False  (Mean)": 0.000141051149423602, "Deadline Miss Rate with 0.03s TBT Deadline, 0.3s TTFT Deadline, 0.0s TTFT Slack, Using Predictions for TTFT: False  (P50)": 0, "Deadline Miss Rate with 0.03s TBT Deadline, 0.3s TTFT Deadline, 0.0s TTFT Slack, Using Predictions for TTFT: False  (P90)": 0, "Deadline Miss Rate with 0.03s TBT Deadline, 0.3s TTFT Deadline, 0.0s TTFT Slack, Using Predictions for TTFT: False  (P99)": 0.0020891404678420366, "Min Deadline to Meet Target Deadline Miss Rate of 10.0% (Mean)": 0.011393028750919845, "Min Deadline to Meet Target Deadline Miss Rate of 10.0% (P50)": 0.012118743552489568, "Min Deadline to Meet Target Deadline Miss Rate of 10.0% (P90)": 0.01268922646132945, "Min Deadline to Meet Target Deadline Miss Rate of 10.0% (P99)": 0.013828799695279554}