{"Target TBT (ms)": [1, 2, 3, 4, 5, 6, 7, 8, 9, 10, 11, 12, 13, 14, 15, 16, 17, 18, 19, 20, 21, 22, 23, 24, 25, 26, 27, 28, 29, 30, 31, 32, 33, 34, 35, 36, 37, 38, 39, 40, 41, 42, 43, 44, 45, 46, 47, 48, 49, 50, 51, 52, 53, 54, 55, 56, 57, 58, 59, 60, 61, 62, 63, 64, 65, 66, 67, 68, 69, 70, 71, 72, 73, 74, 75, 76, 77, 78, 79, 80, 81, 82, 83, 84, 85, 86, 87, 88, 89, 90, 91, 92, 93, 94, 95, 96, 97, 98, 99, 100], "Miss Rate P(99)": [0.9999151682243071, 0.9998179667014143, 0.9996900539164387, 0.9995095376628764, 0.9993394811598241, 0.9990557592531117, 0.9978721160307623, 0.9969474268547545, 0.9951989570938615, 0.9932741574655409, 0.9849875156935491, 0.9463158091150814, 0.20794678714859433, 0.1731159420289854, 0.11472222222222217, 0.10988888888888873, 0.09352748154224765, 0.09234936092513671, 0.06651434223541046, 0.05326723708633247, 0.045825688073394495, 0.040094310161763735, 0.03618584320360957, 0.032612017420831016, 0.027160854893138183, 0.027160854893138183, 0.01560995093004677, 0.014308807134894068, 0.008043561087122172, 0.008043561087122172, 0.006471044678591846, 0.005840684721986179, 0.005167204621615503, 0.005060501365900686, 0.005060501365900686, 0.005060501365900686, 0.005060501365900686, 0.004899122515455668, 0.003246025955877063, 0.003246025955877063, 0.003246025955877063, 0.00309552909310122, 0.0025599684549497182, 0.0025599684549497182, 0.0025599684549497182, 0.0025063403567721367, 0.0017072921029363804, 0.0015518917537221146, 0.0012955545988584405, 0.0012955545988584405, 0.0012955545988584405, 0.0, 0.0, 0.0, 0.0, 0.0, 0.0, 0.0, 0.0, 0.0, 0.0, 0.0, 0.0, 0.0, 0.0, 0.0, 0.0, 0.0, 0.0, 0.0, 0.0, 0.0, 0.0, 0.0, 0.0, 0.0, 0.0, 0.0, 0.0, 0.0, 0.0, 0.0, 0.0, 0.0, 0.0, 0.0, 0.0, 0.0, 0.0, 0.0, 0.0, 0.0, 0.0, 0.0, 0.0, 0.0, 0.0, 0.0, 0.0, 0.0]}