{"tpot_based_throughput": 78.31050457579768, "tbt_based_throughput": 17.97415983435038, "deadline_based_throughput": 59.314675802257135}