{"Number of Requests": 512, "Number of Errored Requests": 0, "Number of Completed Requests": 512, "Error Rate": 0.0, "Deadline Miss Rate": 0.013092740243390685, "Number of Prompt Tokens (Mean)": 6537.701171875, "Number of Prompt Tokens (P50)": 7840.065665426578, "Number of Prompt Tokens (P90)": 8095.005128641327, "Number of Prompt Tokens (P99)": 8160.024923752189, "Number of Output Tokens (Mean)": 184.283203125, "Number of Output Tokens (P50)": 170.88677687557998, "Number of Output Tokens (P90)": 308.2778264562278, "Number of Output Tokens (P99)": 434.8501656627444, "Number of Total Tokens (Mean)": 6721.984375, "Number of Total Tokens (P50)": 8078.831292220465, "Number of Total Tokens (P90)": 8192.730401697612, "Number of Total Tokens (P99)": 8192.730401697612, "Time per Output Token (Mean)": 0.014303010472291284, "Time per Output Token (P50)": 0.013691200793624706, "Time per Output Token (P90)": 0.017970893823414057, "Time per Output Token (P99)": 0.02489715520083118, "Time to First Token (Mean)": 0.25550842509437643, "Time to First Token (P50)": 0.27887240663136104, "Time to First Token (P90)": 0.34472756002487076, "Time to First Token (P99)": 0.4882143445143063, "Time Between Tokens (Mean)": 0.014193394946884206, "Time Between Tokens (P50)": 0.011322062833876125, "Time Between Tokens (P90)": 0.01169022819683742, "Time Between Tokens (P99)": 0.18213610027412055, "End to End Latency (Mean)": 2.856919314177503, "End to End Latency (P50)": 2.6300420175933152, "End to End Latency (P90)": 4.716184089469276, "End to End Latency (P99)": 6.612753478397911, "Normalized End to End Latency (Mean)": 0.016204599080494538, "Normalized End to End Latency (P50)": 0.01519176315559465, "Normalized End to End Latency (P90)": 0.020424874207613106, "Normalized End to End Latency (P99)": 0.03028806114691645, "Output Throughput (Mean)": 64.9151815514437, "Output Throughput (P50)": 65.82507835054889, "Output Throughput (P90)": 79.91798811873706, "Output Throughput (P99)": 100.98793339163191, "Deadline Miss Rate with 0.03s TBT Deadline, 0.3s TTFT Deadline, 0.0s TTFT Slack, Using Predictions for TTFT: False  (Mean)": 0.01723087214262717, "Deadline Miss Rate with 0.03s TBT Deadline, 0.3s TTFT Deadline, 0.0s TTFT Slack, Using Predictions for TTFT: False  (P50)": 0, "Deadline Miss Rate with 0.03s TBT Deadline, 0.3s TTFT Deadline, 0.0s TTFT Slack, Using Predictions for TTFT: False  (P90)": 0.05084357619408898, "Deadline Miss Rate with 0.03s TBT Deadline, 0.3s TTFT Deadline, 0.0s TTFT Slack, Using Predictions for TTFT: False  (P99)": 0.21718603056266375, "Min Deadline to Meet Target Deadline Miss Rate of 10.0% (Mean)": 0.015536381078820986, "Min Deadline to Meet Target Deadline Miss Rate of 10.0% (P50)": 0.01268922646132945, "Min Deadline to Meet Target Deadline Miss Rate of 10.0% (P90)": 0.021215955035797776, "Min Deadline to Meet Target Deadline Miss Rate of 10.0% (P99)": 0.04455630819484311}