{"Target TBT (ms)": [1, 2, 3, 4, 5, 6, 7, 8, 9, 10, 11, 12, 13, 14, 15, 16, 17, 18, 19, 20, 21, 22, 23, 24, 25, 26, 27, 28, 29, 30, 31, 32, 33, 34, 35, 36, 37, 38, 39, 40, 41, 42, 43, 44, 45, 46, 47, 48, 49, 50, 51, 52, 53, 54, 55, 56, 57, 58, 59, 60, 61, 62, 63, 64, 65, 66, 67, 68, 69, 70, 71, 72, 73, 74, 75, 76, 77, 78, 79, 80, 81, 82, 83, 84, 85, 86, 87, 88, 89, 90, 91, 92, 93, 94, 95, 96, 97, 98, 99, 100], "Miss Rate P(99)": [0.9996965720878119, 0.9991978360655738, 0.9986307359901229, 0.9979234014479418, 0.9977728285077951, 0.9948971271195594, 0.9943109979101358, 0.9941482628138975, 0.9932911454500858, 0.9919282717020719, 0.9734757709251102, 0.5678524980174463, 0.5330023878346108, 0.5026666666666664, 0.48018964003511827, 0.45982363977485885, 0.436176220500232, 0.40347662657189676, 0.3680858529301976, 0.34072801251956164, 0.3141483188257381, 0.3009459119496854, 0.27445071179156594, 0.2593661016949152, 0.24320508531281343, 0.2198742720621172, 0.21185521415270014, 0.2082818352059925, 0.1980524661508703, 0.19397811550151972, 0.18792353823088434, 0.17953741152679464, 0.17953741152679464, 0.16893464052287563, 0.16893464052287563, 0.15494444444444436, 0.15494444444444436, 0.1484999999999998, 0.1484999999999998, 0.1484999999999998, 0.14445454545454534, 0.13562289562289553, 0.11522170542635646, 0.11248805031446532, 0.10651228070175438, 0.10651228070175438, 0.10651228070175438, 0.10408961593172104, 0.09516731016731016, 0.09516731016731016, 0.09380300065231553, 0.09380300065231553, 0.09380300065231553, 0.08006892392521728, 0.07811823899371045, 0.07811823899371045, 0.07204019021322275, 0.060755618703177416, 0.060755618703177416, 0.060755618703177416, 0.060755618703177416, 0.060755618703177416, 0.05680731364275666, 0.056251956181533634, 0.05504953998584565, 0.05504953998584565, 0.05504953998584565, 0.05085031847133757, 0.05085031847133757, 0.05085031847133757, 0.04891767068273079, 0.04000103640367921, 0.03868238213399504, 0.038443548387096745, 0.038443548387096745, 0.038443548387096745, 0.038443548387096745, 0.038443548387096745, 0.038443548387096745, 0.038443548387096745, 0.03801436593966297, 0.03196876807403118, 0.03196876807403118, 0.03196876807403118, 0.0281457160725453, 0.0281457160725453, 0.0281457160725453, 0.0281457160725453, 0.0281457160725453, 0.0281457160725453, 0.0281457160725453, 0.0281457160725453, 0.0281457160725453, 0.0281457160725453, 0.0281457160725453, 0.025937395937395934, 0.025937395937395934, 0.025050242550242477, 0.025050242550242477, 0.025050242550242477]}