{"tpot_based_throughput": 69.91535117290621, "tbt_based_throughput": 5.491281036373732, "deadline_based_throughput": 20.78003497205096}