{"Number of Requests": 512, "Number of Errored Requests": 0, "Number of Completed Requests": 512, "Error Rate": 0.0, "Deadline Miss Rate": 7.13349443141591e-05, "Number of Prompt Tokens (Mean)": 683.056640625, "Number of Prompt Tokens (P50)": 436.5930503518891, "Number of Prompt Tokens (P90)": 1644.1880723859645, "Number of Prompt Tokens (P99)": 4670.4108177561075, "Number of Output Tokens (Mean)": 219.02734375, "Number of Output Tokens (P50)": 159.97238261315115, "Number of Output Tokens (P90)": 512.3467181125903, "Number of Output Tokens (P99)": 722.7054174123614, "Number of Total Tokens (Mean)": 902.083984375, "Number of Total Tokens (P50)": 650.0190427513235, "Number of Total Tokens (P90)": 2016.264934207726, "Number of Total Tokens (P99)": 5255.352477057046, "Time per Output Token (Mean)": 0.008777362875490354, "Time per Output Token (P50)": 0.00880001302251463, "Time per Output Token (P90)": 0.010142689996659517, "Time per Output Token (P99)": 0.011481686525419796, "Time to First Token (Mean)": 0.05694342051174317, "Time to First Token (P50)": 0.0474062351191396, "Time to First Token (P90)": 0.0731676883341777, "Time to First Token (P99)": 0.20412942915725663, "Time Between Tokens (Mean)": 0.009141639430201194, "Time Between Tokens (P50)": 0.00869504390558313, "Time Between Tokens (P90)": 0.010493471060285281, "Time Between Tokens (P99)": 0.030838182671449714, "End to End Latency (Mean)": 2.050070782998773, "End to End Latency (P50)": 1.4843836441725837, "End to End Latency (P90)": 4.522206339697921, "End to End Latency (P99)": 6.868873660343622, "Normalized End to End Latency (Mean)": 0.01020325357868889, "Normalized End to End Latency (P50)": 0.00932550594269779, "Normalized End to End Latency (P90)": 0.01171363205709135, "Normalized End to End Latency (P99)": 0.023968813199611645, "Output Throughput (Mean)": 102.83501903413857, "Output Throughput (P50)": 107.23268057997814, "Output Throughput (P90)": 116.16377920211256, "Output Throughput (P99)": 122.60908248293711, "Deadline Miss Rate with 0.03s TBT Deadline, 0.3s TTFT Deadline, 0.0s TTFT Slack, Using Predictions for TTFT: False  (Mean)": 0.0005545054081591536, "Deadline Miss Rate with 0.03s TBT Deadline, 0.3s TTFT Deadline, 0.0s TTFT Slack, Using Predictions for TTFT: False  (P50)": 0, "Deadline Miss Rate with 0.03s TBT Deadline, 0.3s TTFT Deadline, 0.0s TTFT Slack, Using Predictions for TTFT: False  (P90)": 0, "Deadline Miss Rate with 0.03s TBT Deadline, 0.3s TTFT Deadline, 0.0s TTFT Slack, Using Predictions for TTFT: False  (P99)": 0, "Min Deadline to Meet Target Deadline Miss Rate of 10.0% (Mean)": 0.0061971849956740325, "Min Deadline to Meet Target Deadline Miss Rate of 10.0% (P50)": 0.007574241022410438, "Min Deadline to Meet Target Deadline Miss Rate of 10.0% (P90)": 0.008712451400889604, "Min Deadline to Meet Target Deadline Miss Rate of 10.0% (P99)": 0.011276865023359462}