{"tpot_based_throughput": 113.92943577533646, "tbt_based_throughput": 32.4205458353096, "deadline_based_throughput": 86.55834682202273}