{"Number of Requests": 256, "Number of Errored Requests": 0, "Number of Completed Requests": 256, "Error Rate": 0.0, "Deadline Miss Rate": 0.052199247359689234, "Number of Prompt Tokens (Mean)": 6475.9375, "Number of Prompt Tokens (P50)": 7793.166095210145, "Number of Prompt Tokens (P90)": 8078.831292220465, "Number of Prompt Tokens (P99)": 8160.024923752189, "Number of Output Tokens (Mean)": 184.37109375, "Number of Output Tokens (P50)": 159.01542175195067, "Number of Output Tokens (P90)": 308.8949992819657, "Number of Output Tokens (P99)": 455.32048804743, "Number of Total Tokens (Mean)": 6660.30859375, "Number of Total Tokens (P50)": 8030.503416967201, "Number of Total Tokens (P90)": 8192.730401697612, "Number of Total Tokens (P99)": 8192.730401697612, "Time per Output Token (Mean)": 0.017228696102414422, "Time per Output Token (P50)": 0.015591928741227034, "Time per Output Token (P90)": 0.024698772482012597, "Time per Output Token (P99)": 0.034355209113732854, "Time to First Token (Mean)": 0.34165652587148543, "Time to First Token (P50)": 0.34888921210514684, "Time to First Token (P90)": 0.5153027324615405, "Time to First Token (P99)": 0.6872888492350837, "Time Between Tokens (Mean)": 0.017126961005843568, "Time Between Tokens (P50)": 0.012191674612501781, "Time Between Tokens (P90)": 0.014950629081493246, "Time Between Tokens (P99)": 0.2503235590636258, "End to End Latency (Mean)": 3.4823799025094786, "End to End Latency (P50)": 3.049567787821376, "End to End Latency (P90)": 5.971511605862952, "End to End Latency (P99)": 9.16141129508, "Normalized End to End Latency (Mean)": 0.019758617014831996, "Normalized End to End Latency (P50)": 0.018042921381796924, "Normalized End to End Latency (P90)": 0.028071465225079487, "Normalized End to End Latency (P99)": 0.041627196651416044, "Output Throughput (Mean)": 55.4653427906609, "Output Throughput (P50)": 54.98172381112103, "Output Throughput (P90)": 73.77359923544194, "Output Throughput (P99)": 89.92724906007459, "Deadline Miss Rate with 0.03s TBT Deadline, 0.3s TTFT Deadline, 0.0s TTFT Slack, Using Predictions for TTFT: False  (Mean)": 0.058622989634937436, "Deadline Miss Rate with 0.03s TBT Deadline, 0.3s TTFT Deadline, 0.0s TTFT Slack, Using Predictions for TTFT: False  (P50)": 0.024404158334272612, "Deadline Miss Rate with 0.03s TBT Deadline, 0.3s TTFT Deadline, 0.0s TTFT Slack, Using Predictions for TTFT: False  (P90)": 0.15304839113513624, "Deadline Miss Rate with 0.03s TBT Deadline, 0.3s TTFT Deadline, 0.0s TTFT Slack, Using Predictions for TTFT: False  (P99)": 0.4176962475999589, "Min Deadline to Meet Target Deadline Miss Rate of 10.0% (Mean)": 0.024381527916009768, "Min Deadline to Meet Target Deadline Miss Rate of 10.0% (P50)": 0.017231746775903854, "Min Deadline to Meet Target Deadline Miss Rate of 10.0% (P90)": 0.04221407617112971, "Min Deadline to Meet Target Deadline Miss Rate of 10.0% (P99)": 0.11225286503361988}