{"Target TBT (ms)": [1, 2, 3, 4, 5, 6, 7, 8, 9, 10, 11, 12, 13, 14, 15, 16, 17, 18, 19, 20, 21, 22, 23, 24, 25, 26, 27, 28, 29, 30, 31, 32, 33, 34, 35, 36, 37, 38, 39, 40, 41, 42, 43, 44, 45, 46, 47, 48, 49, 50, 51, 52, 53, 54, 55, 56, 57, 58, 59, 60, 61, 62, 63, 64, 65, 66, 67, 68, 69, 70, 71, 72, 73, 74, 75, 76, 77, 78, 79, 80, 81, 82, 83, 84, 85, 86, 87, 88, 89, 90, 91, 92, 93, 94, 95, 96, 97, 98, 99, 100], "Miss Rate P(99)": [0.99983067101113, 0.9993483150836092, 0.9989750852171029, 0.9984865530911818, 0.997887834908369, 0.9970010429591267, 0.9958425902006373, 0.9952796591653922, 0.9951938775510204, 0.9950664511494253, 0.9937658495350803, 0.9919166127989658, 0.9814080306741931, 0.9769643792561551, 0.9476731570833093, 0.8412326961107446, 0.6196007000976879, 0.5411330049261082, 0.5212941176470588, 0.5012240836727136, 0.48529252437703124, 0.4628472767226495, 0.4482182198722184, 0.43163531870428407, 0.4190430042398544, 0.4085937499999997, 0.3939904368615516, 0.3810559006211179, 0.368703007518797, 0.36065060240963853, 0.3523895847066579, 0.33888888888888874, 0.3352083333333333, 0.33101265822784803, 0.31708791208791204, 0.31708791208791204, 0.30765104460756626, 0.30340389016018304, 0.29794891640866866, 0.2879701492537312, 0.28367285195643405, 0.28367285195643405, 0.27328767123287667, 0.26713382507903044, 0.2625961538461538, 0.2587179487179487, 0.2515845070422535, 0.2464130434782608, 0.24276315789473668, 0.2336915297092287, 0.2221428571428568, 0.20757620597809967, 0.20346475507765782, 0.20346475507765782, 0.19500912964090014, 0.1898897058823523, 0.18374468085106324, 0.18374468085106324, 0.1753448275862064, 0.1726589595375717, 0.1726589595375717, 0.1726589595375717, 0.16582934609250333, 0.1554959382208398, 0.15264830508474506, 0.1487499999999994, 0.1487499999999994, 0.1487499999999994, 0.14295180722891493, 0.14053801412546674, 0.13758620689655102, 0.13758620689655102, 0.1310526315789468, 0.1310526315789468, 0.1310526315789468, 0.1250403616402964, 0.1250403616402964, 0.1236004022795836, 0.1236004022795836, 0.1236004022795836, 0.12197855750487255, 0.11371662360034399, 0.11371662360034399, 0.11214967203339239, 0.11214967203339239, 0.10891972993248249, 0.10891972993248249, 0.1034017595307913, 0.1034017595307913, 0.09970046082949269, 0.09642857142857096, 0.09642857142857096, 0.09642857142857096, 0.09642857142857096, 0.09642857142857096, 0.09642857142857096, 0.09642857142857096, 0.09311391223155875, 0.09311391223155875, 0.09311391223155875]}