{"tpot_based_throughput": 58.042697721034145, "tbt_based_throughput": 3.9890901441501736, "deadline_based_throughput": 10.984881242391968}