{"Number of Requests": 512, "Number of Errored Requests": 0, "Number of Completed Requests": 512, "Error Rate": 0.0, "Deadline Miss Rate": 0.00010706160503189543, "Number of Prompt Tokens (Mean)": 683.056640625, "Number of Prompt Tokens (P50)": 436.5930503518891, "Number of Prompt Tokens (P90)": 1644.1880723859645, "Number of Prompt Tokens (P99)": 4670.4108177561075, "Number of Output Tokens (Mean)": 218.896484375, "Number of Output Tokens (P50)": 159.97238261315115, "Number of Output Tokens (P90)": 512.3467181125903, "Number of Output Tokens (P99)": 722.7054174123614, "Number of Total Tokens (Mean)": 901.953125, "Number of Total Tokens (P50)": 650.0190427513235, "Number of Total Tokens (P90)": 2016.264934207726, "Number of Total Tokens (P99)": 5255.352477057046, "Time per Output Token (Mean)": 0.005312774435432001, "Time per Output Token (P50)": 0.005380347898943793, "Time per Output Token (P90)": 0.005934323697326441, "Time per Output Token (P99)": 0.0064285762881395835, "Time to First Token (Mean)": 0.050752264591210405, "Time to First Token (P50)": 0.04384907994148639, "Time to First Token (P90)": 0.062224813640200376, "Time to First Token (P99)": 0.18581549480567608, "Time Between Tokens (Mean)": 0.005524132759400004, "Time Between Tokens (P50)": 0.005316169543037792, "Time Between Tokens (P90)": 0.005678874463792414, "Time Between Tokens (P99)": 0.0075289316252923465, "End to End Latency (Mean)": 1.254441372085239, "End to End Latency (P50)": 0.9258893668969445, "End to End Latency (P90)": 2.7926747890840047, "End to End Latency (P99)": 4.258853459100224, "Normalized End to End Latency (Mean)": 0.006530022634922138, "Normalized End to End Latency (P50)": 0.005828461453943678, "Normalized End to End Latency (P90)": 0.0075289316252923465, "Normalized End to End Latency (P99)": 0.01652300101856939, "Output Throughput (Mean)": 162.8798378145295, "Output Throughput (P50)": 171.57169313067627, "Output Throughput (P90)": 184.74957135078003, "Output Throughput (P99)": 189.61605193356152, "Deadline Miss Rate with 0.03s TBT Deadline, 0.3s TTFT Deadline, 0.0s TTFT Slack, Using Predictions for TTFT: False  (Mean)": 0.00020678630363036305, "Deadline Miss Rate with 0.03s TBT Deadline, 0.3s TTFT Deadline, 0.0s TTFT Slack, Using Predictions for TTFT: False  (P50)": 0, "Deadline Miss Rate with 0.03s TBT Deadline, 0.3s TTFT Deadline, 0.0s TTFT Slack, Using Predictions for TTFT: False  (P90)": 0, "Deadline Miss Rate with 0.03s TBT Deadline, 0.3s TTFT Deadline, 0.0s TTFT Slack, Using Predictions for TTFT: False  (P99)": 0, "Min Deadline to Meet Target Deadline Miss Rate of 10.0% (Mean)": 0.0031407410088808833, "Min Deadline to Meet Target Deadline Miss Rate of 10.0% (P50)": 0.003875803235793461, "Min Deadline to Meet Target Deadline Miss Rate of 10.0% (P90)": 0.005294947330512906, "Min Deadline to Meet Target Deadline Miss Rate of 10.0% (P99)": 0.0055887354771758145}