{"tpot_based_throughput": 188.22557067937828, "tbt_based_throughput": 132.87777670678602, "deadline_based_throughput": 137.77177844905552}