{"Number of Requests": 256, "Number of Errored Requests": 0, "Number of Completed Requests": 256, "Error Rate": 0.0, "Deadline Miss Rate": 0.04919294408327764, "Number of Prompt Tokens (Mean)": 6475.9375, "Number of Prompt Tokens (P50)": 7793.166095210145, "Number of Prompt Tokens (P90)": 8078.831292220465, "Number of Prompt Tokens (P99)": 8160.024923752189, "Number of Output Tokens (Mean)": 184.85546875, "Number of Output Tokens (P50)": 160.9351025012422, "Number of Output Tokens (P90)": 308.8949992819657, "Number of Output Tokens (P99)": 455.32048804743, "Number of Total Tokens (Mean)": 6660.79296875, "Number of Total Tokens (P50)": 8030.503416967201, "Number of Total Tokens (P90)": 8192.730401697612, "Number of Total Tokens (P99)": 8192.730401697612, "Time per Output Token (Mean)": 0.017186383908843826, "Time per Output Token (P50)": 0.01571716448796558, "Time per Output Token (P90)": 0.02430673664174227, "Time per Output Token (P99)": 0.033809899694717246, "Time to First Token (Mean)": 0.33307236796864004, "Time to First Token (P50)": 0.3461092322277037, "Time to First Token (P90)": 0.4990740828289376, "Time to First Token (P99)": 0.680450208654683, "Time Between Tokens (Mean)": 0.01708478030131539, "Time Between Tokens (P50)": 0.012240538990844098, "Time Between Tokens (P90)": 0.015010551382498934, "Time Between Tokens (P99)": 0.25385273666706837, "End to End Latency (Mean)": 3.474202658757747, "End to End Latency (P50)": 3.0617904921586314, "End to End Latency (P90)": 5.983466584052867, "End to End Latency (P99)": 9.16141129508, "Normalized End to End Latency (Mean)": 0.019660985015951784, "Normalized End to End Latency (P50)": 0.018224255817118045, "Normalized End to End Latency (P90)": 0.027959403599491964, "Normalized End to End Latency (P99)": 0.041627196651416044, "Output Throughput (Mean)": 55.59728490068455, "Output Throughput (P50)": 54.871870217092805, "Output Throughput (P90)": 73.33228276628029, "Output Throughput (P99)": 89.03245768467185, "Deadline Miss Rate with 0.03s TBT Deadline, 0.3s TTFT Deadline, 0.0s TTFT Slack, Using Predictions for TTFT: False  (Mean)": 0.055836240960266854, "Deadline Miss Rate with 0.03s TBT Deadline, 0.3s TTFT Deadline, 0.0s TTFT Slack, Using Predictions for TTFT: False  (P50)": 0.02046576484666739, "Deadline Miss Rate with 0.03s TBT Deadline, 0.3s TTFT Deadline, 0.0s TTFT Slack, Using Predictions for TTFT: False  (P90)": 0.142987059141101, "Deadline Miss Rate with 0.03s TBT Deadline, 0.3s TTFT Deadline, 0.0s TTFT Slack, Using Predictions for TTFT: False  (P99)": 0.40454156079522985, "Min Deadline to Meet Target Deadline Miss Rate of 10.0% (Mean)": 0.023680977187471284, "Min Deadline to Meet Target Deadline Miss Rate of 10.0% (P50)": 0.0169582326839976, "Min Deadline to Meet Target Deadline Miss Rate of 10.0% (P90)": 0.04171053438244991, "Min Deadline to Meet Target Deadline Miss Rate of 10.0% (P99)": 0.1067782264248484}