{"Target TBT (ms)": [1, 2, 3, 4, 5, 6, 7, 8, 9, 10, 11, 12, 13, 14, 15, 16, 17, 18, 19, 20, 21, 22, 23, 24, 25, 26, 27, 28, 29, 30, 31, 32, 33, 34, 35, 36, 37, 38, 39, 40, 41, 42, 43, 44, 45, 46, 47, 48, 49, 50, 51, 52, 53, 54, 55, 56, 57, 58, 59, 60, 61, 62, 63, 64, 65, 66, 67, 68, 69, 70, 71, 72, 73, 74, 75, 76, 77, 78, 79, 80, 81, 82, 83, 84, 85, 86, 87, 88, 89, 90, 91, 92, 93, 94, 95, 96, 97, 98, 99, 100], "Miss Rate P(99)": [0.9998341133882631, 0.9993430855191681, 0.9989798455127764, 0.9985986906390463, 0.998169620921674, 0.9974420265963292, 0.9955231268810392, 0.995301948051948, 0.9951883367370093, 0.9950812935501161, 0.9949316737086521, 0.9922147529069767, 0.9862754789813115, 0.9763546497437148, 0.9560232015279053, 0.868324649951156, 0.6614027538726331, 0.534781389209701, 0.5092761112127305, 0.48083517563252226, 0.46705108359133096, 0.4503623188405794, 0.43673650975889766, 0.42008757525998885, 0.40849553215960355, 0.3938324670131947, 0.38350775193798453, 0.37955882352941167, 0.3617262152056502, 0.34871106337271746, 0.3369691681210004, 0.3231014150943393, 0.3130622009569375, 0.30935002195871725, 0.2999999999999997, 0.2946932377966857, 0.2863465690415842, 0.27425213675213644, 0.2701138147566715, 0.26801282051282005, 0.2596118859915097, 0.25746723559890244, 0.2506560922855078, 0.2398723404255315, 0.2307923169267704, 0.22615002757859862, 0.22615002757859862, 0.22615002757859862, 0.22048790007806354, 0.21191620879120843, 0.20207070707070673, 0.18637640449438186, 0.18060337760288558, 0.18043983314852935, 0.17698806097430972, 0.17089285714285712, 0.1578506863073317, 0.1578506863073317, 0.15251088048208888, 0.14572140995126354, 0.14102329308075284, 0.13178947368421023, 0.13069630598234686, 0.1261494358484323, 0.11812499999999986, 0.11812499999999986, 0.11812499999999986, 0.1157672155688622, 0.11031105554292633, 0.11031105554292633, 0.10789594053744994, 0.10478711162255457, 0.10478711162255457, 0.10478711162255457, 0.10478711162255457, 0.0967195498417412, 0.0967195498417412, 0.0939195564991743, 0.0939195564991743, 0.0939195564991743, 0.091025641025641, 0.091025641025641, 0.091025641025641, 0.08821070234113709, 0.07867575462512148, 0.07603307472437713, 0.07255206206614923, 0.07255206206614923, 0.07255206206614923, 0.07255206206614923, 0.06987506164721338, 0.06987506164721338, 0.06987506164721338, 0.06720779220779198, 0.0638231049995753, 0.0638231049995753, 0.0638231049995753, 0.06111111111111089, 0.06111111111111089, 0.06111111111111089]}