{"tpot_based_throughput": 58.18559653409213, "tbt_based_throughput": 3.940480183885378, "deadline_based_throughput": 13.195055454275243}