{"Number of Requests": 256, "Number of Errored Requests": 0, "Number of Completed Requests": 256, "Error Rate": 0.0, "Deadline Miss Rate": 0.050776510555690366, "Number of Prompt Tokens (Mean)": 6475.9375, "Number of Prompt Tokens (P50)": 7793.166095210145, "Number of Prompt Tokens (P90)": 8078.831292220465, "Number of Prompt Tokens (P99)": 8160.024923752189, "Number of Output Tokens (Mean)": 184.76171875, "Number of Output Tokens (P50)": 160.9351025012422, "Number of Output Tokens (P90)": 308.8949992819657, "Number of Output Tokens (P99)": 455.32048804743, "Number of Total Tokens (Mean)": 6660.69921875, "Number of Total Tokens (P50)": 8030.503416967201, "Number of Total Tokens (P90)": 8192.730401697612, "Number of Total Tokens (P99)": 8192.730401697612, "Time per Output Token (Mean)": 0.01786901415999485, "Time per Output Token (P50)": 0.01678949539350651, "Time per Output Token (P90)": 0.024258171733367175, "Time per Output Token (P99)": 0.033674930169957415, "Time to First Token (Mean)": 0.34034331788450345, "Time to First Token (P50)": 0.350287564259524, "Time to First Token (P90)": 0.5050990513428187, "Time to First Token (P99)": 0.6763797296942432, "Time Between Tokens (Mean)": 0.017779671384698853, "Time Between Tokens (P50)": 0.01268922646132945, "Time Between Tokens (P90)": 0.015344442964759656, "Time Between Tokens (P99)": 0.25183001577091285, "End to End Latency (Mean)": 3.6080524532363825, "End to End Latency (P50)": 3.2576298584274874, "End to End Latency (P90)": 6.141076822258666, "End to End Latency (P99)": 9.16141129508, "Normalized End to End Latency (Mean)": 0.02039260680741421, "Normalized End to End Latency (P50)": 0.019389922350829727, "Normalized End to End Latency (P90)": 0.027959403599491964, "Normalized End to End Latency (P99)": 0.04171053438244991, "Output Throughput (Mean)": 53.53663349889157, "Output Throughput (P50)": 51.2646182930898, "Output Throughput (P90)": 73.47909414318976, "Output Throughput (P99)": 89.74757423677778, "Deadline Miss Rate with 0.03s TBT Deadline, 0.3s TTFT Deadline, 0.0s TTFT Slack, Using Predictions for TTFT: False  (Mean)": 0.057518852630930734, "Deadline Miss Rate with 0.03s TBT Deadline, 0.3s TTFT Deadline, 0.0s TTFT Slack, Using Predictions for TTFT: False  (P50)": 0.022303720682876463, "Deadline Miss Rate with 0.03s TBT Deadline, 0.3s TTFT Deadline, 0.0s TTFT Slack, Using Predictions for TTFT: False  (P90)": 0.1447132408020166, "Deadline Miss Rate with 0.03s TBT Deadline, 0.3s TTFT Deadline, 0.0s TTFT Slack, Using Predictions for TTFT: False  (P99)": 0.41106628655534155, "Min Deadline to Meet Target Deadline Miss Rate of 10.0% (Mean)": 0.024915545190854472, "Min Deadline to Meet Target Deadline Miss Rate of 10.0% (P50)": 0.018370634647081274, "Min Deadline to Meet Target Deadline Miss Rate of 10.0% (P90)": 0.04196154996612094, "Min Deadline to Meet Target Deadline Miss Rate of 10.0% (P99)": 0.11406335678801822}