{"Target TBT (ms)": [1, 2, 3, 4, 5, 6, 7, 8, 9, 10, 11, 12, 13, 14, 15, 16, 17, 18, 19, 20, 21, 22, 23, 24, 25, 26, 27, 28, 29, 30, 31, 32, 33, 34, 35, 36, 37, 38, 39, 40, 41, 42, 43, 44, 45, 46, 47, 48, 49, 50, 51, 52, 53, 54, 55, 56, 57, 58, 59, 60, 61, 62, 63, 64, 65, 66, 67, 68, 69, 70, 71, 72, 73, 74, 75, 76, 77, 78, 79, 80, 81, 82, 83, 84, 85, 86, 87, 88, 89, 90, 91, 92, 93, 94, 95, 96, 97, 98, 99, 100], "Miss Rate P(99)": [0.9998130797887071, 0.9993387261446635, 0.9989393329981565, 0.9984848688333781, 0.9981628949220341, 0.9974205132968019, 0.9969530308743597, 0.9950622678610443, 0.9949771287825475, 0.9948626893939394, 0.9948093447905478, 0.9939558232931727, 0.986777049888417, 0.9833182859920828, 0.9475847050172518, 0.8729989950109469, 0.6458472818143239, 0.5270040805581145, 0.5070490906604673, 0.4857707509881421, 0.47444852941176463, 0.4497311827956987, 0.436185069543003, 0.42031918463216167, 0.41002801120448173, 0.3953707153502235, 0.38350775193798453, 0.3793076273571629, 0.36169341072038236, 0.3536228246318606, 0.3438102297998516, 0.33626984126984105, 0.32263504611330684, 0.31712566844919765, 0.3140837104072397, 0.3115196078431372, 0.30002816108138547, 0.2821153846153845, 0.2821153846153845, 0.2821153846153845, 0.2737964527027025, 0.26321195144724535, 0.26297021091541617, 0.2566825396825396, 0.2566825396825396, 0.24897959183673457, 0.2364335898293742, 0.22937074829931942, 0.22937074829931942, 0.2257456140350875, 0.21961309523809516, 0.21431857389304196, 0.21431857389304196, 0.20268912529550806, 0.1984698681732579, 0.19181034482758616, 0.1830083789880759, 0.17439244663382564, 0.17439244663382564, 0.1706896551724134, 0.1706896551724134, 0.1680037871237787, 0.15614035087719258, 0.15335913312693453, 0.15335913312693453, 0.14318854222700345, 0.1403409090909087, 0.13420454545454522, 0.13132280892759907, 0.13132280892759907, 0.13132280892759907, 0.13132280892759907, 0.12545454545454504, 0.12545454545454504, 0.12246674057649619, 0.11980289279636941, 0.11980289279636941, 0.11980289279636941, 0.11980289279636941, 0.11644923425978398, 0.1134041946069334, 0.10769230769230724, 0.10769230769230724, 0.10030237058538918, 0.09707242848447928, 0.09707242848447928, 0.09707242848447928, 0.09707242848447928, 0.09707242848447928, 0.09707242848447928, 0.09380053908355755, 0.08675958188153288, 0.08675958188153288, 0.08612637362637342, 0.08612637362637342, 0.08612637362637342, 0.08281171442936121, 0.08281171442936121, 0.08281171442936121, 0.08281171442936121]}