{"tpot_based_throughput": 55.96279632699605, "tbt_based_throughput": 3.969367869191135, "deadline_based_throughput": 11.7812118873249}