{"Number of Requests": 256, "Number of Errored Requests": 0, "Number of Completed Requests": 256, "Error Rate": 0.0, "Deadline Miss Rate": 0.13111761089479665, "Number of Prompt Tokens (Mean)": 6475.9375, "Number of Prompt Tokens (P50)": 7793.166095210145, "Number of Prompt Tokens (P90)": 8078.831292220465, "Number of Prompt Tokens (P99)": 8160.024923752189, "Number of Output Tokens (Mean)": 184.48828125, "Number of Output Tokens (P50)": 160.9351025012422, "Number of Output Tokens (P90)": 308.8949992819657, "Number of Output Tokens (P99)": 455.32048804743, "Number of Total Tokens (Mean)": 6660.42578125, "Number of Total Tokens (P50)": 8030.503416967201, "Number of Total Tokens (P90)": 8192.730401697612, "Number of Total Tokens (P99)": 8192.730401697612, "Time per Output Token (Mean)": 0.024061651520575468, "Time per Output Token (P50)": 0.021558140615136834, "Time per Output Token (P90)": 0.036479617330762514, "Time per Output Token (P99)": 0.05270729115059698, "Time to First Token (Mean)": 0.47484407874196677, "Time to First Token (P50)": 0.4588642980117241, "Time to First Token (P90)": 0.7535193400176919, "Time to First Token (P99)": 1.1218729196402328, "Time Between Tokens (Mean)": 0.023700350858417058, "Time Between Tokens (P50)": 0.014861193851189074, "Time Between Tokens (P90)": 0.01772105418477893, "Time Between Tokens (P99)": 0.39653109854538615, "End to End Latency (Mean)": 4.823951040757038, "End to End Latency (P50)": 4.327543189812955, "End to End Latency (P90)": 8.190706853178607, "End to End Latency (P99)": 11.716525959073945, "Normalized End to End Latency (Mean)": 0.027562883488168495, "Normalized End to End Latency (P50)": 0.02484741063499535, "Normalized End to End Latency (P90)": 0.040884610192028964, "Normalized End to End Latency (P99)": 0.06111478683647312, "Output Throughput (Mean)": 40.31449777123636, "Output Throughput (P50)": 40.004851316295785, "Output Throughput (P90)": 53.03758555691637, "Output Throughput (P99)": 67.42399096825105, "Deadline Miss Rate with 0.03s TBT Deadline, 0.3s TTFT Deadline, 0.0s TTFT Slack, Using Predictions for TTFT: False  (Mean)": 0.13170111754709135, "Deadline Miss Rate with 0.03s TBT Deadline, 0.3s TTFT Deadline, 0.0s TTFT Slack, Using Predictions for TTFT: False  (P50)": 0.090265378114208, "Deadline Miss Rate with 0.03s TBT Deadline, 0.3s TTFT Deadline, 0.0s TTFT Slack, Using Predictions for TTFT: False  (P90)": 0.3259533931390539, "Deadline Miss Rate with 0.03s TBT Deadline, 0.3s TTFT Deadline, 0.0s TTFT Slack, Using Predictions for TTFT: False  (P99)": 0.532059097473401, "Min Deadline to Meet Target Deadline Miss Rate of 10.0% (Mean)": 0.04297887380150608, "Min Deadline to Meet Target Deadline Miss Rate of 10.0% (P50)": 0.028015378381472934, "Min Deadline to Meet Target Deadline Miss Rate of 10.0% (P90)": 0.08053999870261405, "Min Deadline to Meet Target Deadline Miss Rate of 10.0% (P99)": 0.2202480199243903}