{"Target TBT (ms)": [1, 2, 3, 4, 5, 6, 7, 8, 9, 10, 11, 12, 13, 14, 15, 16, 17, 18, 19, 20, 21, 22, 23, 24, 25, 26, 27, 28, 29, 30, 31, 32, 33, 34, 35, 36, 37, 38, 39, 40, 41, 42, 43, 44, 45, 46, 47, 48, 49, 50, 51, 52, 53, 54, 55, 56, 57, 58, 59, 60, 61, 62, 63, 64, 65, 66, 67, 68, 69, 70, 71, 72, 73, 74, 75, 76, 77, 78, 79, 80, 81, 82, 83, 84, 85, 86, 87, 88, 89, 90, 91, 92, 93, 94, 95, 96, 97, 98, 99, 100], "Miss Rate P(99)": [0.9998947998669491, 0.9997521078614219, 0.9994133711606243, 0.9989353689337903, 0.9986049246784445, 0.9983571151232771, 0.9981946141439813, 0.997703897602902, 0.996957681365576, 0.9965571500503525, 0.9946083220782206, 0.9940946115288221, 0.9939471954425942, 0.9921250965250965, 0.9850514043163088, 0.9819798135256537, 0.9732366249667288, 0.8651012523314678, 0.6813679173397543, 0.6653979238754325, 0.6450296028880866, 0.6308919382504287, 0.614466594827586, 0.5998474280732344, 0.5865411436541142, 0.5658488063660477, 0.5475049504950494, 0.5362662337662336, 0.5230780516431924, 0.5064903846153844, 0.492142857142857, 0.48233281836239233, 0.4657222650938888, 0.4522515527950309, 0.44116847826086947, 0.4301301115241635, 0.4210553245922609, 0.411218726558708, 0.4032843737250102, 0.3953683035714285, 0.3827536231884056, 0.3731086419753084, 0.366502016129032, 0.35281164695177397, 0.34814814814814776, 0.336323892286235, 0.33510558069381563, 0.32653495440729446, 0.3240036787247085, 0.31514302059496535, 0.3138272810848078, 0.3060469897209982, 0.30333333333333307, 0.29670608108108076, 0.29250642044759667, 0.29250642044759667, 0.2842465753424655, 0.2807308030664822, 0.2777682648401825, 0.27072028423772593, 0.2692043094496364, 0.2676741001564944, 0.25830454424661164, 0.2551509054325955, 0.25507907781886846, 0.24543583535108954, 0.24444099378881984, 0.24122330097087374, 0.23357071464267862, 0.2290900941281936, 0.22892946015946367, 0.22721751556598957, 0.22105876865671636, 0.2193125, 0.2193125, 0.2132635253054101, 0.2132635253054101, 0.2051020408163265, 0.2051020408163265, 0.2028571428571428, 0.2028571428571428, 0.19868940557139717, 0.1940767781441356, 0.1940767781441356, 0.18963914707490423, 0.18963914707490423, 0.18963914707490423, 0.18963914707490423, 0.17990790899241593, 0.17990790899241593, 0.17990790899241593, 0.17990790899241593, 0.17476456226020218, 0.17476456226020218, 0.17476456226020218, 0.16770089285714276, 0.16412218291664996, 0.16412218291664996, 0.16412218291664996, 0.16412218291664996]}