{"tpot_based_throughput": 41.55990702237897, "tbt_based_throughput": 2.519406206279369, "deadline_based_throughput": 6.050642071501822}