{"Number of Requests": 256, "Number of Errored Requests": 0, "Number of Completed Requests": 256, "Error Rate": 0.0, "Deadline Miss Rate": 0.00018140511216882768, "Number of Prompt Tokens (Mean)": 2274.9375, "Number of Prompt Tokens (P50)": 1738.8895294420502, "Number of Prompt Tokens (P90)": 5458.898826850627, "Number of Prompt Tokens (P99)": 6884.325540607284, "Number of Output Tokens (Mean)": 452.15625, "Number of Output Tokens (P50)": 427.94792587688335, "Number of Output Tokens (P90)": 868.7034004475807, "Number of Output Tokens (P99)": 1001.2473012529721, "Number of Total Tokens (Mean)": 2727.09375, "Number of Total Tokens (P50)": 2268.790333412844, "Number of Total Tokens (P90)": 6020.962450373618, "Number of Total Tokens (P99)": 7413.08877623367, "Time per Output Token (Mean)": 0.012989672233771543, "Time per Output Token (P50)": 0.012893887071738367, "Time per Output Token (P90)": 0.015252651924866805, "Time per Output Token (P99)": 0.01655608009968765, "Time to First Token (Mean)": 0.12840003551332302, "Time to First Token (P50)": 0.10218184485054375, "Time to First Token (P90)": 0.2523341799666505, "Time to First Token (P99)": 0.3163200113535738, "Time Between Tokens (Mean)": 0.013022875965669386, "Time Between Tokens (P50)": 0.011435851495213556, "Time Between Tokens (P90)": 0.013828799695279554, "Time Between Tokens (P99)": 0.046467528460465056, "End to End Latency (Mean)": 6.003802791009093, "End to End Latency (P50)": 5.424903241866135, "End to End Latency (P90)": 11.370250171985887, "End to End Latency (P99)": 14.027229155304973, "Normalized End to End Latency (Mean)": 0.013665804306405852, "Normalized End to End Latency (P50)": 0.013393283384271272, "Normalized End to End Latency (P90)": 0.01574863028273627, "Normalized End to End Latency (P99)": 0.02217029897967988, "Output Throughput (Mean)": 74.9744527060488, "Output Throughput (P50)": 74.36615529076886, "Output Throughput (P90)": 88.14656963516714, "Output Throughput (P99)": 92.85145984887643, "Deadline Miss Rate with 0.03s TBT Deadline, 0.3s TTFT Deadline, 0.0s TTFT Slack, Using Predictions for TTFT: False  (Mean)": 0.0002109042588782647, "Deadline Miss Rate with 0.03s TBT Deadline, 0.3s TTFT Deadline, 0.0s TTFT Slack, Using Predictions for TTFT: False  (P50)": 0, "Deadline Miss Rate with 0.03s TBT Deadline, 0.3s TTFT Deadline, 0.0s TTFT Slack, Using Predictions for TTFT: False  (P90)": 0, "Deadline Miss Rate with 0.03s TBT Deadline, 0.3s TTFT Deadline, 0.0s TTFT Slack, Using Predictions for TTFT: False  (P99)": 0.0060300365694987675, "Min Deadline to Meet Target Deadline Miss Rate of 10.0% (Mean)": 0.011806031716080405, "Min Deadline to Meet Target Deadline Miss Rate of 10.0% (P50)": 0.012118743552489568, "Min Deadline to Meet Target Deadline Miss Rate of 10.0% (P90)": 0.01439316390890434, "Min Deadline to Meet Target Deadline Miss Rate of 10.0% (P99)": 0.015252651924866805}