{"Target TBT (ms)": [1, 2, 3, 4, 5, 6, 7, 8, 9, 10, 11, 12, 13, 14, 15, 16, 17, 18, 19, 20, 21, 22, 23, 24, 25, 26, 27, 28, 29, 30, 31, 32, 33, 34, 35, 36, 37, 38, 39, 40, 41, 42, 43, 44, 45, 46, 47, 48, 49, 50, 51, 52, 53, 54, 55, 56, 57, 58, 59, 60, 61, 62, 63, 64, 65, 66, 67, 68, 69, 70, 71, 72, 73, 74, 75, 76, 77, 78, 79, 80, 81, 82, 83, 84, 85, 86, 87, 88, 89, 90, 91, 92, 93, 94, 95, 96, 97, 98, 99, 100], "Miss Rate P(99)": [0.9999211698751013, 0.9998230211734515, 0.9997103025781785, 0.9995098385350468, 0.9993198398748092, 0.9991274955289927, 0.9979496528748341, 0.9972973457161693, 0.9961719024219025, 0.9948343580373695, 0.9924713217954354, 0.987880494610993, 0.9454624542124541, 0.5013333333333331, 0.20030107973421896, 0.14884223525779555, 0.12644230769230766, 0.10492656058751529, 0.08430769230769213, 0.0654338549075388, 0.06147748890298012, 0.04285958513790708, 0.03093780212697382, 0.021314175894573052, 0.019093583379297636, 0.016717920044730144, 0.016717920044730144, 0.010746606334841587, 0.010746606334841587, 0.005134286965406492, 0.004275923080219663, 0.004094856756147073, 0.0035826210826210773, 0.0035826210826210773, 0.0035826210826210773, 0.0035826210826210773, 0.0035826210826210773, 0.0035826210826210773, 0.0017502461235540169, 0.0017502461235540169, 0.0017502461235540169, 0.0017502461235540169, 0.0017502461235540169, 0.0009414225941422355, 0.0009414225941422355, 0.0009414225941422355, 0.0009414225941422355, 0.0004712041884816635, 0.0004712041884816635, 0.0004712041884816635, 0.0, 0.0, 0.0, 0.0, 0.0, 0.0, 0.0, 0.0, 0.0, 0.0, 0.0, 0.0, 0.0, 0.0, 0.0, 0.0, 0.0, 0.0, 0.0, 0.0, 0.0, 0.0, 0.0, 0.0, 0.0, 0.0, 0.0, 0.0, 0.0, 0.0, 0.0, 0.0, 0.0, 0.0, 0.0, 0.0, 0.0, 0.0, 0.0, 0.0, 0.0, 0.0, 0.0, 0.0, 0.0, 0.0, 0.0, 0.0, 0.0, 0.0]}