{"tpot_based_throughput": 76.98423655372326, "tbt_based_throughput": 21.51008341677776, "deadline_based_throughput": 54.13133864558316}