{"Target TBT (ms)": [1, 2, 3, 4, 5, 6, 7, 8, 9, 10, 11, 12, 13, 14, 15, 16, 17, 18, 19, 20, 21, 22, 23, 24, 25, 26, 27, 28, 29, 30, 31, 32, 33, 34, 35, 36, 37, 38, 39, 40, 41, 42, 43, 44, 45, 46, 47, 48, 49, 50, 51, 52, 53, 54, 55, 56, 57, 58, 59, 60, 61, 62, 63, 64, 65, 66, 67, 68, 69, 70, 71, 72, 73, 74, 75, 76, 77, 78, 79, 80, 81, 82, 83, 84, 85, 86, 87, 88, 89, 90, 91, 92, 93, 94, 95, 96, 97, 98, 99, 100], "Miss Rate P(99)": [0.9998036496328611, 0.9993252201870174, 0.9989276853398212, 0.998083068247542, 0.9978899638848564, 0.9965024952471483, 0.9954051873914123, 0.9952796591653922, 0.9951938775510204, 0.9950616839477726, 0.9939517306849714, 0.9854261835548173, 0.9800323105452973, 0.9562690955208392, 0.8783183952198037, 0.7383727593300025, 0.5370670731707313, 0.5201956947162424, 0.5035280763528537, 0.48420388781718343, 0.4702452712533777, 0.4468075297733383, 0.43220609579100144, 0.4180424226935855, 0.406774193548387, 0.3953707153502235, 0.3866954022988505, 0.37269857095380526, 0.3537473610133707, 0.3412280701754384, 0.33266109198229177, 0.31670400689358014, 0.30935002195871725, 0.3074669020300084, 0.29610016420361207, 0.2921641791044771, 0.2783076923076921, 0.2721934791097224, 0.26801282051282005, 0.26589016653449593, 0.25530024509803884, 0.25089783281733696, 0.24213227513227475, 0.23758823529411718, 0.22848365152512584, 0.22848365152512584, 0.21872430968615464, 0.21872430968615464, 0.2030665280665278, 0.19740582621798067, 0.1850212700527906, 0.17911985018726578, 0.1756930589100073, 0.16963543332267347, 0.15661538461538455, 0.15661538461538455, 0.1520970873786406, 0.13848895350898943, 0.13626587244970734, 0.13105912930474314, 0.13105912930474314, 0.13105912930474314, 0.12348671395494124, 0.12115683229813656, 0.12115683229813656, 0.1157672155688622, 0.1157672155688622, 0.1157672155688622, 0.10789594053744994, 0.10789594053744994, 0.10789594053744994, 0.10789594053744994, 0.10234254399506017, 0.10234254399506017, 0.09922815683853037, 0.09310048445069524, 0.09052449477077917, 0.09052449477077917, 0.09052449477077917, 0.09052449477077917, 0.08479455327281404, 0.08163461538461522, 0.08163461538461522, 0.07603276353276325, 0.07603276353276325, 0.0733900836320189, 0.0733900836320189, 0.072998345740281, 0.072998345740281, 0.072998345740281, 0.072998345740281, 0.06700041893590258, 0.06700041893590258, 0.06590605656026191, 0.06590605656026191, 0.06590605656026191, 0.06590605656026191, 0.0631940626717975, 0.06092436974789893, 0.06092436974789893]}