{"tpot_based_throughput": 60.68678247987079, "tbt_based_throughput": 4.244049722789455, "deadline_based_throughput": 13.282226114008534}