{"Number of Requests": 256, "Number of Errored Requests": 0, "Number of Completed Requests": 256, "Error Rate": 0.0, "Deadline Miss Rate": 0.0, "Number of Prompt Tokens (Mean)": 2274.9375, "Number of Prompt Tokens (P50)": 1738.8895294420502, "Number of Prompt Tokens (P90)": 5458.898826850627, "Number of Prompt Tokens (P99)": 6884.325540607284, "Number of Output Tokens (Mean)": 443.5703125, "Number of Output Tokens (P50)": 427.0928850659405, "Number of Output Tokens (P90)": 823.0374777966431, "Number of Output Tokens (P99)": 1001.2473012529721, "Number of Total Tokens (Mean)": 2718.5078125, "Number of Total Tokens (P50)": 2268.790333412844, "Number of Total Tokens (P90)": 6020.962450373618, "Number of Total Tokens (P99)": 7413.08877623367, "Time per Output Token (Mean)": 0.004445817473410396, "Time per Output Token (P50)": 0.004378704781398524, "Time per Output Token (P90)": 0.005016603012865004, "Time per Output Token (P99)": 0.0056336246934122645, "Time to First Token (Mean)": 0.07582485451348475, "Time to First Token (P50)": 0.061359735636470215, "Time to First Token (P90)": 0.1278367543493902, "Time to First Token (P99)": 0.1681328069466118, "Time Between Tokens (Mean)": 0.004453581836328459, "Time Between Tokens (P50)": 0.004140236658038242, "Time Between Tokens (P90)": 0.0045940086384764645, "Time Between Tokens (P99)": 0.007454017479082802, "End to End Latency (Mean)": 2.0468653563657426, "End to End Latency (P50)": 1.9561919948396675, "End to End Latency (P90)": 3.7173086961066284, "End to End Latency (P99)": 4.622797356749544, "Normalized End to End Latency (Mean)": 0.004899804382620005, "Normalized End to End Latency (P50)": 0.004630908121017173, "Normalized End to End Latency (P90)": 0.0055887354771758145, "Normalized End to End Latency (P99)": 0.008643029823101249, "Output Throughput (Mean)": 210.64566990205262, "Output Throughput (P50)": 215.9401512333074, "Output Throughput (P90)": 241.0492641917914, "Output Throughput (P99)": 255.44352490754994, "Deadline Miss Rate with 0.03s TBT Deadline, 0.3s TTFT Deadline, 0.0s TTFT Slack, Using Predictions for TTFT: False  (Mean)": 0.0, "Deadline Miss Rate with 0.03s TBT Deadline, 0.3s TTFT Deadline, 0.0s TTFT Slack, Using Predictions for TTFT: False  (P50)": 0, "Deadline Miss Rate with 0.03s TBT Deadline, 0.3s TTFT Deadline, 0.0s TTFT Slack, Using Predictions for TTFT: False  (P90)": 0, "Deadline Miss Rate with 0.03s TBT Deadline, 0.3s TTFT Deadline, 0.0s TTFT Slack, Using Predictions for TTFT: False  (P99)": 0, "Min Deadline to Meet Target Deadline Miss Rate of 10.0% (Mean)": 0.003514886168179591, "Min Deadline to Meet Target Deadline Miss Rate of 10.0% (P50)": 0.003875803235793461, "Min Deadline to Meet Target Deadline Miss Rate of 10.0% (P90)": 0.004449327557033626, "Min Deadline to Meet Target Deadline Miss Rate of 10.0% (P99)": 0.004733917077878896}