{"Target TBT (ms)": [1, 2, 3, 4, 5, 6, 7, 8, 9, 10, 11, 12, 13, 14, 15, 16, 17, 18, 19, 20, 21, 22, 23, 24, 25, 26, 27, 28, 29, 30, 31, 32, 33, 34, 35, 36, 37, 38, 39, 40, 41, 42, 43, 44, 45, 46, 47, 48, 49, 50, 51, 52, 53, 54, 55, 56, 57, 58, 59, 60, 61, 62, 63, 64, 65, 66, 67, 68, 69, 70, 71, 72, 73, 74, 75, 76, 77, 78, 79, 80, 81, 82, 83, 84, 85, 86, 87, 88, 89, 90, 91, 92, 93, 94, 95, 96, 97, 98, 99, 100], "Miss Rate P(99)": [1.0, 1.0, 1.0, 1.0, 0.1776031033074721, 0.08426229508196692, 0.05595638591853863, 0.028410048451653493, 0.02625436646554449, 0.022289863576353076, 0.01685924369747897, 0.01685924369747897, 0.009031848178054644, 0.009031848178054644, 0.008421771566670122, 0.008421771566670122, 0.007641257448119928, 0.007641257448119928, 0.005234980203133066, 0.005234980203133066, 0.005234980203133066, 0.0045370242691671085, 0.0045370242691671085, 0.0045370242691671085, 0.0045370242691671085, 0.00383728556142346, 0.00383728556142346, 0.00383728556142346, 0.00383728556142346, 0.00383728556142346, 0.00383728556142346, 0.00383728556142346, 0.00383728556142346, 0.00383728556142346, 0.00383728556142346, 0.00383728556142346, 0.0022494252873563156, 0.0022494252873563156, 0.0022494252873563156, 0.0019727785807694834, 0.0019727785807694834, 0.0019727785807694834, 0.001376079259106306, 0.001376079259106306, 0.001376079259106306, 0.001376079259106306, 0.0006736526946107614, 0.0006736526946107614, 0.0006736526946107614, 0.0, 0.0, 0.0, 0.0, 0.0, 0.0, 0.0, 0.0, 0.0, 0.0, 0.0, 0.0, 0.0, 0.0, 0.0, 0.0, 0.0, 0.0, 0.0, 0.0, 0.0, 0.0, 0.0, 0.0, 0.0, 0.0, 0.0, 0.0, 0.0, 0.0, 0.0, 0.0, 0.0, 0.0, 0.0, 0.0, 0.0, 0.0, 0.0, 0.0, 0.0, 0.0, 0.0, 0.0, 0.0, 0.0, 0.0, 0.0, 0.0, 0.0, 0.0]}