{"tpot_based_throughput": 224.93051187567028, "tbt_based_throughput": 134.1346984539862, "deadline_based_throughput": 166.76515058173945}