{"Number of Requests": 512, "Number of Errored Requests": 0, "Number of Completed Requests": 512, "Error Rate": 0.0, "Deadline Miss Rate": 0.0015014134928829394, "Number of Prompt Tokens (Mean)": 2234.875, "Number of Prompt Tokens (P50)": 1657.3943359881944, "Number of Prompt Tokens (P90)": 5458.898826850627, "Number of Prompt Tokens (P99)": 7079.810742190998, "Number of Output Tokens (Mean)": 432.859375, "Number of Output Tokens (P50)": 406.2633124985649, "Number of Output Tokens (P90)": 836.3119948137848, "Number of Output Tokens (P99)": 991.2847208430245, "Number of Total Tokens (Mean)": 2667.734375, "Number of Total Tokens (P50)": 2111.1794506901215, "Number of Total Tokens (P90)": 5984.944824595679, "Number of Total Tokens (P99)": 7746.547080001839, "Time per Output Token (Mean)": 0.024707488557495022, "Time per Output Token (P50)": 0.02479776545890145, "Time per Output Token (P90)": 0.026542668476635518, "Time per Output Token (P99)": 0.028240400371375287, "Time to First Token (Mean)": 0.16155466472901026, "Time to First Token (P50)": 0.12938003709311832, "Time to First Token (P90)": 0.292584750298696, "Time to First Token (P99)": 0.35522608075862405, "Time Between Tokens (Mean)": 0.024903073404391015, "Time Between Tokens (P50)": 0.022348372776335664, "Time Between Tokens (P90)": 0.02307508635278533, "Time Between Tokens (P99)": 0.08315895942472995, "End to End Latency (Mean)": 10.916277658358922, "End to End Latency (P50)": 10.247156737766502, "End to End Latency (P90)": 20.717950747111136, "End to End Latency (P99)": 25.15358861913759, "Normalized End to End Latency (Mean)": 0.025548754981500867, "Normalized End to End Latency (P50)": 0.02524816683894022, "Normalized End to End Latency (P90)": 0.027296365969166802, "Normalized End to End Latency (P99)": 0.03274511004448971, "Output Throughput (Mean)": 39.361513759156146, "Output Throughput (P50)": 39.606796262836106, "Output Throughput (P90)": 41.97191674322714, "Output Throughput (P99)": 44.03570409928742, "Deadline Miss Rate with 0.03s TBT Deadline, 0.3s TTFT Deadline, 0.0s TTFT Slack, Using Predictions for TTFT: False  (Mean)": 0.0026473945440433785, "Deadline Miss Rate with 0.03s TBT Deadline, 0.3s TTFT Deadline, 0.0s TTFT Slack, Using Predictions for TTFT: False  (P50)": 0, "Deadline Miss Rate with 0.03s TBT Deadline, 0.3s TTFT Deadline, 0.0s TTFT Slack, Using Predictions for TTFT: False  (P90)": 0.005128191286663685, "Deadline Miss Rate with 0.03s TBT Deadline, 0.3s TTFT Deadline, 0.0s TTFT Slack, Using Predictions for TTFT: False  (P99)": 0.04788267586252734, "Min Deadline to Meet Target Deadline Miss Rate of 10.0% (Mean)": 19531250.022432484, "Min Deadline to Meet Target Deadline Miss Rate of 10.0% (P50)": 0.0229370503108903, "Min Deadline to Meet Target Deadline Miss Rate of 10.0% (P90)": 0.024355398777161173, "Min Deadline to Meet Target Deadline Miss Rate of 10.0% (P99)": 0.02606917451614132}