{"Target TBT (ms)": [1, 2, 3, 4, 5, 6, 7, 8, 9, 10, 11, 12, 13, 14, 15, 16, 17, 18, 19, 20, 21, 22, 23, 24, 25, 26, 27, 28, 29, 30, 31, 32, 33, 34, 35, 36, 37, 38, 39, 40, 41, 42, 43, 44, 45, 46, 47, 48, 49, 50, 51, 52, 53, 54, 55, 56, 57, 58, 59, 60, 61, 62, 63, 64, 65, 66, 67, 68, 69, 70, 71, 72, 73, 74, 75, 76, 77, 78, 79, 80, 81, 82, 83, 84, 85, 86, 87, 88, 89, 90, 91, 92, 93, 94, 95, 96, 97, 98, 99, 100], "Miss Rate P(99)": [0.999959298372184, 0.9999175622765465, 0.999872885055804, 0.9998217260998989, 0.99977540518165, 0.9997012854023664, 0.9996892595005682, 0.9995607198366927, 0.9995453375521383, 0.9995260168889449, 0.9994432775917653, 0.9990620140837716, 0.9989311407384072, 0.9985699672667757, 0.9983269054178145, 0.9975816887923287, 0.9969896239178866, 0.9964679222005017, 0.9952879636420205, 0.9939670324380856, 0.989263765896531, 0.9432187305326052, 0.2808341608738825, 0.22628814118423213, 0.18008788159111924, 0.13177201819954495, 0.11498090940645593, 0.09324746450304248, 0.08420621931260218, 0.08170091324200893, 0.06891355692017004, 0.05523391812865493, 0.04485454545454538, 0.039636697247706375, 0.039636697247706375, 0.039636697247706375, 0.03865555555555539, 0.03865555555555539, 0.028484126984126973, 0.027484646194926434, 0.027484646194926434, 0.027484646194926434, 0.018122000505178003, 0.010430875690745243, 0.009391701528216506, 0.009391701528216506, 0.009391701528216506, 0.008941395416727472, 0.008941395416727472, 0.005788943744315964, 0.0052834072416317835, 0.005208744072041347, 0.005040816326530605, 0.005040816326530605, 0.0030159438931357052, 0.0030159438931357052, 0.0030159438931357052, 0.0030159438931357052, 0.0029219264798430364, 0.0029219264798430364, 0.002648700820753537, 0.0026111728552108294, 0.0026111728552108294, 0.002493606138107409, 0.002493606138107409, 0.0015102495543672008, 0.0015102495543672008, 0.0015102495543672008, 0.0015102495543672008, 0.0014240067754850573, 0.0014240067754850573, 0.0014240067754850573, 0.0014240067754850573, 0.0014240067754850573, 0.0014240067754850573, 0.0014240067754850573, 0.0014240067754850573, 0.0014240067754850573, 0.0013088235294117447, 0.0013088235294117447, 0.0, 0.0, 0.0, 0.0, 0.0, 0.0, 0.0, 0.0, 0.0, 0.0, 0.0, 0.0, 0.0, 0.0, 0.0, 0.0, 0.0, 0.0, 0.0, 0.0]}