{"tpot_based_throughput": 40.47355916701012, "tbt_based_throughput": 12.015916565983268, "deadline_based_throughput": 35.70634302226107}