{"Number of Requests": 256, "Number of Errored Requests": 0, "Number of Completed Requests": 256, "Error Rate": 0.0, "Deadline Miss Rate": 0.04753892312682452, "Number of Prompt Tokens (Mean)": 6475.9375, "Number of Prompt Tokens (P50)": 7793.166095210145, "Number of Prompt Tokens (P90)": 8078.831292220465, "Number of Prompt Tokens (P99)": 8160.024923752189, "Number of Output Tokens (Mean)": 184.85546875, "Number of Output Tokens (P50)": 160.9351025012422, "Number of Output Tokens (P90)": 308.8949992819657, "Number of Output Tokens (P99)": 455.32048804743, "Number of Total Tokens (Mean)": 6660.79296875, "Number of Total Tokens (P50)": 8030.503416967201, "Number of Total Tokens (P90)": 8192.730401697612, "Number of Total Tokens (P99)": 8192.730401697612, "Time per Output Token (Mean)": 0.016441455985560686, "Time per Output Token (P50)": 0.015040602536417851, "Time per Output Token (P90)": 0.023213953100834992, "Time per Output Token (P99)": 0.03281066582035456, "Time to First Token (Mean)": 0.3357050246837616, "Time to First Token (P50)": 0.34472756002487076, "Time to First Token (P90)": 0.5111967550413993, "Time to First Token (P99)": 0.7011730096495689, "Time Between Tokens (Mean)": 0.016313176185165864, "Time Between Tokens (P50)": 0.011666871097543038, "Time Between Tokens (P90)": 0.014193063518509087, "Time Between Tokens (P99)": 0.23811513105847537, "End to End Latency (Mean)": 3.335035402353242, "End to End Latency (P50)": 2.924138354611238, "End to End Latency (P90)": 5.760360638893143, "End to End Latency (P99)": 8.872887045775503, "Normalized End to End Latency (Mean)": 0.018922843402652267, "Normalized End to End Latency (P50)": 0.017300811824038694, "Normalized End to End Latency (P90)": 0.025450962341686013, "Normalized End to End Latency (P99)": 0.04072139833818039, "Output Throughput (Mean)": 57.88421436679829, "Output Throughput (P50)": 57.56995695566639, "Output Throughput (P90)": 77.09211058833333, "Output Throughput (P99)": 92.48079570842596, "Deadline Miss Rate with 0.03s TBT Deadline, 0.3s TTFT Deadline, 0.0s TTFT Slack, Using Predictions for TTFT: False  (Mean)": 0.05400730600491961, "Deadline Miss Rate with 0.03s TBT Deadline, 0.3s TTFT Deadline, 0.0s TTFT Slack, Using Predictions for TTFT: False  (P50)": 0.01942874101419474, "Deadline Miss Rate with 0.03s TBT Deadline, 0.3s TTFT Deadline, 0.0s TTFT Slack, Using Predictions for TTFT: False  (P90)": 0.1447132408020166, "Deadline Miss Rate with 0.03s TBT Deadline, 0.3s TTFT Deadline, 0.0s TTFT Slack, Using Predictions for TTFT: False  (P99)": 0.41106628655534155, "Min Deadline to Meet Target Deadline Miss Rate of 10.0% (Mean)": 0.023295729797926358, "Min Deadline to Meet Target Deadline Miss Rate of 10.0% (P50)": 0.016391344295595824, "Min Deadline to Meet Target Deadline Miss Rate of 10.0% (P90)": 0.04196154996612094, "Min Deadline to Meet Target Deadline Miss Rate of 10.0% (P99)": 0.10959086713497894}