{"Target TBT (ms)": [1, 2, 3, 4, 5, 6, 7, 8, 9, 10, 11, 12, 13, 14, 15, 16, 17, 18, 19, 20, 21, 22, 23, 24, 25, 26, 27, 28, 29, 30, 31, 32, 33, 34, 35, 36, 37, 38, 39, 40, 41, 42, 43, 44, 45, 46, 47, 48, 49, 50, 51, 52, 53, 54, 55, 56, 57, 58, 59, 60, 61, 62, 63, 64, 65, 66, 67, 68, 69, 70, 71, 72, 73, 74, 75, 76, 77, 78, 79, 80, 81, 82, 83, 84, 85, 86, 87, 88, 89, 90, 91, 92, 93, 94, 95, 96, 97, 98, 99, 100], "Miss Rate P(99)": [0.9998030983592516, 0.9993363913082841, 0.9989206153230888, 0.998101106639839, 0.9978334262097149, 0.9965032478308283, 0.9953971419076105, 0.9952796591653922, 0.9951794871794871, 0.9950616839477726, 0.9939190687361419, 0.9851744820065431, 0.9801814869315395, 0.9562690955208392, 0.8754379360538072, 0.7183430232558137, 0.5347051597051591, 0.5165835789838735, 0.49658364661654103, 0.4776591458501207, 0.4609686350224034, 0.4468075297733383, 0.43044992743105953, 0.4148962148962148, 0.406774193548387, 0.3898106060606059, 0.3852352472089314, 0.3657966101694914, 0.35617427772600174, 0.35109056424845897, 0.3412280701754384, 0.3299999999999999, 0.3254417413572343, 0.31452380952380954, 0.30905797101449267, 0.30905797101449267, 0.2956103678929764, 0.28577784156142355, 0.28577784156142355, 0.27859233245537013, 0.27352941176470585, 0.2665734265734264, 0.26069230769230767, 0.25192076830732274, 0.24623233908948192, 0.2429627023223082, 0.23564267812388093, 0.2288242730720605, 0.21947004608294918, 0.20757620597809967, 0.19759653270291536, 0.19759653270291536, 0.18914090726615768, 0.1832446808510632, 0.17554347826086916, 0.17554347826086916, 0.17022738630684606, 0.16752324704699617, 0.16752324704699617, 0.16752324704699617, 0.15787491327187966, 0.15787491327187966, 0.14834319526627157, 0.13993410435718087, 0.13706709956709912, 0.13706709956709912, 0.13416575939030978, 0.13346590909090855, 0.131229463307776, 0.12985766302548768, 0.12985766302548768, 0.1277192982456134, 0.1267488341105923, 0.11848690020606374, 0.11848690020606374, 0.11533846837505504, 0.11533846837505504, 0.11533846837505504, 0.11533846837505504, 0.11533846837505504, 0.11214967203339239, 0.11214967203339239, 0.11214967203339239, 0.1066317016317012, 0.10293040293040259, 0.09970046082949269, 0.09970046082949269, 0.0900314712824546, 0.0900314712824546, 0.0900314712824546, 0.08675958188153288, 0.08675958188153288, 0.08675958188153288, 0.08675958188153288, 0.08675958188153288, 0.08675958188153288, 0.08675958188153288, 0.08344492268452067, 0.08344492268452067, 0.08344492268452067]}