{"tpot_based_throughput": 60.82186400512373, "tbt_based_throughput": 4.196174292200381, "deadline_based_throughput": 12.298007280587358}