{"Number of Requests": 512, "Number of Errored Requests": 0, "Number of Completed Requests": 512, "Error Rate": 0.0, "Deadline Miss Rate": 0.1504387913796934, "Number of Prompt Tokens (Mean)": 6537.701171875, "Number of Prompt Tokens (P50)": 7840.065665426578, "Number of Prompt Tokens (P90)": 8095.005128641327, "Number of Prompt Tokens (P99)": 8160.024923752189, "Number of Output Tokens (Mean)": 184.232421875, "Number of Output Tokens (P50)": 170.88677687557998, "Number of Output Tokens (P90)": 308.2778264562278, "Number of Output Tokens (P99)": 434.8501656627444, "Number of Total Tokens (Mean)": 6721.93359375, "Number of Total Tokens (P50)": 8078.831292220465, "Number of Total Tokens (P90)": 8192.730401697612, "Number of Total Tokens (P99)": 8192.730401697612, "Time per Output Token (Mean)": 0.03252601428534439, "Time per Output Token (P50)": 0.03096178247814911, "Time per Output Token (P90)": 0.04204555707316023, "Time per Output Token (P99)": 0.053557390753811995, "Time to First Token (Mean)": 0.37894914081789466, "Time to First Token (P50)": 0.38635416008546986, "Time to First Token (P90)": 0.562704479602684, "Time to First Token (P99)": 0.7610923378229978, "Time Between Tokens (Mean)": 0.03223453760228498, "Time Between Tokens (P50)": 0.023213953100834992, "Time Between Tokens (P90)": 0.023825430849816174, "Time Between Tokens (P99)": 0.3020988796911206, "End to End Latency (Mean)": 6.285361533705327, "End to End Latency (P50)": 5.795026708492479, "End to End Latency (P90)": 10.622775069587881, "End to End Latency (P99)": 14.599691431569676, "Normalized End to End Latency (Mean)": 0.0352494437763464, "Normalized End to End Latency (P50)": 0.03340660536942283, "Normalized End to End Latency (P90)": 0.04554740944514214, "Normalized End to End Latency (P99)": 0.06026514093635693, "Output Throughput (Mean)": 29.444478581682674, "Output Throughput (P50)": 29.874361341528978, "Output Throughput (P90)": 35.48111878100839, "Output Throughput (P99)": 40.65007719469447, "Deadline Miss Rate with 0.03s TBT Deadline, 0.3s TTFT Deadline, 0.0s TTFT Slack, Using Predictions for TTFT: False  (Mean)": 0.15253194343752544, "Deadline Miss Rate with 0.03s TBT Deadline, 0.3s TTFT Deadline, 0.0s TTFT Slack, Using Predictions for TTFT: False  (P50)": 0.11967192870454597, "Deadline Miss Rate with 0.03s TBT Deadline, 0.3s TTFT Deadline, 0.0s TTFT Slack, Using Predictions for TTFT: False  (P90)": 0.35593724408346616, "Deadline Miss Rate with 0.03s TBT Deadline, 0.3s TTFT Deadline, 0.0s TTFT Slack, Using Predictions for TTFT: False  (P99)": 0.5184038439210604, "Min Deadline to Meet Target Deadline Miss Rate of 10.0% (Mean)": 0.038942657995481106, "Min Deadline to Meet Target Deadline Miss Rate of 10.0% (P50)": 0.03146115549514405, "Min Deadline to Meet Target Deadline Miss Rate of 10.0% (P90)": 0.05281281125300059, "Min Deadline to Meet Target Deadline Miss Rate of 10.0% (P99)": 0.15304839113513624}