{"Target TBT (ms)": [1, 2, 3, 4, 5, 6, 7, 8, 9, 10, 11, 12, 13, 14, 15, 16, 17, 18, 19, 20, 21, 22, 23, 24, 25, 26, 27, 28, 29, 30, 31, 32, 33, 34, 35, 36, 37, 38, 39, 40, 41, 42, 43, 44, 45, 46, 47, 48, 49, 50, 51, 52, 53, 54, 55, 56, 57, 58, 59, 60, 61, 62, 63, 64, 65, 66, 67, 68, 69, 70, 71, 72, 73, 74, 75, 76, 77, 78, 79, 80, 81, 82, 83, 84, 85, 86, 87, 88, 89, 90, 91, 92, 93, 94, 95, 96, 97, 98, 99, 100], "Miss Rate P(99)": [0.9999289584346198, 0.9998537109139876, 0.999773471503401, 0.9996693055408576, 0.9995733373978131, 0.9994182306541548, 0.9993615221896232, 0.9990384514455374, 0.9989525743217279, 0.9986615117791589, 0.9985096870342772, 0.9976114719111437, 0.9966994870651205, 0.9963731685345627, 0.9962546462456913, 0.9961089067116927, 0.9957119996987839, 0.9951904761904762, 0.9946460471166353, 0.9932518518518518, 0.9917017709563164, 0.9897843467283821, 0.9392602297200286, 0.6107471255841556, 0.5928454256629707, 0.5639674497159527, 0.5502970521541949, 0.5315571215611871, 0.5212590229981534, 0.5052766798418972, 0.49171305621681005, 0.469859437751004, 0.4622827743902438, 0.4442897327707454, 0.4252936293836894, 0.41564814814814804, 0.3996206896551724, 0.3852312955525807, 0.37220333442301395, 0.3603616636528028, 0.3450674486803519, 0.3328508771929824, 0.31917499999999993, 0.31197115384615376, 0.30057211925866223, 0.29151881720430106, 0.28992555831265504, 0.28824423963133616, 0.2637135701275045, 0.26204262295081965, 0.2613299468944815, 0.2613299468944815, 0.24265567765567764, 0.2422445520581113, 0.2422445520581113, 0.23669368705477764, 0.23669368705477764, 0.23669368705477764, 0.22374746450304256, 0.22374746450304256, 0.22374746450304256, 0.21972778473091353, 0.21251959686450164, 0.20876807671487121, 0.2018445595854922, 0.19775297619047616, 0.19634316770186333, 0.19634316770186333, 0.19634316770186333, 0.19634316770186333, 0.1862398956975228, 0.18238229264394176, 0.18137373737373733, 0.17713941967445146, 0.1765555555555554, 0.16666666666666666, 0.16607526881720422, 0.16583333333333322, 0.16583333333333322, 0.16331920903954794, 0.16331920903954794, 0.1590909090909091, 0.15905122655122655, 0.15863826232247283, 0.15063591893780567, 0.15063591893780567, 0.15063591893780567, 0.14993663756688244, 0.14993663756688244, 0.14858552067249947, 0.14349993480811846, 0.13525882012724116, 0.13525882012724116, 0.13525882012724116, 0.13525882012724116, 0.13525882012724116, 0.13445112781954877, 0.13445112781954877, 0.1286212121212121, 0.1286212121212121]}