{"tpot_based_throughput": 30.744621558214746, "tbt_based_throughput": 3.3112628613243613, "deadline_based_throughput": 7.918020990871879}