{"Number of Requests": 256, "Number of Errored Requests": 0, "Number of Completed Requests": 256, "Error Rate": 0.0, "Deadline Miss Rate": 0.00022832570662049414, "Number of Prompt Tokens (Mean)": 2274.9375, "Number of Prompt Tokens (P50)": 1738.8895294420502, "Number of Prompt Tokens (P90)": 5458.898826850627, "Number of Prompt Tokens (P99)": 6884.325540607284, "Number of Output Tokens (Mean)": 410.5234375, "Number of Output Tokens (P50)": 391.89795629726297, "Number of Output Tokens (P90)": 793.9351046021368, "Number of Output Tokens (P99)": 973.6012189425833, "Number of Total Tokens (Mean)": 2685.4609375, "Number of Total Tokens (P50)": 2268.790333412844, "Number of Total Tokens (P90)": 6008.932555367876, "Number of Total Tokens (P99)": 7413.08877623367, "Time per Output Token (Mean)": 0.011057081877020291, "Time per Output Token (P50)": 0.01134472962633634, "Time per Output Token (P90)": 0.01246286368631037, "Time per Output Token (P99)": 0.01328656452622316, "Time to First Token (Mean)": 0.10185134970924992, "Time to First Token (P50)": 0.07989824892086647, "Time to First Token (P90)": 0.1899487360163596, "Time to First Token (P99)": 0.2543609503540895, "Time Between Tokens (Mean)": 0.011196496629318676, "Time Between Tokens (P50)": 0.01072688564756092, "Time Between Tokens (P90)": 0.01162029680830563, "Time Between Tokens (P99)": 0.03796837926251835, "End to End Latency (Mean)": 4.6871228736199555, "End to End Latency (P50)": 4.310267585537856, "End to End Latency (P90)": 9.124838831399506, "End to End Latency (P99)": 11.576767826866368, "Normalized End to End Latency (Mean)": 0.01162717105403645, "Normalized End to End Latency (P50)": 0.01169022819683742, "Normalized End to End Latency (P90)": 0.013075671070196661, "Normalized End to End Latency (P99)": 0.016823107996896916, "Output Throughput (Mean)": 89.00348311961882, "Output Throughput (P50)": 85.37053196874214, "Output Throughput (P90)": 98.00328792216996, "Output Throughput (P99)": 160.29264764340772, "Deadline Miss Rate with 0.03s TBT Deadline, 0.3s TTFT Deadline, 0.0s TTFT Slack, Using Predictions for TTFT: False  (Mean)": 0.0006847215990367233, "Deadline Miss Rate with 0.03s TBT Deadline, 0.3s TTFT Deadline, 0.0s TTFT Slack, Using Predictions for TTFT: False  (P50)": 0, "Deadline Miss Rate with 0.03s TBT Deadline, 0.3s TTFT Deadline, 0.0s TTFT Slack, Using Predictions for TTFT: False  (P90)": 0, "Deadline Miss Rate with 0.03s TBT Deadline, 0.3s TTFT Deadline, 0.0s TTFT Slack, Using Predictions for TTFT: False  (P99)": 0.0015139961538877316, "Min Deadline to Meet Target Deadline Miss Rate of 10.0% (Mean)": 0.009859810753912492, "Min Deadline to Meet Target Deadline Miss Rate of 10.0% (P50)": 0.010705453308604753, "Min Deadline to Meet Target Deadline Miss Rate of 10.0% (P90)": 0.011550783751992826, "Min Deadline to Meet Target Deadline Miss Rate of 10.0% (P99)": 0.012118743552489568}