{"Target TBT (ms)": [1, 2, 3, 4, 5, 6, 7, 8, 9, 10, 11, 12, 13, 14, 15, 16, 17, 18, 19, 20, 21, 22, 23, 24, 25, 26, 27, 28, 29, 30, 31, 32, 33, 34, 35, 36, 37, 38, 39, 40, 41, 42, 43, 44, 45, 46, 47, 48, 49, 50, 51, 52, 53, 54, 55, 56, 57, 58, 59, 60, 61, 62, 63, 64, 65, 66, 67, 68, 69, 70, 71, 72, 73, 74, 75, 76, 77, 78, 79, 80, 81, 82, 83, 84, 85, 86, 87, 88, 89, 90, 91, 92, 93, 94, 95, 96, 97, 98, 99, 100], "Miss Rate P(99)": [0.9999048390684079, 0.9996607566641387, 0.9993922320733347, 0.9989485066435113, 0.9987054314023288, 0.9968800740635237, 0.995705606943017, 0.9934643139767118, 0.9893045814910809, 0.9770507473062218, 0.8773605259581405, 0.1765949342982287, 0.11435758988832984, 0.09368627450980392, 0.07517123287671215, 0.043965517241379065, 0.030069360888951548, 0.02391241923905231, 0.015905523308874493, 0.012091069849690524, 0.00991079703429095, 0.005888554216867436, 0.005888554216867436, 0.005214932126696816, 0.0048303167420814235, 0.0048303167420814235, 0.0048303167420814235, 0.003189902539534033, 0.003189902539534033, 0.003189902539534033, 0.003189902539534033, 0.003189902539534033, 0.002512200988738999, 0.001937489604042718, 0.001937489604042718, 0.001937489604042718, 0.001937489604042718, 0.001937489604042718, 0.001937489604042718, 0.001937489604042718, 0.0012577344121846687, 0.0012577344121846687, 0.0012577344121846687, 0.0012577344121846687, 0.0006818181818181646, 0.0006818181818181646, 0.0006818181818181646, 0.0006818181818181646, 0.0006818181818181646, 0.0006818181818181646, 0.0006818181818181646, 0.0006818181818181646, 0.0006818181818181646, 0.0006818181818181646, 0.0, 0.0, 0.0, 0.0, 0.0, 0.0, 0.0, 0.0, 0.0, 0.0, 0.0, 0.0, 0.0, 0.0, 0.0, 0.0, 0.0, 0.0, 0.0, 0.0, 0.0, 0.0, 0.0, 0.0, 0.0, 0.0, 0.0, 0.0, 0.0, 0.0, 0.0, 0.0, 0.0, 0.0, 0.0, 0.0, 0.0, 0.0, 0.0, 0.0, 0.0, 0.0, 0.0, 0.0, 0.0, 0.0]}