{"tpot_based_throughput": 90.43977526098273, "tbt_based_throughput": 26.35153918719634, "deadline_based_throughput": 72.47313757200237}