{"Number of Requests": 256, "Number of Errored Requests": 0, "Number of Completed Requests": 256, "Error Rate": 0.0, "Deadline Miss Rate": 0.046704690766638926, "Number of Prompt Tokens (Mean)": 6475.9375, "Number of Prompt Tokens (P50)": 7793.166095210145, "Number of Prompt Tokens (P90)": 8078.831292220465, "Number of Prompt Tokens (P99)": 8160.024923752189, "Number of Output Tokens (Mean)": 184.85546875, "Number of Output Tokens (P50)": 160.9351025012422, "Number of Output Tokens (P90)": 308.8949992819657, "Number of Output Tokens (P99)": 455.32048804743, "Number of Total Tokens (Mean)": 6660.79296875, "Number of Total Tokens (P50)": 8030.503416967201, "Number of Total Tokens (P90)": 8192.730401697612, "Number of Total Tokens (P99)": 8192.730401697612, "Time per Output Token (Mean)": 0.016413839775544017, "Time per Output Token (P50)": 0.015010551382498934, "Time per Output Token (P90)": 0.023213953100834992, "Time per Output Token (P99)": 0.03281066582035456, "Time to First Token (Mean)": 0.3319169459726652, "Time to First Token (P50)": 0.34472756002487076, "Time to First Token (P90)": 0.5000732301419085, "Time to First Token (P99)": 0.7025767594186371, "Time Between Tokens (Mean)": 0.016284674888707627, "Time Between Tokens (P50)": 0.011643560665779715, "Time Between Tokens (P90)": 0.014164705749241335, "Time Between Tokens (P99)": 0.24292537740600662, "End to End Latency (Mean)": 3.32594348107736, "End to End Latency (P50)": 2.9358583362730246, "End to End Latency (P90)": 5.771892892424462, "End to End Latency (P99)": 8.872887045775503, "Normalized End to End Latency (Mean)": 0.01887848896581351, "Normalized End to End Latency (P50)": 0.017231746775903854, "Normalized End to End Latency (P90)": 0.02550191521924695, "Normalized End to End Latency (P99)": 0.0406400369029393, "Output Throughput (Mean)": 57.995766327111724, "Output Throughput (P50)": 58.03236392716473, "Output Throughput (P90)": 76.93808039734769, "Output Throughput (P99)": 92.29601889382377, "Deadline Miss Rate with 0.03s TBT Deadline, 0.3s TTFT Deadline, 0.0s TTFT Slack, Using Predictions for TTFT: False  (Mean)": 0.05344541648073861, "Deadline Miss Rate with 0.03s TBT Deadline, 0.3s TTFT Deadline, 0.0s TTFT Slack, Using Predictions for TTFT: False  (P50)": 0.018006871588826297, "Deadline Miss Rate with 0.03s TBT Deadline, 0.3s TTFT Deadline, 0.0s TTFT Slack, Using Predictions for TTFT: False  (P90)": 0.14384756070597216, "Deadline Miss Rate with 0.03s TBT Deadline, 0.3s TTFT Deadline, 0.0s TTFT Slack, Using Predictions for TTFT: False  (P99)": 0.4176962475999589, "Min Deadline to Meet Target Deadline Miss Rate of 10.0% (Mean)": 0.022748389846786145, "Min Deadline to Meet Target Deadline Miss Rate of 10.0% (P50)": 0.01609893953850904, "Min Deadline to Meet Target Deadline Miss Rate of 10.0% (P90)": 0.04171053438244991, "Min Deadline to Meet Target Deadline Miss Rate of 10.0% (P99)": 0.10136765093835445}