{"Target TBT (ms)": [1, 2, 3, 4, 5, 6, 7, 8, 9, 10, 11, 12, 13, 14, 15, 16, 17, 18, 19, 20, 21, 22, 23, 24, 25, 26, 27, 28, 29, 30, 31, 32, 33, 34, 35, 36, 37, 38, 39, 40, 41, 42, 43, 44, 45, 46, 47, 48, 49, 50, 51, 52, 53, 54, 55, 56, 57, 58, 59, 60, 61, 62, 63, 64, 65, 66, 67, 68, 69, 70, 71, 72, 73, 74, 75, 76, 77, 78, 79, 80, 81, 82, 83, 84, 85, 86, 87, 88, 89, 90, 91, 92, 93, 94, 95, 96, 97, 98, 99, 100], "Miss Rate P(99)": [0.9997660439322387, 0.9993267819409707, 0.9989410679335216, 0.9985516990047251, 0.9981561193027444, 0.9976062782086058, 0.9969001503072737, 0.9957440476190477, 0.9955883497033939, 0.9954325572685849, 0.9940438649328561, 0.9833582502768549, 0.9791991061130334, 0.9430693929564411, 0.8599050046339202, 0.7298434442270054, 0.5321275543836514, 0.5122204472843447, 0.5005969592388768, 0.47292773273693006, 0.45774206702253833, 0.44338626408009996, 0.4274703557312252, 0.4148962148962148, 0.4037966654584994, 0.3898106060606059, 0.38350775193798453, 0.3599459598558929, 0.34908488063660453, 0.33642876825571755, 0.32831727205337236, 0.312272727272727, 0.30669301712779934, 0.2953431372549016, 0.2933908045977007, 0.28159905660377316, 0.2714743589743586, 0.26730769230769186, 0.26305511498810413, 0.2546174946662599, 0.25243566176470544, 0.23922222222222178, 0.23694680851063782, 0.22552666227781396, 0.2225381903642769, 0.21173654432032457, 0.2086431498829037, 0.2006122144243688, 0.19740582621798067, 0.1916590214067276, 0.16776785714285705, 0.16405157342657342, 0.16405157342657342, 0.15070993914807293, 0.15070993914807293, 0.1460652099692726, 0.1438676815658443, 0.13364959337993995, 0.1284275503573748, 0.1284275503573748, 0.12613652868554823, 0.12314212641578358, 0.1184782608695652, 0.11568044036151295, 0.11026355421686743, 0.11026355421686743, 0.11026355421686743, 0.10443850875198904, 0.10443850875198904, 0.09841808559595012, 0.09535247135085057, 0.09280888405684537, 0.09280888405684537, 0.09280888405684537, 0.09280888405684537, 0.0808061305732481, 0.0808061305732481, 0.0808061305732481, 0.0808061305732481, 0.07819711538461516, 0.07819711538461516, 0.07475961538461508, 0.07232009925558276, 0.07232009925558276, 0.06967741935483843, 0.06967741935483843, 0.06864081188836504, 0.06864081188836504, 0.06864081188836504, 0.06864081188836504, 0.0659638114694292, 0.0659638114694292, 0.0659638114694292, 0.0659638114694292, 0.06022833375774515, 0.06022833375774515, 0.057516339869280744, 0.057516339869280744, 0.05735294117647029, 0.05735294117647029]}