{"tpot_based_throughput": 60.92419651189485, "tbt_based_throughput": 4.117052519268489, "deadline_based_throughput": 13.876800606705876}