{"Number of Requests": 256, "Number of Errored Requests": 0, "Number of Completed Requests": 256, "Error Rate": 0.0, "Deadline Miss Rate": 0.1284003134445315, "Number of Prompt Tokens (Mean)": 6475.9375, "Number of Prompt Tokens (P50)": 7793.166095210145, "Number of Prompt Tokens (P90)": 8078.831292220465, "Number of Prompt Tokens (P99)": 8160.024923752189, "Number of Output Tokens (Mean)": 184.85546875, "Number of Output Tokens (P50)": 160.9351025012422, "Number of Output Tokens (P90)": 308.8949992819657, "Number of Output Tokens (P99)": 455.32048804743, "Number of Total Tokens (Mean)": 6660.79296875, "Number of Total Tokens (P50)": 8030.503416967201, "Number of Total Tokens (P90)": 8192.730401697612, "Number of Total Tokens (P99)": 8192.730401697612, "Time per Output Token (Mean)": 0.023418985356772937, "Time per Output Token (P50)": 0.020962884948370824, "Time per Output Token (P90)": 0.03611663895316584, "Time per Output Token (P99)": 0.05218284466707463, "Time to First Token (Mean)": 0.47413455916466773, "Time to First Token (P50)": 0.46254993652167997, "Time to First Token (P90)": 0.7610923378229978, "Time to First Token (P99)": 1.119631415305287, "Time Between Tokens (Mean)": 0.023035121321846663, "Time Between Tokens (P50)": 0.01442197905186511, "Time Between Tokens (P90)": 0.016924350101212383, "Time Between Tokens (P99)": 0.39494814164795633, "End to End Latency (Mean)": 4.709267587505906, "End to End Latency (P50)": 4.233376836152106, "End to End Latency (P90)": 7.948634802785942, "End to End Latency (P99)": 11.507515162571764, "Normalized End to End Latency (Mean)": 0.026911924422337693, "Normalized End to End Latency (P50)": 0.024064880490925433, "Normalized End to End Latency (P90)": 0.040155270712838094, "Normalized End to End Latency (P99)": 0.06026514093635693, "Output Throughput (Mean)": 41.47221848045318, "Output Throughput (P50)": 41.471263502693624, "Output Throughput (P90)": 55.42334186573994, "Output Throughput (P99)": 69.75582397049466, "Deadline Miss Rate with 0.03s TBT Deadline, 0.3s TTFT Deadline, 0.0s TTFT Slack, Using Predictions for TTFT: False  (Mean)": 0.1296679933612119, "Deadline Miss Rate with 0.03s TBT Deadline, 0.3s TTFT Deadline, 0.0s TTFT Slack, Using Predictions for TTFT: False  (P50)": 0.08500873001835729, "Deadline Miss Rate with 0.03s TBT Deadline, 0.3s TTFT Deadline, 0.0s TTFT Slack, Using Predictions for TTFT: False  (P90)": 0.31695328464957695, "Deadline Miss Rate with 0.03s TBT Deadline, 0.3s TTFT Deadline, 0.0s TTFT Slack, Using Predictions for TTFT: False  (P99)": 0.5225677093146932, "Min Deadline to Meet Target Deadline Miss Rate of 10.0% (Mean)": 0.04235825913074061, "Min Deadline to Meet Target Deadline Miss Rate of 10.0% (P50)": 0.02718739854909769, "Min Deadline to Meet Target Deadline Miss Rate of 10.0% (P90)": 0.08151230115827493, "Min Deadline to Meet Target Deadline Miss Rate of 10.0% (P99)": 0.22650211530662803}