{"Target TBT (ms)": [1, 2, 3, 4, 5, 6, 7, 8, 9, 10, 11, 12, 13, 14, 15, 16, 17, 18, 19, 20, 21, 22, 23, 24, 25, 26, 27, 28, 29, 30, 31, 32, 33, 34, 35, 36, 37, 38, 39, 40, 41, 42, 43, 44, 45, 46, 47, 48, 49, 50, 51, 52, 53, 54, 55, 56, 57, 58, 59, 60, 61, 62, 63, 64, 65, 66, 67, 68, 69, 70, 71, 72, 73, 74, 75, 76, 77, 78, 79, 80, 81, 82, 83, 84, 85, 86, 87, 88, 89, 90, 91, 92, 93, 94, 95, 96, 97, 98, 99, 100], "Miss Rate P(99)": [0.9998845747066848, 0.999581485680166, 0.9992303236698102, 0.9989680404097625, 0.9986727611836814, 0.9984424492100403, 0.9982070135746607, 0.9978032187130909, 0.9964994436768679, 0.9949590661006671, 0.9946595356855209, 0.9943934282858571, 0.9941932773109244, 0.9901379780122295, 0.9873417721518988, 0.97595463680735, 0.9014013840830449, 0.7013329760628794, 0.6745957810023167, 0.6578101959132082, 0.6417300891758916, 0.6269677661169414, 0.6116262814538674, 0.5934783220720719, 0.5788763339610796, 0.5624576414774651, 0.5506210219236208, 0.5280469197024602, 0.5118421052631575, 0.4995636110516168, 0.4847222222222219, 0.47014157483762664, 0.4622180451127818, 0.44832432432432423, 0.4374979688007799, 0.42743445692883886, 0.4179597701149425, 0.4047633136094674, 0.40074058693244735, 0.386086956521739, 0.3715951807228913, 0.3650767112509832, 0.3572663139329803, 0.3516086065573767, 0.34807313278008273, 0.3410544992320319, 0.3361190412065713, 0.3288571585781884, 0.3214285714285712, 0.3188084840923267, 0.30981020027945955, 0.30981020027945955, 0.3070723684210525, 0.29775867269984907, 0.29775867269984907, 0.28964272491669735, 0.286126952640714, 0.2777682648401825, 0.2762663268556865, 0.27305292944883913, 0.26556142410015643, 0.2621149289099526, 0.25958499600957696, 0.2515845070422535, 0.25, 0.24198192166052895, 0.24008410428931873, 0.23655462184873946, 0.23111026904130352, 0.23111026904130352, 0.225196184028312, 0.223061855670103, 0.2172817211055276, 0.2156506147540983, 0.2156506147540983, 0.2138099733928418, 0.2138099733928418, 0.21169111302847277, 0.2093937028363257, 0.19906403940886683, 0.19906403940886683, 0.19408244680851047, 0.1921624331550801, 0.1921624331550801, 0.18963914707490423, 0.18963914707490423, 0.18963914707490423, 0.18963914707490423, 0.18552873986735444, 0.18552873986735444, 0.17990790899241593, 0.17990790899241593, 0.17597512719050304, 0.17597512719050304, 0.17597512719050304, 0.16947802197802186, 0.16947802197802186, 0.16412218291664996, 0.16412218291664996, 0.16412218291664996]}