{"tpot_based_throughput": 42.700398192562716, "tbt_based_throughput": 2.5303534626376427, "deadline_based_throughput": 5.989357820388553}