{"Number of Requests": 512, "Number of Errored Requests": 0, "Number of Completed Requests": 512, "Error Rate": 0.0, "Deadline Miss Rate": 0.0038356685475179103, "Number of Prompt Tokens (Mean)": 6537.701171875, "Number of Prompt Tokens (P50)": 7840.065665426578, "Number of Prompt Tokens (P90)": 8095.005128641327, "Number of Prompt Tokens (P99)": 8160.024923752189, "Number of Output Tokens (Mean)": 184.330078125, "Number of Output Tokens (P50)": 170.88677687557998, "Number of Output Tokens (P90)": 308.2778264562278, "Number of Output Tokens (P99)": 434.8501656627444, "Number of Total Tokens (Mean)": 6722.03125, "Number of Total Tokens (P50)": 8078.831292220465, "Number of Total Tokens (P90)": 8192.730401697612, "Number of Total Tokens (P99)": 8192.730401697612, "Time per Output Token (Mean)": 0.008971945110167289, "Time per Output Token (P50)": 0.007604598671440492, "Time per Output Token (P90)": 0.013967781489349901, "Time per Output Token (P99)": 0.01931251754843599, "Time to First Token (Mean)": 0.20302729133254616, "Time to First Token (P50)": 0.21805651478287055, "Time to First Token (P90)": 0.27389760914991473, "Time to First Token (P99)": 0.39180116017555705, "Time Between Tokens (Mean)": 0.008864055774973595, "Time Between Tokens (P50)": 0.005981988708625385, "Time Between Tokens (P90)": 0.01171363205709135, "Time Between Tokens (P99)": 0.039676286954963204, "End to End Latency (Mean)": 1.8280753290628127, "End to End Latency (P50)": 1.5920136396420506, "End to End Latency (P90)": 3.212340788521787, "End to End Latency (P99)": 5.017842385702915, "Normalized End to End Latency (Mean)": 0.010504817716776742, "Normalized End to End Latency (P50)": 0.009140848492007607, "Normalized End to End Latency (P90)": 0.016131169647695245, "Normalized End to End Latency (P99)": 0.023588363773234883, "Output Throughput (Mean)": 108.58256901083932, "Output Throughput (P50)": 109.39892515168134, "Output Throughput (P90)": 153.39268126643097, "Output Throughput (P99)": 175.73922550376716, "Deadline Miss Rate with 0.03s TBT Deadline, 0.3s TTFT Deadline, 0.0s TTFT Slack, Using Predictions for TTFT: False  (Mean)": 0.005450540928389854, "Deadline Miss Rate with 0.03s TBT Deadline, 0.3s TTFT Deadline, 0.0s TTFT Slack, Using Predictions for TTFT: False  (P50)": 0, "Deadline Miss Rate with 0.03s TBT Deadline, 0.3s TTFT Deadline, 0.0s TTFT Slack, Using Predictions for TTFT: False  (P90)": 0.011831356055865461, "Deadline Miss Rate with 0.03s TBT Deadline, 0.3s TTFT Deadline, 0.0s TTFT Slack, Using Predictions for TTFT: False  (P99)": 0.1023864131085028, "Min Deadline to Meet Target Deadline Miss Rate of 10.0% (Mean)": 0.009119291996487523, "Min Deadline to Meet Target Deadline Miss Rate of 10.0% (P50)": 0.007005903321642825, "Min Deadline to Meet Target Deadline Miss Rate of 10.0% (P90)": 0.014108160074140246, "Min Deadline to Meet Target Deadline Miss Rate of 10.0% (P99)": 0.03004672321615285}