{"Target TBT (ms)": [1, 2, 3, 4, 5, 6, 7, 8, 9, 10, 11, 12, 13, 14, 15, 16, 17, 18, 19, 20, 21, 22, 23, 24, 25, 26, 27, 28, 29, 30, 31, 32, 33, 34, 35, 36, 37, 38, 39, 40, 41, 42, 43, 44, 45, 46, 47, 48, 49, 50, 51, 52, 53, 54, 55, 56, 57, 58, 59, 60, 61, 62, 63, 64, 65, 66, 67, 68, 69, 70, 71, 72, 73, 74, 75, 76, 77, 78, 79, 80, 81, 82, 83, 84, 85, 86, 87, 88, 89, 90, 91, 92, 93, 94, 95, 96, 97, 98, 99, 100], "Miss Rate P(99)": [0.9995669284457155, 0.9989001618536503, 0.9981632687733606, 0.9973676390713972, 0.9971581744231202, 0.9936852773171181, 0.9914608843537415, 0.9892078853046595, 0.9876373456790123, 0.9864060214060214, 0.973775036896479, 0.4637292307692308, 0.4045417451349651, 0.3701679782082321, 0.33761243386243367, 0.2984601033295063, 0.2802399474641341, 0.27120555438670285, 0.24714496107721437, 0.21431451612903216, 0.19540115301465288, 0.1849078040603462, 0.16212499999999996, 0.16106178160919524, 0.1408616577221228, 0.1397481146304674, 0.1386080586080583, 0.1386080586080583, 0.11790970690198543, 0.11790970690198543, 0.11672807017543838, 0.11672807017543838, 0.10566504065040638, 0.09723467369808829, 0.09598232848232846, 0.09308624801271842, 0.08554103122730562, 0.08430163994840585, 0.07925141373875944, 0.07925141373875944, 0.07925141373875944, 0.06627218239511094, 0.06002989757859213, 0.06002989757859213, 0.05964494569757721, 0.05527777777777774, 0.05527777777777774, 0.05527777777777774, 0.05527777777777774, 0.051517793954099673, 0.050609282614763836, 0.04975896414342627, 0.04975896414342627, 0.049538167938931246, 0.049538167938931246, 0.04560335877862593, 0.0438742857142857, 0.04256052782558803, 0.04256052782558803, 0.03997374111831941, 0.037862465616403995, 0.037862465616403995, 0.037862465616403995, 0.03570923980995242, 0.030549919359034332, 0.028381591562799593, 0.028381591562799593, 0.028381591562799593, 0.028381591562799593, 0.028381591562799593, 0.028381591562799593, 0.028381591562799593, 0.026088486676721964, 0.025050242550242477, 0.023089104729729686, 0.023089104729729686, 0.023089104729729686, 0.023089104729729686, 0.023016237745097985, 0.023016237745097985, 0.023016237745097985, 0.023016237745097985, 0.023016237745097985, 0.023016237745097985, 0.023016237745097985, 0.023016237745097985, 0.019045183290707517, 0.019045183290707517, 0.019045183290707517, 0.014395149364093451, 0.014395149364093451, 0.01355621195846759, 0.01355621195846759, 0.01355621195846759, 0.01355621195846759, 0.012900210443889698, 0.0071721084670724935, 0.0071721084670724935, 0.0071721084670724935, 0.006972075543504113]}