{"tpot_based_throughput": 111.4585508182355, "tbt_based_throughput": 25.209536181614826, "deadline_based_throughput": 29.5696422140528}