{"Number of Requests": 256, "Number of Errored Requests": 0, "Number of Completed Requests": 256, "Error Rate": 0.0, "Deadline Miss Rate": 0.820753517300378, "Number of Prompt Tokens (Mean)": 6475.9375, "Number of Prompt Tokens (P50)": 7793.166095210145, "Number of Prompt Tokens (P90)": 8078.831292220465, "Number of Prompt Tokens (P99)": 8160.024923752189, "Number of Output Tokens (Mean)": 184.85546875, "Number of Output Tokens (P50)": 160.9351025012422, "Number of Output Tokens (P90)": 308.8949992819657, "Number of Output Tokens (P99)": 455.32048804743, "Number of Total Tokens (Mean)": 6660.79296875, "Number of Total Tokens (P50)": 8030.503416967201, "Number of Total Tokens (P90)": 8192.730401697612, "Number of Total Tokens (P99)": 8192.730401697612, "Time per Output Token (Mean)": 0.05661714053958861, "Time per Output Token (P50)": 0.053557390753811995, "Time per Output Token (P90)": 0.08021848206260028, "Time per Output Token (P99)": 0.11383545797325695, "Time to First Token (Mean)": 0.65713361237556, "Time to First Token (P50)": 0.5798413880809572, "Time to First Token (P90)": 1.0628984043498855, "Time to First Token (P99)": 1.8239412839793383, "Time Between Tokens (Mean)": 0.055579970521885555, "Time Between Tokens (P50)": 0.03152414079143062, "Time Between Tokens (P90)": 0.03611663895316584, "Time Between Tokens (P99)": 0.540640514157418, "End to End Latency (Mean)": 10.87581514578801, "End to End Latency (P50)": 10.024180942248588, "End to End Latency (P90)": 19.201732032677477, "End to End Latency (P99)": 28.19093896461661, "Normalized End to End Latency (Mean)": 0.061199022740504996, "Normalized End to End Latency (P50)": 0.05675557121020511, "Normalized End to End Latency (P90)": 0.0862072225102351, "Normalized End to End Latency (P99)": 0.11871837226843242, "Output Throughput (Mean)": 17.75987075689131, "Output Throughput (P50)": 17.619398037530317, "Output Throughput (P90)": 24.16730197981858, "Output Throughput (P99)": 29.28280915763449, "Deadline Miss Rate with 0.03s TBT Deadline, 0.3s TTFT Deadline, 0.0s TTFT Slack, Using Predictions for TTFT: False  (Mean)": 0.7808163610094793, "Deadline Miss Rate with 0.03s TBT Deadline, 0.3s TTFT Deadline, 0.0s TTFT Slack, Using Predictions for TTFT: False  (P50)": 0.9039325504868199, "Deadline Miss Rate with 0.03s TBT Deadline, 0.3s TTFT Deadline, 0.0s TTFT Slack, Using Predictions for TTFT: False  (P90)": 0.9792184681053213, "Deadline Miss Rate with 0.03s TBT Deadline, 0.3s TTFT Deadline, 0.0s TTFT Slack, Using Predictions for TTFT: False  (P99)": 0.9890597806185508, "Min Deadline to Meet Target Deadline Miss Rate of 10.0% (Mean)": 0.08643189276231088, "Min Deadline to Meet Target Deadline Miss Rate of 10.0% (P50)": 0.06038579186916246, "Min Deadline to Meet Target Deadline Miss Rate of 10.0% (P90)": 0.1473416648620447, "Min Deadline to Meet Target Deadline Miss Rate of 10.0% (P99)": 0.3106771870425512}