{"Target TBT (ms)": [1, 2, 3, 4, 5, 6, 7, 8, 9, 10, 11, 12, 13, 14, 15, 16, 17, 18, 19, 20, 21, 22, 23, 24, 25, 26, 27, 28, 29, 30, 31, 32, 33, 34, 35, 36, 37, 38, 39, 40, 41, 42, 43, 44, 45, 46, 47, 48, 49, 50, 51, 52, 53, 54, 55, 56, 57, 58, 59, 60, 61, 62, 63, 64, 65, 66, 67, 68, 69, 70, 71, 72, 73, 74, 75, 76, 77, 78, 79, 80, 81, 82, 83, 84, 85, 86, 87, 88, 89, 90, 91, 92, 93, 94, 95, 96, 97, 98, 99, 100], "Miss Rate P(99)": [0.9999640590562129, 0.9999275373219455, 0.9998902698965213, 0.9998521283742385, 0.9997976293344008, 0.999756689707447, 0.9997087235522016, 0.9996639480273853, 0.9996189148888339, 0.9995891202716836, 0.9995078337387323, 0.9993845987599619, 0.9992834280739489, 0.9991659252591921, 0.999133865751811, 0.9990781594971717, 0.9990073950906179, 0.998830221062935, 0.9978602496906166, 0.9977295918367346, 0.9974606972632226, 0.9972398715583795, 0.9965577609277431, 0.9964216250067743, 0.9952654014382089, 0.9951168716423562, 0.9944259745013115, 0.9943057946069994, 0.9941579749208953, 0.9909591829923572, 0.9888758096021384, 0.9849207401374974, 0.9813003332407664, 0.9505625010867487, 0.8696968867976144, 0.8028068781567447, 0.7702711468604045, 0.7430712833914053, 0.6840372138052857, 0.6735505698005698, 0.6670891349429713, 0.6545702712222613, 0.6479878048780487, 0.6399107142857142, 0.6327527866242038, 0.6220696721311475, 0.6120454545454544, 0.6051076888319903, 0.5958806818181818, 0.5861886194711831, 0.5791926769868151, 0.5695643895008202, 0.5645828336731022, 0.5550837910153499, 0.5458328621508537, 0.5393079096045196, 0.5336254172627563, 0.5267408835904627, 0.5164923572003216, 0.5081081081081079, 0.49960117912259394, 0.4927750637843395, 0.4869969666329624, 0.4812810327706056, 0.47282125768967853, 0.4612720858710726, 0.45823170731707297, 0.4527757020985116, 0.4452373331626283, 0.4420163170163169, 0.434175824175824, 0.424596609477124, 0.42115424359327625, 0.4125299422291108, 0.40896078431372546, 0.4039089424995465, 0.39876495347806823, 0.3950287807430664, 0.385797291057411, 0.381985193843756, 0.3740833333333333, 0.37104885057471254, 0.3674588924588924, 0.3674588924588924, 0.3654644080700419, 0.3631253594019551, 0.3566046966731898, 0.349605315747402, 0.349605315747402, 0.34243723208818116, 0.34029505500154206, 0.33509384775808115, 0.3329201680672268, 0.3329201680672268, 0.3307142857142856, 0.3307142857142856, 0.32845415778251597, 0.3243496801705756, 0.31716247139588094, 0.31716247139588094]}