{"tpot_based_throughput": 17.662495676565758, "tbt_based_throughput": 1.850404340925629, "deadline_based_throughput": 4.355589551095031}