{"Number of Requests": 256, "Number of Errored Requests": 0, "Number of Completed Requests": 256, "Error Rate": 0.0, "Deadline Miss Rate": 0.09247345167041314, "Number of Prompt Tokens (Mean)": 6475.9375, "Number of Prompt Tokens (P50)": 7793.166095210145, "Number of Prompt Tokens (P90)": 8078.831292220465, "Number of Prompt Tokens (P99)": 8160.024923752189, "Number of Output Tokens (Mean)": 184.8515625, "Number of Output Tokens (P50)": 160.9351025012422, "Number of Output Tokens (P90)": 308.8949992819657, "Number of Output Tokens (P99)": 455.32048804743, "Number of Total Tokens (Mean)": 6660.7890625, "Number of Total Tokens (P50)": 8030.503416967201, "Number of Total Tokens (P90)": 8192.730401697612, "Number of Total Tokens (P99)": 8192.730401697612, "Time per Output Token (Mean)": 0.020937580241424465, "Time per Output Token (P50)": 0.019351181247231664, "Time per Output Token (P90)": 0.031335562185376316, "Time per Output Token (P99)": 0.04778700618048432, "Time to First Token (Mean)": 0.40473427789902416, "Time to First Token (P50)": 0.37269278590095706, "Time to First Token (P90)": 0.6293922206755027, "Time to First Token (P99)": 0.9408227502341979, "Time Between Tokens (Mean)": 0.020878627473236534, "Time Between Tokens (P50)": 0.014566922399577159, "Time Between Tokens (P90)": 0.017300811824038694, "Time Between Tokens (P99)": 0.3039169222488286, "End to End Latency (Mean)": 4.243873461678959, "End to End Latency (P50)": 3.7772640187688933, "End to End Latency (P90)": 7.470785670094238, "End to End Latency (P99)": 10.517076656543349, "Normalized End to End Latency (Mean)": 0.023906569802161663, "Normalized End to End Latency (P50)": 0.021774803602925667, "Normalized End to End Latency (P90)": 0.03518970834582203, "Normalized End to End Latency (P99)": 0.05207858323916838, "Output Throughput (Mean)": 46.640734353230386, "Output Throughput (P50)": 45.924593315993896, "Output Throughput (P90)": 65.30057834625956, "Output Throughput (P99)": 80.88278148043352, "Deadline Miss Rate with 0.03s TBT Deadline, 0.3s TTFT Deadline, 0.0s TTFT Slack, Using Predictions for TTFT: False  (Mean)": 0.09328397695693678, "Deadline Miss Rate with 0.03s TBT Deadline, 0.3s TTFT Deadline, 0.0s TTFT Slack, Using Predictions for TTFT: False  (P50)": 0.048752368066212935, "Deadline Miss Rate with 0.03s TBT Deadline, 0.3s TTFT Deadline, 0.0s TTFT Slack, Using Predictions for TTFT: False  (P90)": 0.2589809038437427, "Deadline Miss Rate with 0.03s TBT Deadline, 0.3s TTFT Deadline, 0.0s TTFT Slack, Using Predictions for TTFT: False  (P99)": 0.482390781698451, "Min Deadline to Meet Target Deadline Miss Rate of 10.0% (Mean)": 0.03379843961088051, "Min Deadline to Meet Target Deadline Miss Rate of 10.0% (P50)": 0.021774803602925667, "Min Deadline to Meet Target Deadline Miss Rate of 10.0% (P90)": 0.06272460883111167, "Min Deadline to Meet Target Deadline Miss Rate of 10.0% (P99)": 0.1654640878312661}