{"Target TBT (ms)": [1, 2, 3, 4, 5, 6, 7, 8, 9, 10, 11, 12, 13, 14, 15, 16, 17, 18, 19, 20, 21, 22, 23, 24, 25, 26, 27, 28, 29, 30, 31, 32, 33, 34, 35, 36, 37, 38, 39, 40, 41, 42, 43, 44, 45, 46, 47, 48, 49, 50, 51, 52, 53, 54, 55, 56, 57, 58, 59, 60, 61, 62, 63, 64, 65, 66, 67, 68, 69, 70, 71, 72, 73, 74, 75, 76, 77, 78, 79, 80, 81, 82, 83, 84, 85, 86, 87, 88, 89, 90, 91, 92, 93, 94, 95, 96, 97, 98, 99, 100], "Miss Rate P(99)": [0.999880334851246, 0.9995560160153679, 0.9993155498325169, 0.9989453211211653, 0.9984355986913531, 0.9981115404677503, 0.9976548435751471, 0.9963599933763868, 0.9951008593721908, 0.9946446660674285, 0.9941022837706511, 0.9937152490240151, 0.9934067962219085, 0.9913110751154413, 0.9855573394495413, 0.9810651629072681, 0.9337189402134427, 0.8033246782569428, 0.6428961901043115, 0.6185441233255112, 0.5985082390844711, 0.579618324808887, 0.5601175577803809, 0.5420969691736459, 0.523084737935811, 0.5072434430557996, 0.49079517090316316, 0.4781004709576136, 0.4645864661654133, 0.4553582887700533, 0.4411227390962433, 0.4295828816809806, 0.41579913465320567, 0.4060997087312876, 0.394071856287425, 0.38459999999999994, 0.37156370270405337, 0.36234006397441004, 0.3544388094872187, 0.3475496861924684, 0.33803393482359256, 0.33551909599608826, 0.32823010323010304, 0.32297808652434196, 0.318124606670862, 0.30908129699248105, 0.30490890688259104, 0.2969497716894976, 0.2955076452599388, 0.28584852294154617, 0.2826322801674914, 0.2826322801674914, 0.27257338551859095, 0.26995433789954326, 0.2615384615384615, 0.2595712560386473, 0.251886086474501, 0.24521704883598808, 0.24113631001533556, 0.2390128144280968, 0.23656313402553997, 0.225989483499974, 0.22203511801957387, 0.21984955682386034, 0.2158322704081631, 0.21196657821128864, 0.2101189617880316, 0.20710526315789457, 0.19954844006568118, 0.19766140865737322, 0.19766140865737322, 0.19766140865737322, 0.19719721767594087, 0.1870338595287117, 0.18508529806402127, 0.18508529806402127, 0.18508529806402127, 0.18508529806402127, 0.18208905415713178, 0.1800977854472245, 0.1800977854472245, 0.17260060083801074, 0.17260060083801074, 0.17260060083801074, 0.1672391704700134, 0.1672391704700134, 0.1651811594202897, 0.1651811594202897, 0.16502490942028972, 0.16502490942028972, 0.16502490942028972, 0.15630134735458406, 0.1507220141489802, 0.14859384808537332, 0.14859384808537332, 0.14859384808537332, 0.14859384808537332, 0.14859384808537332, 0.14859384808537332, 0.14291468792401607]}