{"tpot_based_throughput": 47.76101098929882, "tbt_based_throughput": 3.2933055058572602, "deadline_based_throughput": 7.01165830295737}