{"Number of Requests": 512, "Number of Errored Requests": 0, "Number of Completed Requests": 512, "Error Rate": 0.0, "Deadline Miss Rate": 0.013507277989848568, "Number of Prompt Tokens (Mean)": 6537.701171875, "Number of Prompt Tokens (P50)": 7840.065665426578, "Number of Prompt Tokens (P90)": 8095.005128641327, "Number of Prompt Tokens (P99)": 8160.024923752189, "Number of Output Tokens (Mean)": 184.283203125, "Number of Output Tokens (P50)": 170.88677687557998, "Number of Output Tokens (P90)": 308.2778264562278, "Number of Output Tokens (P99)": 434.8501656627444, "Number of Total Tokens (Mean)": 6721.984375, "Number of Total Tokens (P50)": 8078.831292220465, "Number of Total Tokens (P90)": 8192.730401697612, "Number of Total Tokens (P99)": 8192.730401697612, "Time per Output Token (Mean)": 0.014517144204008237, "Time per Output Token (P50)": 0.01385648497995479, "Time per Output Token (P90)": 0.018042921381796924, "Time per Output Token (P99)": 0.024996943298040815, "Time to First Token (Mean)": 0.2562416200335065, "Time to First Token (P50)": 0.2783152190057239, "Time to First Token (P90)": 0.3433514034740295, "Time to First Token (P99)": 0.49410821108627984, "Time Between Tokens (Mean)": 0.014402804962471406, "Time Between Tokens (P50)": 0.011481686525419796, "Time Between Tokens (P90)": 0.011878776273103181, "Time Between Tokens (P99)": 0.1922418527962633, "End to End Latency (Mean)": 2.896033847539911, "End to End Latency (P50)": 2.656474388163431, "End to End Latency (P90)": 4.754064896007301, "End to End Latency (P99)": 6.855149637046233, "Normalized End to End Latency (Mean)": 0.01642883601910366, "Normalized End to End Latency (P50)": 0.015436786406624717, "Normalized End to End Latency (P90)": 0.02063014767483993, "Normalized End to End Latency (P99)": 0.030531337525224085, "Output Throughput (Mean)": 64.00886080616115, "Output Throughput (P50)": 64.78025760405994, "Output Throughput (P90)": 78.80693145854929, "Output Throughput (P99)": 100.38381974319665, "Deadline Miss Rate with 0.03s TBT Deadline, 0.3s TTFT Deadline, 0.0s TTFT Slack, Using Predictions for TTFT: False  (Mean)": 0.01805947962827031, "Deadline Miss Rate with 0.03s TBT Deadline, 0.3s TTFT Deadline, 0.0s TTFT Slack, Using Predictions for TTFT: False  (P50)": 0, "Deadline Miss Rate with 0.03s TBT Deadline, 0.3s TTFT Deadline, 0.0s TTFT Slack, Using Predictions for TTFT: False  (P90)": 0.05260198187756881, "Deadline Miss Rate with 0.03s TBT Deadline, 0.3s TTFT Deadline, 0.0s TTFT Slack, Using Predictions for TTFT: False  (P99)": 0.21718603056266375, "Min Deadline to Meet Target Deadline Miss Rate of 10.0% (Mean)": 0.015928844918025983, "Min Deadline to Meet Target Deadline Miss Rate of 10.0% (P50)": 0.012971482974956107, "Min Deadline to Meet Target Deadline Miss Rate of 10.0% (P90)": 0.021774803602925667, "Min Deadline to Meet Target Deadline Miss Rate of 10.0% (P99)": 0.051354562801178213}