{"Target TBT (ms)": [1, 2, 3, 4, 5, 6, 7, 8, 9, 10, 11, 12, 13, 14, 15, 16, 17, 18, 19, 20, 21, 22, 23, 24, 25, 26, 27, 28, 29, 30, 31, 32, 33, 34, 35, 36, 37, 38, 39, 40, 41, 42, 43, 44, 45, 46, 47, 48, 49, 50, 51, 52, 53, 54, 55, 56, 57, 58, 59, 60, 61, 62, 63, 64, 65, 66, 67, 68, 69, 70, 71, 72, 73, 74, 75, 76, 77, 78, 79, 80, 81, 82, 83, 84, 85, 86, 87, 88, 89, 90, 91, 92, 93, 94, 95, 96, 97, 98, 99, 100], "Miss Rate P(99)": [0.9996898193911424, 0.9992011378810018, 0.9986942833500222, 0.9979433179329227, 0.9978069806970928, 0.9953915186039152, 0.9942267857142858, 0.9940194420963652, 0.993306928787903, 0.9919282717020719, 0.9799642276422764, 0.618087044534413, 0.5457694341618188, 0.5155238095238094, 0.48999544003647966, 0.46982542414556183, 0.44966666666666666, 0.41987675466358854, 0.3865397079333825, 0.34885485499265784, 0.3191045154743784, 0.2928803921568627, 0.2765985247629083, 0.26044873949579833, 0.24030127041742275, 0.2282677255985266, 0.21046028661646807, 0.20606382978723384, 0.1980524661508703, 0.19611907114624472, 0.18792353823088434, 0.17953741152679464, 0.1775180878552968, 0.17325146198830382, 0.16893464052287563, 0.16245562130177477, 0.1484999999999998, 0.1484999999999998, 0.1484999999999998, 0.1484999999999998, 0.14248086124401876, 0.14224524312896367, 0.12816106804478877, 0.11594120228170246, 0.11594120228170246, 0.10651228070175438, 0.10416040100250612, 0.09516731016731016, 0.09516731016731016, 0.09380300065231553, 0.09380300065231553, 0.09380300065231553, 0.09380300065231553, 0.0811994654193116, 0.0811994654193116, 0.0811994654193116, 0.0811994654193116, 0.0811994654193116, 0.0811994654193116, 0.07276084010840103, 0.06807137834036552, 0.06807137834036552, 0.05689338563023711, 0.05689338563023711, 0.05504953998584565, 0.05504953998584565, 0.05504953998584565, 0.05504953998584565, 0.05504953998584565, 0.05504953998584565, 0.05504953998584565, 0.054944444444444365, 0.04908333333333322, 0.04908333333333322, 0.04908333333333322, 0.04908333333333322, 0.04908333333333322, 0.04908333333333322, 0.04908333333333322, 0.042188967136150224, 0.038443548387096745, 0.03196876807403118, 0.03196876807403118, 0.03196876807403118, 0.03196876807403118, 0.028558652729384435, 0.028558652729384435, 0.028558652729384435, 0.028558652729384435, 0.028558652729384435, 0.0281457160725453, 0.0281457160725453, 0.0281457160725453, 0.0281457160725453, 0.0281457160725453, 0.0281457160725453, 0.0281457160725453, 0.025050242550242477, 0.025050242550242477, 0.025050242550242477]}