{"tpot_based_throughput": 68.88407154651644, "tbt_based_throughput": 5.182727250618184, "deadline_based_throughput": 20.917161728144183}