{"Number of Requests": 256, "Number of Errored Requests": 0, "Number of Completed Requests": 256, "Error Rate": 0.0, "Deadline Miss Rate": 0.5713558924052284, "Number of Prompt Tokens (Mean)": 6475.9375, "Number of Prompt Tokens (P50)": 7793.166095210145, "Number of Prompt Tokens (P90)": 8078.831292220465, "Number of Prompt Tokens (P99)": 8160.024923752189, "Number of Output Tokens (Mean)": 184.85546875, "Number of Output Tokens (P50)": 160.9351025012422, "Number of Output Tokens (P90)": 308.8949992819657, "Number of Output Tokens (P99)": 455.32048804743, "Number of Total Tokens (Mean)": 6660.79296875, "Number of Total Tokens (P50)": 8030.503416967201, "Number of Total Tokens (P90)": 8192.730401697612, "Number of Total Tokens (P99)": 8192.730401697612, "Time per Output Token (Mean)": 0.04919678985987889, "Time per Output Token (P50)": 0.047028498075046575, "Time per Output Token (P90)": 0.06849452981161297, "Time per Output Token (P99)": 0.09080859859575041, "Time to First Token (Mean)": 0.583788126874623, "Time to First Token (P50)": 0.5278196038654965, "Time to First Token (P90)": 0.9370669745404243, "Time to First Token (P99)": 1.4873553831999564, "Time Between Tokens (Mean)": 0.04844197080682223, "Time Between Tokens (P50)": 0.02910044889435089, "Time Between Tokens (P90)": 0.034081463790840066, "Time Between Tokens (P99)": 0.4756843629880232, "End to End Latency (Mean)": 9.49010937673674, "End to End Latency (P50)": 8.66247275778687, "End to End Latency (P90)": 16.29731597809612, "End to End Latency (P99)": 23.31275299475424, "Normalized End to End Latency (Mean)": 0.05329737851775415, "Normalized End to End Latency (P50)": 0.05003655211505374, "Normalized End to End Latency (P90)": 0.07449663177686719, "Normalized End to End Latency (P99)": 0.10571576496756607, "Output Throughput (Mean)": 20.227187212782518, "Output Throughput (P50)": 19.865816608672393, "Output Throughput (P90)": 27.085556075850388, "Output Throughput (P99)": 32.75319986141552, "Deadline Miss Rate with 0.03s TBT Deadline, 0.3s TTFT Deadline, 0.0s TTFT Slack, Using Predictions for TTFT: False  (Mean)": 0.53221735143039, "Deadline Miss Rate with 0.03s TBT Deadline, 0.3s TTFT Deadline, 0.0s TTFT Slack, Using Predictions for TTFT: False  (P50)": 0.5215236179873911, "Deadline Miss Rate with 0.03s TBT Deadline, 0.3s TTFT Deadline, 0.0s TTFT Slack, Using Predictions for TTFT: False  (P90)": 0.9221932054484151, "Deadline Miss Rate with 0.03s TBT Deadline, 0.3s TTFT Deadline, 0.0s TTFT Slack, Using Predictions for TTFT: False  (P99)": 0.9851114421214094, "Min Deadline to Meet Target Deadline Miss Rate of 10.0% (Mean)": 0.07246528711252608, "Min Deadline to Meet Target Deadline Miss Rate of 10.0% (P50)": 0.05218284466707463, "Min Deadline to Meet Target Deadline Miss Rate of 10.0% (P90)": 0.11824444710361351, "Min Deadline to Meet Target Deadline Miss Rate of 10.0% (P99)": 0.28167512185208793}