{"Target TBT (ms)": [1, 2, 3, 4, 5, 6, 7, 8, 9, 10, 11, 12, 13, 14, 15, 16, 17, 18, 19, 20, 21, 22, 23, 24, 25, 26, 27, 28, 29, 30, 31, 32, 33, 34, 35, 36, 37, 38, 39, 40, 41, 42, 43, 44, 45, 46, 47, 48, 49, 50, 51, 52, 53, 54, 55, 56, 57, 58, 59, 60, 61, 62, 63, 64, 65, 66, 67, 68, 69, 70, 71, 72, 73, 74, 75, 76, 77, 78, 79, 80, 81, 82, 83, 84, 85, 86, 87, 88, 89, 90, 91, 92, 93, 94, 95, 96, 97, 98, 99, 100], "Miss Rate P(99)": [0.9999569719160665, 0.9999096242861739, 0.9998633869690567, 0.9997998492431635, 0.9997172225096207, 0.999658510676752, 0.9995418123555316, 0.9994332877429313, 0.9993351494228072, 0.9991910204081632, 0.9990607663265899, 0.9989962296300324, 0.9989404599355634, 0.9984559533272769, 0.9983156050982492, 0.9981426135174363, 0.9978337619826981, 0.997330815234498, 0.9965124375720322, 0.9963755707762557, 0.9957518141718839, 0.9949371368463233, 0.9947974363032125, 0.9937917146144993, 0.99371362277804, 0.9936852194606028, 0.9929742907801419, 0.9922408220582662, 0.9889541072504519, 0.9847007772020725, 0.9799642659717286, 0.9038894095595122, 0.8103950901419256, 0.7010714285714285, 0.6615392883053135, 0.6529558136027743, 0.6416205061366346, 0.6299632026259939, 0.6215651631677401, 0.6127746260959251, 0.6035632294433688, 0.5930114269788178, 0.5791416926396542, 0.5721171685457395, 0.5633713425129082, 0.5529927519289216, 0.5436022589753928, 0.5370400382305882, 0.5287855297157618, 0.5178571428571423, 0.5105030480711057, 0.501042667691716, 0.49314221891288135, 0.48363095238095205, 0.47520781817225205, 0.46473749932135267, 0.45569123970658476, 0.44743790395038097, 0.4374130861116062, 0.4283530482256595, 0.42047101449275354, 0.4133036707452725, 0.4051029411764706, 0.3991818488529014, 0.39309366130558177, 0.39309366130558177, 0.3823333333333331, 0.3805011185682325, 0.3729613899613897, 0.36811753614079185, 0.3647774244833068, 0.3606177606177605, 0.35244264730153485, 0.34807885065152006, 0.34183282208588944, 0.33717105263157876, 0.33303372868791686, 0.3238571428571428, 0.3238571428571428, 0.3238571428571428, 0.3213470757430487, 0.3169681937554712, 0.3118456078083406, 0.30923168552709923, 0.3047240128928283, 0.2993872549019606, 0.2993872549019606, 0.2920206659012628, 0.28542725930785606, 0.285384696237124, 0.2832233858332643, 0.2796855010660977, 0.2739285714285712, 0.2739285714285712, 0.26706142778085207, 0.26706142778085207, 0.26410813823857276, 0.26410813823857276, 0.2611117349803478, 0.25467410714285693]}