{"tpot_based_throughput": 20.32652949202937, "tbt_based_throughput": 2.10243466651241, "deadline_based_throughput": 4.934361274059437}