{"Number of Requests": 622, "Number of Errored Requests": 0, "Number of Completed Requests": 621, "Error Rate": 0.0, "Deadline Miss Rate": 0.05685665914221219, "Number of Prompt Tokens (Mean)": 6548.608695652174, "Number of Prompt Tokens (P50)": 7871.488742819985, "Number of Prompt Tokens (P90)": 8095.005128641327, "Number of Prompt Tokens (P99)": 8160.024923752189, "Number of Output Tokens (Mean)": 184.39613526570048, "Number of Output Tokens (P50)": 171.91518000381075, "Number of Output Tokens (P90)": 313.8770712229126, "Number of Output Tokens (P99)": 455.32048804743, "Number of Total Tokens (Mean)": 6733.004830917875, "Number of Total Tokens (P50)": 8192.730401697612, "Number of Total Tokens (P90)": 8192.730401697612, "Number of Total Tokens (P99)": 8192.730401697612, "Time per Output Token (Mean)": 0.016707348222823874, "Time per Output Token (P50)": 0.015161409982456598, "Time per Output Token (P90)": 0.023167571576157994, "Time per Output Token (P99)": 0.03904651774248419, "Time to First Token (Mean)": 0.38890038055077947, "Time to First Token (P50)": 0.3468021436035349, "Time to First Token (P90)": 0.477590911630712, "Time to First Token (P99)": 3.2059225252080576, "Time Between Tokens (Mean)": 0.016468282341052725, "Time Between Tokens (P50)": 0.011597079432065257, "Time Between Tokens (P90)": 0.014335706226092027, "Time Between Tokens (P99)": 0.25385273666706837, "End to End Latency (Mean)": 3.409119716364232, "End to End Latency (P50)": 2.9299924854513, "End to End Latency (P90)": 5.912094052908851, "End to End Latency (P99)": 9.806057049229992, "Normalized End to End Latency (Mean)": 0.019650821242002174, "Normalized End to End Latency (P50)": 0.017370153685716334, "Normalized End to End Latency (P90)": 0.026436709825988915, "Normalized End to End Latency (P99)": 0.05848403626551822, "Output Throughput (Mean)": 57.36708813047362, "Output Throughput (P50)": 57.56995695566639, "Output Throughput (P90)": 77.24644914806974, "Output Throughput (P99)": 93.41024346874016, "Deadline Miss Rate with 0.03s TBT Deadline, 0.3s TTFT Deadline, 0.0s TTFT Slack, Using Predictions for TTFT: False  (Mean)": 0.05487943286027997, "Deadline Miss Rate with 0.03s TBT Deadline, 0.3s TTFT Deadline, 0.0s TTFT Slack, Using Predictions for TTFT: False  (P50)": 0.01658922540519253, "Deadline Miss Rate with 0.03s TBT Deadline, 0.3s TTFT Deadline, 0.0s TTFT Slack, Using Predictions for TTFT: False  (P90)": 0.14529325321002828, "Deadline Miss Rate with 0.03s TBT Deadline, 0.3s TTFT Deadline, 0.0s TTFT Slack, Using Predictions for TTFT: False  (P99)": 0.5449829864474937, "Min Deadline to Meet Target Deadline Miss Rate of 10.0% (Mean)": 0.027380268910302354, "Min Deadline to Meet Target Deadline Miss Rate of 10.0% (P50)": 0.01609893953850904, "Min Deadline to Meet Target Deadline Miss Rate of 10.0% (P90)": 0.039994970390930897, "Min Deadline to Meet Target Deadline Miss Rate of 10.0% (P99)": 0.2053578878323367}