{"Target TBT (ms)": [1, 2, 3, 4, 5, 6, 7, 8, 9, 10, 11, 12, 13, 14, 15, 16, 17, 18, 19, 20, 21, 22, 23, 24, 25, 26, 27, 28, 29, 30, 31, 32, 33, 34, 35, 36, 37, 38, 39, 40, 41, 42, 43, 44, 45, 46, 47, 48, 49, 50, 51, 52, 53, 54, 55, 56, 57, 58, 59, 60, 61, 62, 63, 64, 65, 66, 67, 68, 69, 70, 71, 72, 73, 74, 75, 76, 77, 78, 79, 80, 81, 82, 83, 84, 85, 86, 87, 88, 89, 90, 91, 92, 93, 94, 95, 96, 97, 98, 99, 100], "Miss Rate P(99)": [0.9998435314807719, 0.9995818558133476, 0.9991083578788131, 0.9983529829626829, 0.9979303473966906, 0.9972544088725538, 0.9968120078219967, 0.9951672236781995, 0.9947589702240396, 0.9940585146286571, 0.9924242424242424, 0.988423645320197, 0.9829807289484707, 0.977674578603371, 0.935560344827584, 0.7996637658227824, 0.6219967696345649, 0.5885310734463274, 0.5735446182770424, 0.5481045751633985, 0.5333021333021328, 0.5166666666666657, 0.4966666666666659, 0.4826086956521724, 0.4691000502765189, 0.4551448551448527, 0.44119978858350667, 0.42796234772978675, 0.4152729384436675, 0.40809162576230584, 0.4007317073170705, 0.3931864353805255, 0.3854487179487152, 0.36727206017244324, 0.36191278308066394, 0.35447293447293254, 0.34504442925495366, 0.3271929824561389, 0.31879403232490583, 0.31263492063491954, 0.29740716326082106, 0.29282233052724804, 0.2766432600437434, 0.2734153703273739, 0.26239316239316207, 0.26111111111111046, 0.2600907029478449, 0.251796493245185, 0.24865023474178294, 0.24011904761904698, 0.2368389057750746, 0.2368389057750746, 0.22806043786617242, 0.22806043786617242, 0.22463768115941865, 0.21560102301790168, 0.21560102301790168, 0.21560102301790168, 0.2062946138870857, 0.2062946138870857, 0.2062946138870857, 0.2062946138870857, 0.19313131313131227, 0.19176379176379058, 0.18520053278081888, 0.18520053278081888, 0.18448275862068847, 0.18045092838196192, 0.17972693972693862, 0.17238550922761378, 0.17216905901116353, 0.15885167464114827, 0.15688347506320363, 0.15688347506320363, 0.15614035087719258, 0.14487098804279408, 0.14487098804279408, 0.14487098804279408, 0.14219269102990018, 0.13918346253229966, 0.13918346253229966, 0.1325974025974023, 0.1325974025974023, 0.1325974025974023, 0.12562770562770526, 0.12562770562770526, 0.12562770562770526, 0.12295639320029465, 0.11002710027100246, 0.11002710027100246, 0.11002710027100246, 0.11002710027100246, 0.11002710027100246, 0.10856102003642928, 0.10856102003642928, 0.10856102003642928, 0.09820071971211512, 0.09820071971211512, 0.09820071971211512, 0.09623059866962276]}