{"tpot_based_throughput": 59.85390300502048, "tbt_based_throughput": 3.939724162822099, "deadline_based_throughput": 10.451378221617327}