{"Number of Requests": 256, "Number of Errored Requests": 0, "Number of Completed Requests": 256, "Error Rate": 0.0, "Deadline Miss Rate": 0.04688768057133582, "Number of Prompt Tokens (Mean)": 6475.9375, "Number of Prompt Tokens (P50)": 7793.166095210145, "Number of Prompt Tokens (P90)": 8078.831292220465, "Number of Prompt Tokens (P99)": 8160.024923752189, "Number of Output Tokens (Mean)": 184.85546875, "Number of Output Tokens (P50)": 160.9351025012422, "Number of Output Tokens (P90)": 308.8949992819657, "Number of Output Tokens (P99)": 454.4107568025799, "Number of Total Tokens (Mean)": 6660.79296875, "Number of Total Tokens (P50)": 8030.503416967201, "Number of Total Tokens (P90)": 8192.730401697612, "Number of Total Tokens (P99)": 8192.730401697612, "Time per Output Token (Mean)": 0.01644395525663825, "Time per Output Token (P50)": 0.015010551382498934, "Time per Output Token (P90)": 0.023400409619434216, "Time per Output Token (P99)": 0.03287635283901393, "Time to First Token (Mean)": 0.3317661558329519, "Time to First Token (P50)": 0.34403879367117474, "Time to First Token (P90)": 0.5010743777498001, "Time to First Token (P99)": 0.6831774612672743, "Time Between Tokens (Mean)": 0.016319140778014458, "Time Between Tokens (P50)": 0.011643560665779715, "Time Between Tokens (P90)": 0.014193063518509087, "Time Between Tokens (P99)": 0.2371645726017134, "End to End Latency (Mean)": 3.332193179815704, "End to End Latency (P50)": 2.9358583362730246, "End to End Latency (P90)": 5.771892892424462, "End to End Latency (P99)": 8.872887045775503, "Normalized End to End Latency (Mean)": 0.018909458959831833, "Normalized End to End Latency (P50)": 0.017266244767447207, "Normalized End to End Latency (P90)": 0.025450962341686013, "Normalized End to End Latency (P99)": 0.04080292265917775, "Output Throughput (Mean)": 57.929662066312424, "Output Throughput (P50)": 57.68521212474681, "Output Throughput (P90)": 77.09211058833333, "Output Throughput (P99)": 92.48079570842596, "Deadline Miss Rate with 0.03s TBT Deadline, 0.3s TTFT Deadline, 0.0s TTFT Slack, Using Predictions for TTFT: False  (Mean)": 0.05363698917333862, "Deadline Miss Rate with 0.03s TBT Deadline, 0.3s TTFT Deadline, 0.0s TTFT Slack, Using Predictions for TTFT: False  (P50)": 0.01942874101419474, "Deadline Miss Rate with 0.03s TBT Deadline, 0.3s TTFT Deadline, 0.0s TTFT Slack, Using Predictions for TTFT: False  (P90)": 0.14413554381048863, "Deadline Miss Rate with 0.03s TBT Deadline, 0.3s TTFT Deadline, 0.0s TTFT Slack, Using Predictions for TTFT: False  (P99)": 0.41106628655534155, "Min Deadline to Meet Target Deadline Miss Rate of 10.0% (Mean)": 0.022837207688756155, "Min Deadline to Meet Target Deadline Miss Rate of 10.0% (P50)": 0.016391344295595824, "Min Deadline to Meet Target Deadline Miss Rate of 10.0% (P90)": 0.039994970390930897, "Min Deadline to Meet Target Deadline Miss Rate of 10.0% (P99)": 0.10136765093835445}