{"Target TBT (ms)": [1, 2, 3, 4, 5, 6, 7, 8, 9, 10, 11, 12, 13, 14, 15, 16, 17, 18, 19, 20, 21, 22, 23, 24, 25, 26, 27, 28, 29, 30, 31, 32, 33, 34, 35, 36, 37, 38, 39, 40, 41, 42, 43, 44, 45, 46, 47, 48, 49, 50, 51, 52, 53, 54, 55, 56, 57, 58, 59, 60, 61, 62, 63, 64, 65, 66, 67, 68, 69, 70, 71, 72, 73, 74, 75, 76, 77, 78, 79, 80, 81, 82, 83, 84, 85, 86, 87, 88, 89, 90, 91, 92, 93, 94, 95, 96, 97, 98, 99, 100], "Miss Rate P(99)": [0.9997943102094572, 0.999303166226913, 0.9988869273643772, 0.9983992791084193, 0.9978419137962793, 0.9967216363021516, 0.9954051873914123, 0.9952796591653922, 0.9951794871794871, 0.9950520833333333, 0.9937339606501283, 0.9861581265940181, 0.9800323105452973, 0.9493658845909955, 0.8787792122895898, 0.7258585858585858, 0.5341041649552283, 0.515664556962025, 0.4980639097744358, 0.47611804995970974, 0.45989399293286204, 0.44280270793036736, 0.4257658102766798, 0.4148962148962148, 0.4037966654584994, 0.3898106060606059, 0.38350775193798453, 0.36237322515212983, 0.3518199233716473, 0.3354989035087716, 0.32774767801857535, 0.31712566844919765, 0.305926573426573, 0.29652103559870513, 0.29068144499178933, 0.2828787595740702, 0.27076246617703864, 0.2645015698587122, 0.2645015698587122, 0.2565939278937378, 0.2565939278937378, 0.2385789473684206, 0.2363121693121688, 0.22722535822839737, 0.22256967303050207, 0.22048509643483302, 0.21024027459954198, 0.20230477487114618, 0.19917582417582386, 0.18447502548419964, 0.17982456140350866, 0.17639777012625016, 0.1726031712695578, 0.16125, 0.15404395604395604, 0.1495256588072121, 0.14051909781253535, 0.13632519803040016, 0.13408699397071477, 0.13069193224231965, 0.1284275503573748, 0.12314212641578358, 0.12082399206145018, 0.1184782608695652, 0.11346175573381538, 0.11307260479041914, 0.11026355421686743, 0.10760021216943243, 0.10477987421383643, 0.10177174413253556, 0.10177174413253556, 0.09922815683853037, 0.09587449830194493, 0.09587449830194493, 0.09280888405684537, 0.08398741939312394, 0.08398741939312394, 0.08398741939312394, 0.08398741939312394, 0.081378404204491, 0.07819711538461516, 0.07819711538461516, 0.07564102564102534, 0.07564102564102534, 0.072998345740281, 0.06967741935483843, 0.06967741935483843, 0.06864081188836504, 0.06864081188836504, 0.06864081188836504, 0.0659638114694292, 0.0659638114694292, 0.0659638114694292, 0.0659638114694292, 0.06363636363636334, 0.06363636363636334, 0.06092436974789893, 0.0582963374028854, 0.0582963374028854, 0.057516339869280744]}