{"tpot_based_throughput": 60.8126198589789, "tbt_based_throughput": 4.216673871568316, "deadline_based_throughput": 13.811433457552488}