{"Number of Requests": 256, "Number of Errored Requests": 0, "Number of Completed Requests": 256, "Error Rate": 0.0, "Deadline Miss Rate": 0.04841388810112223, "Number of Prompt Tokens (Mean)": 6475.9375, "Number of Prompt Tokens (P50)": 7793.166095210145, "Number of Prompt Tokens (P90)": 8078.831292220465, "Number of Prompt Tokens (P99)": 8160.024923752189, "Number of Output Tokens (Mean)": 184.85546875, "Number of Output Tokens (P50)": 160.9351025012422, "Number of Output Tokens (P90)": 308.8949992819657, "Number of Output Tokens (P99)": 455.32048804743, "Number of Total Tokens (Mean)": 6660.79296875, "Number of Total Tokens (P50)": 8030.503416967201, "Number of Total Tokens (P90)": 8192.730401697612, "Number of Total Tokens (P99)": 8192.730401697612, "Time per Output Token (Mean)": 0.016504100108924457, "Time per Output Token (P50)": 0.015100885452111988, "Time per Output Token (P90)": 0.023353655554260517, "Time per Output Token (P99)": 0.03442398831115773, "Time to First Token (Mean)": 0.33682094046901057, "Time to First Token (P50)": 0.34541770529018584, "Time to First Token (P90)": 0.5142731565725064, "Time to First Token (P99)": 0.6983739185921765, "Time Between Tokens (Mean)": 0.01636456497142126, "Time Between Tokens (P50)": 0.011666871097543038, "Time Between Tokens (P90)": 0.014164705749241335, "Time Between Tokens (P99)": 0.23906949936495386, "End to End Latency (Mean)": 3.345535704179497, "End to End Latency (P50)": 2.9476252917621393, "End to End Latency (P90)": 5.795026708492479, "End to End Latency (P99)": 8.908449683671757, "Normalized End to End Latency (Mean)": 0.01899607464177441, "Normalized End to End Latency (P50)": 0.017300811824038694, "Normalized End to End Latency (P90)": 0.02580978180965111, "Normalized End to End Latency (P99)": 0.04104847620094892, "Output Throughput (Mean)": 57.75340153879171, "Output Throughput (P50)": 57.56995695566639, "Output Throughput (P90)": 76.78435795899135, "Output Throughput (P99)": 92.48079570842596, "Deadline Miss Rate with 0.03s TBT Deadline, 0.3s TTFT Deadline, 0.0s TTFT Slack, Using Predictions for TTFT: False  (Mean)": 0.05488092370511452, "Deadline Miss Rate with 0.03s TBT Deadline, 0.3s TTFT Deadline, 0.0s TTFT Slack, Using Predictions for TTFT: False  (P50)": 0.020221643246189514, "Deadline Miss Rate with 0.03s TBT Deadline, 0.3s TTFT Deadline, 0.0s TTFT Slack, Using Predictions for TTFT: False  (P90)": 0.14413554381048863, "Deadline Miss Rate with 0.03s TBT Deadline, 0.3s TTFT Deadline, 0.0s TTFT Slack, Using Predictions for TTFT: False  (P99)": 0.41106628655534155, "Min Deadline to Meet Target Deadline Miss Rate of 10.0% (Mean)": 0.02344672012927538, "Min Deadline to Meet Target Deadline Miss Rate of 10.0% (P50)": 0.016655715219953002, "Min Deadline to Meet Target Deadline Miss Rate of 10.0% (P90)": 0.04171053438244991, "Min Deadline to Meet Target Deadline Miss Rate of 10.0% (P99)": 0.11113592999394986}