{"Target TBT (ms)": [1, 2, 3, 4, 5, 6, 7, 8, 9, 10, 11, 12, 13, 14, 15, 16, 17, 18, 19, 20, 21, 22, 23, 24, 25, 26, 27, 28, 29, 30, 31, 32, 33, 34, 35, 36, 37, 38, 39, 40, 41, 42, 43, 44, 45, 46, 47, 48, 49, 50, 51, 52, 53, 54, 55, 56, 57, 58, 59, 60, 61, 62, 63, 64, 65, 66, 67, 68, 69, 70, 71, 72, 73, 74, 75, 76, 77, 78, 79, 80, 81, 82, 83, 84, 85, 86, 87, 88, 89, 90, 91, 92, 93, 94, 95, 96, 97, 98, 99, 100], "Miss Rate P(99)": [0.9997947828416356, 0.9993028751060978, 0.9986667457792828, 0.9980919354058455, 0.9978446849959568, 0.9967199873297434, 0.9954051873914123, 0.9952881289564707, 0.9951883367370093, 0.9950568947267128, 0.99375, 0.9848064883323847, 0.9781956214689265, 0.9509376874011884, 0.8885610587131499, 0.7278345931525122, 0.5443700906344408, 0.5207482553631426, 0.5020091135045565, 0.48422991893883555, 0.4703611971104231, 0.44457575757575746, 0.4333783008036739, 0.41462891462891455, 0.4031907433380084, 0.391991709063501, 0.38350775193798453, 0.3698054587688734, 0.35611793909305556, 0.35109056424845897, 0.33888888888888874, 0.3299999999999999, 0.3254417413572343, 0.3254417413572343, 0.30905797101449267, 0.30765104460756626, 0.2948380566801618, 0.28577784156142355, 0.28577784156142355, 0.28577784156142355, 0.27352941176470585, 0.27328767123287667, 0.26069230769230767, 0.26069230769230767, 0.24719387755102035, 0.24719387755102035, 0.2441171251109139, 0.2404672395273898, 0.2307724957555177, 0.22438076036866356, 0.2107446808510638, 0.20170798360335718, 0.19759653270291536, 0.18914090726615768, 0.18914090726615768, 0.17709109730848824, 0.17604347826086916, 0.173388305847076, 0.1707024377984413, 0.1707024377984413, 0.16384016554986158, 0.16384016554986158, 0.16109128754088559, 0.14600267379679116, 0.1403409090909087, 0.13745917256396253, 0.13745917256396253, 0.13745917256396253, 0.13454271631982423, 0.13400443880786253, 0.13400443880786253, 0.12806482670089797, 0.12806482670089797, 0.11980289279636941, 0.11980289279636941, 0.11677842773576783, 0.11677842773576783, 0.11677842773576783, 0.11533846837505504, 0.11214967203339239, 0.11214967203339239, 0.11214967203339239, 0.11214967203339239, 0.11214967203339239, 0.09970046082949269, 0.09970046082949269, 0.09970046082949269, 0.09970046082949269, 0.0900314712824546, 0.08675958188153288, 0.08675958188153288, 0.08675958188153288, 0.08675958188153288, 0.08675958188153288, 0.08675958188153288, 0.08675958188153288, 0.08344492268452067, 0.08344492268452067, 0.08344492268452067, 0.08344492268452067]}