{"tpot_based_throughput": 60.59100425955719, "tbt_based_throughput": 4.182536811172755, "deadline_based_throughput": 12.291562868451866}