{"Number of Requests": 256, "Number of Errored Requests": 0, "Number of Completed Requests": 256, "Error Rate": 0.0, "Deadline Miss Rate": 0.7123994861302755, "Number of Prompt Tokens (Mean)": 6475.9375, "Number of Prompt Tokens (P50)": 7793.166095210145, "Number of Prompt Tokens (P90)": 8078.831292220465, "Number of Prompt Tokens (P99)": 8160.024923752189, "Number of Output Tokens (Mean)": 184.85546875, "Number of Output Tokens (P50)": 160.9351025012422, "Number of Output Tokens (P90)": 308.8949992819657, "Number of Output Tokens (P99)": 455.32048804743, "Number of Total Tokens (Mean)": 6660.79296875, "Number of Total Tokens (P50)": 8030.503416967201, "Number of Total Tokens (P90)": 8192.730401697612, "Number of Total Tokens (P99)": 8192.730401697612, "Time per Output Token (Mean)": 0.054415800853544014, "Time per Output Token (P50)": 0.050945365135418495, "Time per Output Token (P90)": 0.07769212705331388, "Time per Output Token (P99)": 0.11025038914509439, "Time to First Token (Mean)": 0.6641330691787743, "Time to First Token (P50)": 0.5763727549016947, "Time to First Token (P90)": 1.058655301181925, "Time to First Token (P99)": 1.8385913412299477, "Time Between Tokens (Mean)": 0.05339195505128955, "Time Between Tokens (P50)": 0.0302275455402293, "Time Between Tokens (P90)": 0.03677262483438678, "Time Between Tokens (P99)": 0.5184038439210604, "End to End Latency (Mean)": 10.480535992612545, "End to End Latency (P50)": 9.669728730021793, "End to End Latency (P90)": 18.26525220643967, "End to End Latency (P99)": 25.66172498680418, "Normalized End to End Latency (Mean)": 0.05905413319036063, "Normalized End to End Latency (P50)": 0.0547487102120296, "Normalized End to End Latency (P90)": 0.0828269878621278, "Normalized End to End Latency (P99)": 0.11706789480646827, "Output Throughput (Mean)": 18.40932303736472, "Output Throughput (P50)": 18.192337100740414, "Output Throughput (P90)": 25.003118897839112, "Output Throughput (P99)": 30.295543939595497, "Deadline Miss Rate with 0.03s TBT Deadline, 0.3s TTFT Deadline, 0.0s TTFT Slack, Using Predictions for TTFT: False  (Mean)": 0.6698739525275822, "Deadline Miss Rate with 0.03s TBT Deadline, 0.3s TTFT Deadline, 0.0s TTFT Slack, Using Predictions for TTFT: False  (P50)": 0.7283303139999463, "Deadline Miss Rate with 0.03s TBT Deadline, 0.3s TTFT Deadline, 0.0s TTFT Slack, Using Predictions for TTFT: False  (P90)": 0.971415969367891, "Deadline Miss Rate with 0.03s TBT Deadline, 0.3s TTFT Deadline, 0.0s TTFT Slack, Using Predictions for TTFT: False  (P99)": 0.9930239441038321, "Min Deadline to Meet Target Deadline Miss Rate of 10.0% (Mean)": 0.08494641435536235, "Min Deadline to Meet Target Deadline Miss Rate of 10.0% (P50)": 0.05930857132613842, "Min Deadline to Meet Target Deadline Miss Rate of 10.0% (P90)": 0.14675347517016996, "Min Deadline to Meet Target Deadline Miss Rate of 10.0% (P99)": 0.3645830758080317}