{"Target TBT (ms)": [1, 2, 3, 4, 5, 6, 7, 8, 9, 10, 11, 12, 13, 14, 15, 16, 17, 18, 19, 20, 21, 22, 23, 24, 25, 26, 27, 28, 29, 30, 31, 32, 33, 34, 35, 36, 37, 38, 39, 40, 41, 42, 43, 44, 45, 46, 47, 48, 49, 50, 51, 52, 53, 54, 55, 56, 57, 58, 59, 60, 61, 62, 63, 64, 65, 66, 67, 68, 69, 70, 71, 72, 73, 74, 75, 76, 77, 78, 79, 80, 81, 82, 83, 84, 85, 86, 87, 88, 89, 90, 91, 92, 93, 94, 95, 96, 97, 98, 99, 100], "Miss Rate P(99)": [0.9999609799052163, 0.9999212234150644, 0.9998808731343048, 0.9998317927850726, 0.9997816895809554, 0.9997274502061946, 0.999656154821625, 0.999560360915981, 0.9993330980710714, 0.9991894254265482, 0.9989158262833477, 0.998861365377845, 0.9987058038913811, 0.9984282141806413, 0.9979498302527348, 0.9974992205524724, 0.997204555221315, 0.997000833848885, 0.9965581999645663, 0.9962779190623617, 0.9961735887686458, 0.9953985735263268, 0.995293897992356, 0.9949252968969481, 0.9948341895693287, 0.9943665529872426, 0.9942294946147473, 0.9939029304029304, 0.9937422827596851, 0.9928721614802355, 0.9876883737820008, 0.9567683707930592, 0.8979899969915761, 0.8023584523036987, 0.7926955570803669, 0.7753314121037461, 0.726590756060023, 0.6984683860791353, 0.672452733913417, 0.6648788638262322, 0.652847961968483, 0.6444999999999999, 0.6375615763546797, 0.6303464456869009, 0.6234297487367778, 0.6094885983581635, 0.6025850340136053, 0.5929546645702305, 0.5846658483360611, 0.578460825089928, 0.5695643895008202, 0.5582156611039794, 0.5529925362624981, 0.5448533943109206, 0.5364107308048103, 0.5316999244401702, 0.5247582341813551, 0.5133508139407843, 0.5027795733678084, 0.495012938132204, 0.4882392026578071, 0.48235730170496643, 0.47197767145135555, 0.4672501769702688, 0.4585712134899125, 0.4531409507410367, 0.4456559527195726, 0.4412051018441173, 0.4366780989710925, 0.42771686444927287, 0.42151401230348595, 0.41642678347934914, 0.4112443406904357, 0.40596386409444274, 0.40058241758241747, 0.39328078078078066, 0.3876633799587249, 0.3818367346938773, 0.3779837820815617, 0.37204891740176393, 0.3661289003394264, 0.3619419042495962, 0.35568229737707646, 0.34812206572769916, 0.3438635184224179, 0.3373982235381195, 0.336076604554865, 0.33399541236575914, 0.32546147292692124, 0.3233266590389013, 0.3209478316874192, 0.31609489051094847, 0.31307616330114096, 0.31307616330114096, 0.3108457711442783, 0.3108457711442783, 0.30858208955223854, 0.30858208955223854, 0.3062843676355065, 0.3004385964912278]}