{"tpot_based_throughput": 18.37701521092051, "tbt_based_throughput": 1.9296851022422363, "deadline_based_throughput": 4.054675522412091}