{"Number of Requests": 256, "Number of Errored Requests": 0, "Number of Completed Requests": 256, "Error Rate": 0.0, "Deadline Miss Rate": 0.05203697363916467, "Number of Prompt Tokens (Mean)": 6475.9375, "Number of Prompt Tokens (P50)": 7793.166095210145, "Number of Prompt Tokens (P90)": 8078.831292220465, "Number of Prompt Tokens (P99)": 8160.024923752189, "Number of Output Tokens (Mean)": 185.2578125, "Number of Output Tokens (P50)": 158.06418546692328, "Number of Output Tokens (P90)": 310.13305415077633, "Number of Output Tokens (P99)": 455.32048804743, "Number of Total Tokens (Mean)": 6661.1953125, "Number of Total Tokens (P50)": 8030.503416967201, "Number of Total Tokens (P90)": 8192.730401697612, "Number of Total Tokens (P99)": 8209.132264363674, "Time per Output Token (Mean)": 0.017937850742469445, "Time per Output Token (P50)": 0.01635859435694328, "Time per Output Token (P90)": 0.02617366008084974, "Time per Output Token (P99)": 0.03759058745127963, "Time to First Token (Mean)": 0.34056162375554777, "Time to First Token (P50)": 0.3495876890062582, "Time to First Token (P90)": 0.5246621669728105, "Time to First Token (P99)": 0.6900435112012945, "Time Between Tokens (Mean)": 0.01783047905142835, "Time Between Tokens (P50)": 0.01279114744735968, "Time Between Tokens (P90)": 0.01571716448796558, "Time Between Tokens (P99)": 0.28967348242518703, "End to End Latency (Mean)": 3.629867106891311, "End to End Latency (P50)": 3.290369593770964, "End to End Latency (P90)": 6.366183267938592, "End to End Latency (P99)": 9.402731639438105, "Normalized End to End Latency (Mean)": 0.02051395527455642, "Normalized End to End Latency (P50)": 0.01877926722247083, "Normalized End to End Latency (P90)": 0.02858132675667759, "Normalized End to End Latency (P99)": 0.043936865887315185, "Output Throughput (Mean)": 53.49996361386942, "Output Throughput (P50)": 53.25016083712919, "Output Throughput (P90)": 71.30745800737382, "Output Throughput (P99)": 87.7946874728333, "Deadline Miss Rate with 0.03s TBT Deadline, 0.3s TTFT Deadline, 0.0s TTFT Slack, Using Predictions for TTFT: False  (Mean)": 0.05867718701665435, "Deadline Miss Rate with 0.03s TBT Deadline, 0.3s TTFT Deadline, 0.0s TTFT Slack, Using Predictions for TTFT: False  (P50)": 0.02190584519988998, "Deadline Miss Rate with 0.03s TBT Deadline, 0.3s TTFT Deadline, 0.0s TTFT Slack, Using Predictions for TTFT: False  (P90)": 0.14384756070597216, "Deadline Miss Rate with 0.03s TBT Deadline, 0.3s TTFT Deadline, 0.0s TTFT Slack, Using Predictions for TTFT: False  (P99)": 0.4086072724357371, "Min Deadline to Meet Target Deadline Miss Rate of 10.0% (Mean)": 0.02477898775882558, "Min Deadline to Meet Target Deadline Miss Rate of 10.0% (P50)": 0.01779208038288807, "Min Deadline to Meet Target Deadline Miss Rate of 10.0% (P90)": 0.043936865887315185, "Min Deadline to Meet Target Deadline Miss Rate of 10.0% (P99)": 0.11967192870454597}