{"Target TBT (ms)": [1, 2, 3, 4, 5, 6, 7, 8, 9, 10, 11, 12, 13, 14, 15, 16, 17, 18, 19, 20, 21, 22, 23, 24, 25, 26, 27, 28, 29, 30, 31, 32, 33, 34, 35, 36, 37, 38, 39, 40, 41, 42, 43, 44, 45, 46, 47, 48, 49, 50, 51, 52, 53, 54, 55, 56, 57, 58, 59, 60, 61, 62, 63, 64, 65, 66, 67, 68, 69, 70, 71, 72, 73, 74, 75, 76, 77, 78, 79, 80, 81, 82, 83, 84, 85, 86, 87, 88, 89, 90, 91, 92, 93, 94, 95, 96, 97, 98, 99, 100], "Miss Rate P(99)": [0.9997748268600202, 0.9993445157300765, 0.9986467480431929, 0.9978743732213037, 0.9973714309337449, 0.9965615204911777, 0.9946671195652174, 0.9935383022774327, 0.9932233273056058, 0.9930413105413105, 0.9919354838709677, 0.9887860715659869, 0.9844787859526458, 0.9712864324615477, 0.9413990931803458, 0.8306080907666845, 0.7563848692561561, 0.6063172043010747, 0.5618014705882347, 0.5437347635299847, 0.525952780441035, 0.5044599303135883, 0.48329801911895093, 0.4661729045861883, 0.44807649295459584, 0.434778012684989, 0.4126227208976156, 0.3990603758496599, 0.3787499999999999, 0.36036693191865604, 0.3588537812638744, 0.3422585865851464, 0.33033225485316076, 0.3202176403207331, 0.3142973856209149, 0.31047794117647054, 0.30088796523710554, 0.2849999999999998, 0.2849999999999998, 0.28087912087912076, 0.27466517857142836, 0.2704358552631578, 0.26402464494569733, 0.2566825396825396, 0.2566825396825396, 0.25522308022308016, 0.24860505666957264, 0.2364335898293742, 0.22937074829931942, 0.22541666666666646, 0.22301282051282037, 0.22301282051282037, 0.21328947368421045, 0.21153415453527433, 0.20345732713364334, 0.19956113801452777, 0.18939888164026095, 0.1853448275862068, 0.1853448275862068, 0.1853448275862068, 0.17118297787522385, 0.17118297787522385, 0.15677755710029753, 0.15659442724458164, 0.15379943942696933, 0.14717349957734546, 0.14434523809523778, 0.14434523809523778, 0.13461622210125182, 0.13461622210125182, 0.13132280892759907, 0.13132280892759907, 0.12840635268346076, 0.12840635268346076, 0.12545454545454504, 0.12545454545454504, 0.12246674057649619, 0.12246674057649619, 0.12246674057649619, 0.11677842773576783, 0.11677842773576783, 0.11232106339468267, 0.10925925925925883, 0.10557259713701382, 0.10557259713701382, 0.09818266003009576, 0.09507919869555052, 0.09507919869555052, 0.09507919869555052, 0.09507919869555052, 0.09507919869555052, 0.09193718504629043, 0.09193718504629043, 0.09193718504629043, 0.0842630195891063, 0.0842630195891063, 0.0842630195891063, 0.0842630195891063, 0.08108173076923046, 0.08108173076923046]}