{"tpot_based_throughput": 55.74803884572477, "tbt_based_throughput": 3.449978604911744, "deadline_based_throughput": 11.592944260417221}