{"Number of Requests": 256, "Number of Errored Requests": 0, "Number of Completed Requests": 256, "Error Rate": 0.0, "Deadline Miss Rate": 0.0006928305196228897, "Number of Prompt Tokens (Mean)": 2274.9375, "Number of Prompt Tokens (P50)": 1738.8895294420502, "Number of Prompt Tokens (P90)": 5458.898826850627, "Number of Prompt Tokens (P99)": 6884.325540607284, "Number of Output Tokens (Mean)": 445.234375, "Number of Output Tokens (P50)": 427.0928850659405, "Number of Output Tokens (P90)": 824.6852004749147, "Number of Output Tokens (P99)": 1001.2473012529721, "Number of Total Tokens (Mean)": 2720.171875, "Number of Total Tokens (P50)": 2268.790333412844, "Number of Total Tokens (P90)": 6020.962450373618, "Number of Total Tokens (P99)": 7413.08877623367, "Time per Output Token (Mean)": 0.0219164374994332, "Time per Output Token (P50)": 0.021862077277412673, "Time per Output Token (P90)": 0.023306994903802454, "Time per Output Token (P99)": 0.02479776545890145, "Time to First Token (Mean)": 0.16694968019146472, "Time to First Token (P50)": 0.13439108714188872, "Time to First Token (P90)": 0.2594993841317182, "Time to First Token (P99)": 0.3412974623537207, "Time Between Tokens (Mean)": 0.02201474011353085, "Time Between Tokens (P50)": 0.01974210117114045, "Time Between Tokens (P90)": 0.020424874207613106, "Time Between Tokens (P99)": 0.1042460557379049, "End to End Latency (Mean)": 9.946911980548975, "End to End Latency (P50)": 9.497230695119505, "End to End Latency (P90)": 18.783906719288037, "End to End Latency (P99)": 22.30923091071944, "Normalized End to End Latency (Mean)": 0.022792190758481937, "Normalized End to End Latency (P50)": 0.022482866134419098, "Normalized End to End Latency (P90)": 0.024161332821097153, "Normalized End to End Latency (P99)": 0.02921708384319103, "Output Throughput (Mean)": 44.21034750533799, "Output Throughput (P50)": 44.47827043141523, "Output Throughput (P90)": 47.3232058756696, "Output Throughput (P99)": 49.15609260564148, "Deadline Miss Rate with 0.03s TBT Deadline, 0.3s TTFT Deadline, 0.0s TTFT Slack, Using Predictions for TTFT: False  (Mean)": 0.001013289589087445, "Deadline Miss Rate with 0.03s TBT Deadline, 0.3s TTFT Deadline, 0.0s TTFT Slack, Using Predictions for TTFT: False  (P50)": 0, "Deadline Miss Rate with 0.03s TBT Deadline, 0.3s TTFT Deadline, 0.0s TTFT Slack, Using Predictions for TTFT: False  (P90)": 0, "Deadline Miss Rate with 0.03s TBT Deadline, 0.3s TTFT Deadline, 0.0s TTFT Slack, Using Predictions for TTFT: False  (P99)": 0.020424874207613106, "Min Deadline to Meet Target Deadline Miss Rate of 10.0% (Mean)": 0.019913990464918006, "Min Deadline to Meet Target Deadline Miss Rate of 10.0% (P50)": 0.02034333786500421, "Min Deadline to Meet Target Deadline Miss Rate of 10.0% (P90)": 0.021215955035797776, "Min Deadline to Meet Target Deadline Miss Rate of 10.0% (P99)": 0.022348372776335664}