{"Target TBT (ms)": [1, 2, 3, 4, 5, 6, 7, 8, 9, 10, 11, 12, 13, 14, 15, 16, 17, 18, 19, 20, 21, 22, 23, 24, 25, 26, 27, 28, 29, 30, 31, 32, 33, 34, 35, 36, 37, 38, 39, 40, 41, 42, 43, 44, 45, 46, 47, 48, 49, 50, 51, 52, 53, 54, 55, 56, 57, 58, 59, 60, 61, 62, 63, 64, 65, 66, 67, 68, 69, 70, 71, 72, 73, 74, 75, 76, 77, 78, 79, 80, 81, 82, 83, 84, 85, 86, 87, 88, 89, 90, 91, 92, 93, 94, 95, 96, 97, 98, 99, 100], "Miss Rate P(99)": [1.0, 1.0, 1.0, 1.0, 1.0, 1.0, 1.0, 1.0, 1.0, 1.0, 1.0, 1.0, 1.0, 1.0, 1.0, 1.0, 1.0, 1.0, 1.0, 0.8151428571428571, 0.21482954545454508, 0.16406104017440032, 0.1274106175514626, 0.11070500708549831, 0.10128446115288207, 0.09611322000330087, 0.0892068273092368, 0.07489310865191136, 0.07489310865191136, 0.07206572769953047, 0.06137837837837834, 0.06137837837837834, 0.05571428571428568, 0.05571428571428568, 0.05571428571428568, 0.050943643512450724, 0.043091181426699064, 0.03873771730914583, 0.03630952380952379, 0.03630952380952379, 0.03260869565217382, 0.020705057724024038, 0.020705057724024038, 0.01962669683257906, 0.016578801331853448, 0.016578801331853448, 0.016578801331853448, 0.016578801331853448, 0.01285564540281509, 0.008650793650793633, 0.008650793650793633, 0.008650793650793633, 0.007868776174965066, 0.007868776174965066, 0.005358066679440482, 0.00417652917740801, 0.00417652917740801, 0.00417652917740801, 0.0035902143061739885, 0.0035902143061739885, 0.0035902143061739885, 0.0035902143061739885, 0.0035902143061739885, 0.0035902143061739885, 0.0035902143061739885, 0.0035902143061739885, 0.0035902143061739885, 0.0035902143061739885, 0.0035902143061739885, 0.0035902143061739885, 0.0035902143061739885, 0.0035902143061739885, 0.003139783986432203, 0.003139783986432203, 0.003139783986432203, 0.003139783986432203, 0.003139783986432203, 0.003139783986432203, 0.003139783986432203, 0.003139783986432203, 0.003139783986432203, 0.003139783986432203, 0.003139783986432203, 0.003139783986432203, 0.003139783986432203, 0.003139783986432203, 0.003139783986432203, 0.003139783986432203, 0.003139783986432203, 0.003139783986432203, 0.003139783986432203, 0.003139783986432203, 0.003139783986432203, 0.0030906176903751155, 0.0030906176903751155, 0.0030906176903751155, 0.0021600765206353017, 0.0021600765206353017, 0.0021600765206353017, 0.0021600765206353017]}