{"tpot_based_throughput": 45.62785352436325, "tbt_based_throughput": 9.588679987737043, "deadline_based_throughput": 39.689908471476976}