{"Number of Requests": 512, "Number of Errored Requests": 0, "Number of Completed Requests": 512, "Error Rate": 0.0, "Deadline Miss Rate": 0.0024017351743109558, "Number of Prompt Tokens (Mean)": 6537.701171875, "Number of Prompt Tokens (P50)": 7840.065665426578, "Number of Prompt Tokens (P90)": 8095.005128641327, "Number of Prompt Tokens (P99)": 8160.024923752189, "Number of Output Tokens (Mean)": 184.3046875, "Number of Output Tokens (P50)": 170.88677687557998, "Number of Output Tokens (P90)": 308.2778264562278, "Number of Output Tokens (P99)": 434.8501656627444, "Number of Total Tokens (Mean)": 6722.005859375, "Number of Total Tokens (P50)": 8078.831292220465, "Number of Total Tokens (P90)": 8192.730401697612, "Number of Total Tokens (P99)": 8192.730401697612, "Time per Output Token (Mean)": 0.0071469557724389565, "Time per Output Token (P50)": 0.006611120173400476, "Time per Output Token (P90)": 0.009400409228867918, "Time per Output Token (P99)": 0.014193063518509087, "Time to First Token (Mean)": 0.19481928983168473, "Time to First Token (P50)": 0.21502499273445652, "Time to First Token (P90)": 0.237639376550866, "Time to First Token (P99)": 0.3697231370573561, "Time Between Tokens (Mean)": 0.007096838313140189, "Time Between Tokens (P50)": 0.0057474314997432475, "Time Between Tokens (P90)": 0.006532260807538813, "Time Between Tokens (P99)": 0.03261439117277405, "End to End Latency (Mean)": 1.4957030190598744, "End to End Latency (P50)": 1.3350911895963327, "End to End Latency (P90)": 2.4719314327908513, "End to End Latency (P99)": 3.6729675559067476, "Normalized End to End Latency (Mean)": 0.008628371881132628, "Normalized End to End Latency (P50)": 0.007836193258244726, "Normalized End to End Latency (P90)": 0.011435851495213556, "Normalized End to End Latency (P99)": 0.019196989335858235, "Output Throughput (Mean)": 124.21101320374858, "Output Throughput (P50)": 127.6128557635899, "Output Throughput (P90)": 157.11863951343716, "Output Throughput (P99)": 176.44359043127233, "Deadline Miss Rate with 0.03s TBT Deadline, 0.3s TTFT Deadline, 0.0s TTFT Slack, Using Predictions for TTFT: False  (Mean)": 0.0034352328320838, "Deadline Miss Rate with 0.03s TBT Deadline, 0.3s TTFT Deadline, 0.0s TTFT Slack, Using Predictions for TTFT: False  (P50)": 0, "Deadline Miss Rate with 0.03s TBT Deadline, 0.3s TTFT Deadline, 0.0s TTFT Slack, Using Predictions for TTFT: False  (P90)": 0.007248199814943368, "Deadline Miss Rate with 0.03s TBT Deadline, 0.3s TTFT Deadline, 0.0s TTFT Slack, Using Predictions for TTFT: False  (P99)": 0.0547487102120296, "Min Deadline to Meet Target Deadline Miss Rate of 10.0% (Mean)": 0.00688163749035548, "Min Deadline to Meet Target Deadline Miss Rate of 10.0% (P50)": 0.006151851429625353, "Min Deadline to Meet Target Deadline Miss Rate of 10.0% (P90)": 0.00984292810699602, "Min Deadline to Meet Target Deadline Miss Rate of 10.0% (P99)": 0.02092100106236009}