{"Target TBT (ms)": [1, 2, 3, 4, 5, 6, 7, 8, 9, 10, 11, 12, 13, 14, 15, 16, 17, 18, 19, 20, 21, 22, 23, 24, 25, 26, 27, 28, 29, 30, 31, 32, 33, 34, 35, 36, 37, 38, 39, 40, 41, 42, 43, 44, 45, 46, 47, 48, 49, 50, 51, 52, 53, 54, 55, 56, 57, 58, 59, 60, 61, 62, 63, 64, 65, 66, 67, 68, 69, 70, 71, 72, 73, 74, 75, 76, 77, 78, 79, 80, 81, 82, 83, 84, 85, 86, 87, 88, 89, 90, 91, 92, 93, 94, 95, 96, 97, 98, 99, 100], "Miss Rate P(99)": [0.9993784267753885, 0.9984008554055447, 0.9970967604433079, 0.9949456276089441, 0.9946514323071437, 0.9699381131081704, 0.6262888261395724, 0.4980496453900707, 0.44983706225680914, 0.4067032509030282, 0.3751217519202479, 0.3523669467787109, 0.3292797319932993, 0.3031405872193432, 0.28454591577879207, 0.2601993797075762, 0.22543554327808457, 0.20857324032973976, 0.19156626506024083, 0.1701234567901231, 0.16651946818613406, 0.14704616084287062, 0.14626901010836832, 0.1395558672276758, 0.1259467344249948, 0.12526995017560996, 0.09955910748766333, 0.09940553339980032, 0.09940553339980032, 0.08383137212566112, 0.07034261715296196, 0.07034261715296196, 0.0687673700463201, 0.0684760845383759, 0.06799585169821093, 0.05784632034632027, 0.05784632034632027, 0.05784632034632027, 0.05780246069719746, 0.052593739250085994, 0.051907894736842014, 0.051907894736842014, 0.04602501004419445, 0.04602501004419445, 0.04521761133603228, 0.03959500764136524, 0.0392928098391674, 0.0392928098391674, 0.0392928098391674, 0.0392928098391674, 0.035552837573385496, 0.035552837573385496, 0.03225806451612903, 0.03225806451612903, 0.028463054187192104, 0.025937395937395934, 0.025937395937395934, 0.025937395937395934, 0.019488017429193885, 0.019488017429193885, 0.01945098039215684, 0.017900568181818146, 0.017900568181818146, 0.01550045289855071, 0.01550045289855071, 0.01550045289855071, 0.01550045289855071, 0.01446997929606625, 0.014142857142857125, 0.01274123725736626, 0.010733913637139441, 0.010733913637139441, 0.010436034205401706, 0.0077771047849787885, 0.0077771047849787885, 0.0077771047849787885, 0.0077771047849787885, 0.0077771047849787885, 0.0077771047849787885, 0.0077771047849787885, 0.006440369540873443, 0.006440369540873443, 0.005212303422756693, 0.005212303422756693, 0.005212303422756693, 0.005212303422756693, 0.005212303422756693, 0.005212303422756693, 0.005212303422756693, 0.005212303422756693, 0.005212303422756693, 0.005212303422756693, 0.005212303422756693, 0.005212303422756693, 0.005212303422756693, 0.005212303422756693, 0.004266677130748695, 0.0, 0.0, 0.0]}