{"tpot_based_throughput": 139.91971292957123, "tbt_based_throughput": 30.66604564645364, "deadline_based_throughput": 34.71976734205078}