{"Number of Requests": 512, "Number of Errored Requests": 0, "Number of Completed Requests": 512, "Error Rate": 0.0, "Deadline Miss Rate": 6.241863285360155e-05, "Number of Prompt Tokens (Mean)": 683.056640625, "Number of Prompt Tokens (P50)": 436.5930503518891, "Number of Prompt Tokens (P90)": 1644.1880723859645, "Number of Prompt Tokens (P99)": 4670.4108177561075, "Number of Output Tokens (Mean)": 219.02734375, "Number of Output Tokens (P50)": 159.97238261315115, "Number of Output Tokens (P90)": 512.3467181125903, "Number of Output Tokens (P99)": 722.7054174123614, "Number of Total Tokens (Mean)": 902.083984375, "Number of Total Tokens (P50)": 650.0190427513235, "Number of Total Tokens (P90)": 2016.264934207726, "Number of Total Tokens (P99)": 5255.352477057046, "Time per Output Token (Mean)": 0.00856569236212741, "Time per Output Token (P50)": 0.00857416140254051, "Time per Output Token (P90)": 0.009961754818238753, "Time per Output Token (P99)": 0.011187009972650321, "Time to First Token (Mean)": 0.053266241104211076, "Time to First Token (P50)": 0.044289770669018014, "Time to First Token (P90)": 0.07229492284931895, "Time to First Token (P99)": 0.20372157814994943, "Time Between Tokens (Mean)": 0.008928100641134067, "Time Between Tokens (P50)": 0.008505841731602026, "Time Between Tokens (P90)": 0.010265135521238833, "Time Between Tokens (P99)": 0.028868573962298034, "End to End Latency (Mean)": 1.999836308623344, "End to End Latency (P50)": 1.4405134631545986, "End to End Latency (P90)": 4.414965390703957, "End to End Latency (P99)": 6.705983143078083, "Normalized End to End Latency (Mean)": 0.009812494294293046, "Normalized End to End Latency (P50)": 0.009013768208383307, "Normalized End to End Latency (P90)": 0.01134472962633634, "Normalized End to End Latency (P99)": 0.01779208038288807, "Output Throughput (Mean)": 106.05891406907104, "Output Throughput (P50)": 110.9412819235738, "Output Throughput (P90)": 118.7477021407729, "Output Throughput (P99)": 124.83602910226563, "Deadline Miss Rate with 0.03s TBT Deadline, 0.3s TTFT Deadline, 0.0s TTFT Slack, Using Predictions for TTFT: False  (Mean)": 6.828819763991583e-05, "Deadline Miss Rate with 0.03s TBT Deadline, 0.3s TTFT Deadline, 0.0s TTFT Slack, Using Predictions for TTFT: False  (P50)": 0, "Deadline Miss Rate with 0.03s TBT Deadline, 0.3s TTFT Deadline, 0.0s TTFT Slack, Using Predictions for TTFT: False  (P90)": 0, "Deadline Miss Rate with 0.03s TBT Deadline, 0.3s TTFT Deadline, 0.0s TTFT Slack, Using Predictions for TTFT: False  (P99)": 0, "Min Deadline to Meet Target Deadline Miss Rate of 10.0% (Mean)": 0.00571645842601133, "Min Deadline to Meet Target Deadline Miss Rate of 10.0% (P50)": 0.007291819757340413, "Min Deadline to Meet Target Deadline Miss Rate of 10.0% (P90)": 0.008712451400889604, "Min Deadline to Meet Target Deadline Miss Rate of 10.0% (P99)": 0.010987445197816132}