{"tpot_based_throughput": 116.74479513429974, "tbt_based_throughput": 34.61321634542124, "deadline_based_throughput": 88.74150878831131}