{"Number of Requests": 256, "Number of Errored Requests": 0, "Number of Completed Requests": 256, "Error Rate": 0.0, "Deadline Miss Rate": 0.12656761050369125, "Number of Prompt Tokens (Mean)": 6475.9375, "Number of Prompt Tokens (P50)": 7793.166095210145, "Number of Prompt Tokens (P90)": 8078.831292220465, "Number of Prompt Tokens (P99)": 8160.024923752189, "Number of Output Tokens (Mean)": 184.85546875, "Number of Output Tokens (P50)": 160.9351025012422, "Number of Output Tokens (P90)": 308.8949992819657, "Number of Output Tokens (P99)": 455.32048804743, "Number of Total Tokens (Mean)": 6660.79296875, "Number of Total Tokens (P50)": 8030.503416967201, "Number of Total Tokens (P90)": 8192.730401697612, "Number of Total Tokens (P99)": 8192.730401697612, "Time per Output Token (Mean)": 0.02322585443325059, "Time per Output Token (P50)": 0.02083748417540145, "Time per Output Token (P90)": 0.035828858402644215, "Time per Output Token (P99)": 0.05156039250596276, "Time to First Token (Mean)": 0.4701388384148686, "Time to First Token (P50)": 0.4588642980117241, "Time to First Token (P90)": 0.7505112817821505, "Time to First Token (P99)": 1.0822038094660686, "Time Between Tokens (Mean)": 0.022857035560634953, "Time Between Tokens (P50)": 0.014364406338656776, "Time Between Tokens (P90)": 0.016856787892786603, "Time Between Tokens (P99)": 0.39180116017555705, "End to End Latency (Mean)": 4.672529825650827, "End to End Latency (P50)": 4.216477145089314, "End to End Latency (P90)": 7.901085767871355, "End to End Latency (P99)": 11.415822271300364, "Normalized End to End Latency (Mean)": 0.026684024903974004, "Normalized End to End Latency (P50)": 0.023920923462949096, "Normalized End to End Latency (P90)": 0.04031621352036169, "Normalized End to End Latency (P99)": 0.06002456177152037, "Output Throughput (Mean)": 41.81486151905851, "Output Throughput (P50)": 41.804364348595875, "Output Throughput (P90)": 55.09179733226441, "Output Throughput (P99)": 70.1756171744814, "Deadline Miss Rate with 0.03s TBT Deadline, 0.3s TTFT Deadline, 0.0s TTFT Slack, Using Predictions for TTFT: False  (Mean)": 0.12763714821313552, "Deadline Miss Rate with 0.03s TBT Deadline, 0.3s TTFT Deadline, 0.0s TTFT Slack, Using Predictions for TTFT: False  (P50)": 0.08534944602973749, "Deadline Miss Rate with 0.03s TBT Deadline, 0.3s TTFT Deadline, 0.0s TTFT Slack, Using Predictions for TTFT: False  (P90)": 0.3106771870425512, "Deadline Miss Rate with 0.03s TBT Deadline, 0.3s TTFT Deadline, 0.0s TTFT Slack, Using Predictions for TTFT: False  (P99)": 0.530996042333594, "Min Deadline to Meet Target Deadline Miss Rate of 10.0% (Mean)": 0.04156555989115824, "Min Deadline to Meet Target Deadline Miss Rate of 10.0% (P50)": 0.02718739854909769, "Min Deadline to Meet Target Deadline Miss Rate of 10.0% (P90)": 0.07973861205988571, "Min Deadline to Meet Target Deadline Miss Rate of 10.0% (P99)": 0.2120356163010872}