{"Target TBT (ms)": [1, 2, 3, 4, 5, 6, 7, 8, 9, 10, 11, 12, 13, 14, 15, 16, 17, 18, 19, 20, 21, 22, 23, 24, 25, 26, 27, 28, 29, 30, 31, 32, 33, 34, 35, 36, 37, 38, 39, 40, 41, 42, 43, 44, 45, 46, 47, 48, 49, 50, 51, 52, 53, 54, 55, 56, 57, 58, 59, 60, 61, 62, 63, 64, 65, 66, 67, 68, 69, 70, 71, 72, 73, 74, 75, 76, 77, 78, 79, 80, 81, 82, 83, 84, 85, 86, 87, 88, 89, 90, 91, 92, 93, 94, 95, 96, 97, 98, 99, 100], "Miss Rate P(99)": [0.9998752396798308, 0.999581784952787, 0.999133557877629, 0.9988221436984688, 0.9983879877076283, 0.998224892136176, 0.9978816920026438, 0.9968168621874629, 0.996437130141341, 0.9951661543477248, 0.9949722222222221, 0.9944014544098452, 0.994222333000997, 0.9908614491150443, 0.9855676808856186, 0.9790133779264214, 0.9107887929586453, 0.6976770704372188, 0.6738455079764901, 0.6574999999999998, 0.6419791666666665, 0.6241137123745817, 0.6071996753246751, 0.5900504607283894, 0.5750441094923625, 0.5596428571428569, 0.5448571428571426, 0.5316422018348621, 0.5186256138537088, 0.49945837661374043, 0.4825913984086533, 0.4727058844739307, 0.4616092212960874, 0.4500029226093053, 0.44016385162437344, 0.4313478578129884, 0.419102508178844, 0.4123797620907447, 0.4010546875, 0.3877454039264628, 0.38030586152635715, 0.37167474625056796, 0.36499768017321355, 0.351189516129032, 0.34525801952580165, 0.33673953305645943, 0.33330332787779565, 0.32466133004926073, 0.31709954233409576, 0.3131434036633431, 0.30668731563421797, 0.30396726190476164, 0.30258893871449905, 0.29169751943724526, 0.28819117282420026, 0.28279502324996836, 0.27985159817351585, 0.27835935011150037, 0.27130711318795414, 0.26457016850974197, 0.26457016850974197, 0.2572937625754526, 0.25410008125677136, 0.25224875824998294, 0.2449791955617198, 0.2407285327924273, 0.23843505610336616, 0.23127090301003345, 0.22978642257818455, 0.22672852233676974, 0.2220711478944257, 0.21818362480127182, 0.2132635253054101, 0.21106386371488553, 0.21106386371488553, 0.20473684210526305, 0.20402985074626856, 0.2021037181996085, 0.197901891252955, 0.197901891252955, 0.197901891252955, 0.19558080808080805, 0.19094292803970217, 0.19094292803970217, 0.18513513513513505, 0.18513513513513505, 0.18513513513513505, 0.18307692307692305, 0.17797852689909946, 0.17797852689909946, 0.17797852689909946, 0.17476456226020218, 0.16947802197802186, 0.16947802197802186, 0.16742896606156266, 0.16742896606156266, 0.1620503597122301, 0.1620503597122301, 0.1620503597122301, 0.1620503597122301]}