{"tpot_based_throughput": 43.055466608297564, "tbt_based_throughput": 2.552764266283177, "deadline_based_throughput": 6.168928872913394}