{"Number of Requests": 256, "Number of Errored Requests": 0, "Number of Completed Requests": 256, "Error Rate": 0.0, "Deadline Miss Rate": 0.07233106757297081, "Number of Prompt Tokens (Mean)": 6475.9375, "Number of Prompt Tokens (P50)": 7793.166095210145, "Number of Prompt Tokens (P90)": 8078.831292220465, "Number of Prompt Tokens (P99)": 8160.024923752189, "Number of Output Tokens (Mean)": 183.84765625, "Number of Output Tokens (P50)": 159.97238261315115, "Number of Output Tokens (P90)": 308.2778264562278, "Number of Output Tokens (P99)": 454.4107568025799, "Number of Total Tokens (Mean)": 6659.78515625, "Number of Total Tokens (P50)": 8030.503416967201, "Number of Total Tokens (P90)": 8192.730401697612, "Number of Total Tokens (P99)": 8192.730401697612, "Time per Output Token (Mean)": 0.027184951244101137, "Time per Output Token (P50)": 0.026121365055713178, "Time per Output Token (P90)": 0.03327324580044266, "Time per Output Token (P99)": 0.04402482758078329, "Time to First Token (Mean)": 0.3274574053430115, "Time to First Token (P50)": 0.3279149930667399, "Time to First Token (P90)": 0.46070343163187777, "Time to First Token (P99)": 0.684545183912454, "Time Between Tokens (Mean)": 0.027049132459954637, "Time Between Tokens (P50)": 0.02083748417540145, "Time Between Tokens (P90)": 0.021343633460811928, "Time Between Tokens (P99)": 0.17118660017665313, "End to End Latency (Mean)": 5.273539200588857, "End to End Latency (P50)": 4.716184089469276, "End to End Latency (P90)": 8.890650583404684, "End to End Latency (P99)": 12.61643520070953, "Normalized End to End Latency (Mean)": 0.029537051054346754, "Normalized End to End Latency (P50)": 0.02812766435465923, "Normalized End to End Latency (P90)": 0.036333990261205665, "Normalized End to End Latency (P99)": 0.04846072955106357, "Output Throughput (Mean)": 34.91543772335406, "Output Throughput (P50)": 35.48111878100839, "Output Throughput (P90)": 40.89471090664214, "Output Throughput (P99)": 46.758720900655646, "Deadline Miss Rate with 0.03s TBT Deadline, 0.3s TTFT Deadline, 0.0s TTFT Slack, Using Predictions for TTFT: False  (Mean)": 0.07738549544853, "Deadline Miss Rate with 0.03s TBT Deadline, 0.3s TTFT Deadline, 0.0s TTFT Slack, Using Predictions for TTFT: False  (P50)": 0.039994970390930897, "Deadline Miss Rate with 0.03s TBT Deadline, 0.3s TTFT Deadline, 0.0s TTFT Slack, Using Predictions for TTFT: False  (P90)": 0.20372157814994943, "Deadline Miss Rate with 0.03s TBT Deadline, 0.3s TTFT Deadline, 0.0s TTFT Slack, Using Predictions for TTFT: False  (P99)": 0.4202099595180835, "Min Deadline to Meet Target Deadline Miss Rate of 10.0% (Mean)": 0.03076975119970297, "Min Deadline to Meet Target Deadline Miss Rate of 10.0% (P50)": 0.02550191521924695, "Min Deadline to Meet Target Deadline Miss Rate of 10.0% (P90)": 0.040558838028008345, "Min Deadline to Meet Target Deadline Miss Rate of 10.0% (P99)": 0.09489338459647714}