{"Target TBT (ms)": [1, 2, 3, 4, 5, 6, 7, 8, 9, 10, 11, 12, 13, 14, 15, 16, 17, 18, 19, 20, 21, 22, 23, 24, 25, 26, 27, 28, 29, 30, 31, 32, 33, 34, 35, 36, 37, 38, 39, 40, 41, 42, 43, 44, 45, 46, 47, 48, 49, 50, 51, 52, 53, 54, 55, 56, 57, 58, 59, 60, 61, 62, 63, 64, 65, 66, 67, 68, 69, 70, 71, 72, 73, 74, 75, 76, 77, 78, 79, 80, 81, 82, 83, 84, 85, 86, 87, 88, 89, 90, 91, 92, 93, 94, 95, 96, 97, 98, 99, 100], "Miss Rate P(99)": [1.0, 1.0, 1.0, 1.0, 1.0, 1.0, 1.0, 1.0, 1.0, 1.0, 1.0, 1.0, 1.0, 1.0, 1.0, 1.0, 1.0, 1.0, 1.0, 1.0, 0.6680059523809523, 0.5652387640449438, 0.5421846147389624, 0.524826815642458, 0.5023936170212766, 0.4787831021437578, 0.4614285714285713, 0.43638996138996117, 0.40546576879910184, 0.3964583333333331, 0.3707728592162553, 0.337504909662215, 0.3261395724082291, 0.3210488652627273, 0.29352282801418433, 0.2863715277777776, 0.28077684859154894, 0.26999999999999963, 0.2692694805194802, 0.26481566820276475, 0.25392829900839037, 0.24734156590343878, 0.235099220411056, 0.2299677187948349, 0.22810457516339855, 0.2229684908789386, 0.2229684908789386, 0.21294642857142837, 0.19641649048625764, 0.19315126946874317, 0.18982558139534875, 0.18230583589293542, 0.17019526107942062, 0.16667774086378728, 0.15869270715737177, 0.15413816689466467, 0.14474789915966382, 0.13578571428571415, 0.1309523809523807, 0.1309523809523807, 0.11661274265803871, 0.11405526397036106, 0.11405526397036106, 0.11092900419450032, 0.11092900419450032, 0.11092900419450032, 0.11092900419450032, 0.1077626641651029, 0.1077626641651029, 0.1077626641651029, 0.09788461538461535, 0.0946774193548386, 0.0946774193548386, 0.0946774193548386, 0.0946774193548386, 0.0818951612903224, 0.07923701298701288, 0.07923701298701288, 0.07923701298701288, 0.07923701298701288, 0.07923701298701288, 0.07923701298701288, 0.07654411764705878, 0.07654411764705878, 0.07654411764705878, 0.07654411764705878, 0.07654411764705878, 0.07654411764705878, 0.07654411764705878, 0.07355263157894734, 0.07355263157894734, 0.07355263157894734, 0.07355263157894734, 0.07355263157894734, 0.06417498487598289, 0.06417498487598289, 0.060770917678812174, 0.05800645270843929, 0.05800645270843929, 0.05800645270843929]}