{"tpot_based_throughput": 36.78505769683843, "tbt_based_throughput": 5.844202580849719, "deadline_based_throughput": 14.509129730592523}