{"Number of Requests": 256, "Number of Errored Requests": 0, "Number of Completed Requests": 256, "Error Rate": 0.0, "Deadline Miss Rate": 0.05348903100461427, "Number of Prompt Tokens (Mean)": 6475.9375, "Number of Prompt Tokens (P50)": 7793.166095210145, "Number of Prompt Tokens (P90)": 8078.831292220465, "Number of Prompt Tokens (P99)": 8160.024923752189, "Number of Output Tokens (Mean)": 184.26171875, "Number of Output Tokens (P50)": 159.01542175195067, "Number of Output Tokens (P90)": 308.8949992819657, "Number of Output Tokens (P99)": 455.32048804743, "Number of Total Tokens (Mean)": 6660.19921875, "Number of Total Tokens (P50)": 8030.503416967201, "Number of Total Tokens (P90)": 8192.730401697612, "Number of Total Tokens (P99)": 8192.730401697612, "Time per Output Token (Mean)": 0.018808397611951525, "Time per Output Token (P50)": 0.017266244767447207, "Time per Output Token (P90)": 0.02606917451614132, "Time per Output Token (P99)": 0.03736571913118091, "Time to First Token (Mean)": 0.34354559577388954, "Time to First Token (P50)": 0.3516915210261385, "Time to First Token (P90)": 0.5236138909149227, "Time to First Token (P99)": 0.7297884327466929, "Time Between Tokens (Mean)": 0.01868113273983733, "Time Between Tokens (P50)": 0.013207083793213397, "Time Between Tokens (P90)": 0.015875124670076096, "Time Between Tokens (P99)": 0.3002917127329587, "End to End Latency (Mean)": 3.76730100939767, "End to End Latency (P50)": 3.404165770742258, "End to End Latency (P90)": 6.599541183735776, "End to End Latency (P99)": 9.631127057049323, "Normalized End to End Latency (Mean)": 0.02137061716476763, "Normalized End to End Latency (P50)": 0.019506611641635776, "Normalized End to End Latency (P90)": 0.02921708384319103, "Normalized End to End Latency (P99)": 0.04298080969782792, "Output Throughput (Mean)": 50.389774432502726, "Output Throughput (P50)": 51.16219148331339, "Output Throughput (P90)": 64.52165403937661, "Output Throughput (P99)": 73.33228276628029, "Deadline Miss Rate with 0.03s TBT Deadline, 0.3s TTFT Deadline, 0.0s TTFT Slack, Using Predictions for TTFT: False  (Mean)": 0.06002501138636993, "Deadline Miss Rate with 0.03s TBT Deadline, 0.3s TTFT Deadline, 0.0s TTFT Slack, Using Predictions for TTFT: False  (P50)": 0.024209703857776026, "Deadline Miss Rate with 0.03s TBT Deadline, 0.3s TTFT Deadline, 0.0s TTFT Slack, Using Predictions for TTFT: False  (P90)": 0.1545865535532963, "Deadline Miss Rate with 0.03s TBT Deadline, 0.3s TTFT Deadline, 0.0s TTFT Slack, Using Predictions for TTFT: False  (P99)": 0.41106628655534155, "Min Deadline to Meet Target Deadline Miss Rate of 10.0% (Mean)": 0.025819266732899363, "Min Deadline to Meet Target Deadline Miss Rate of 10.0% (P50)": 0.018666928933571365, "Min Deadline to Meet Target Deadline Miss Rate of 10.0% (P90)": 0.04306685736489062, "Min Deadline to Meet Target Deadline Miss Rate of 10.0% (P99)": 0.1106922740295588}