{"Target TBT (ms)": [1, 2, 3, 4, 5, 6, 7, 8, 9, 10, 11, 12, 13, 14, 15, 16, 17, 18, 19, 20, 21, 22, 23, 24, 25, 26, 27, 28, 29, 30, 31, 32, 33, 34, 35, 36, 37, 38, 39, 40, 41, 42, 43, 44, 45, 46, 47, 48, 49, 50, 51, 52, 53, 54, 55, 56, 57, 58, 59, 60, 61, 62, 63, 64, 65, 66, 67, 68, 69, 70, 71, 72, 73, 74, 75, 76, 77, 78, 79, 80, 81, 82, 83, 84, 85, 86, 87, 88, 89, 90, 91, 92, 93, 94, 95, 96, 97, 98, 99, 100], "Miss Rate P(99)": [0.999839234793973, 0.9994216357445515, 0.9990681403785462, 0.9987547816140023, 0.9982460102378802, 0.9980459914551395, 0.9961183022051029, 0.995301948051948, 0.9931997970432898, 0.9918063950087735, 0.9915909090909091, 0.9913735633230725, 0.9822449908925318, 0.9752986725663717, 0.9667871485943774, 0.9278828828828828, 0.8186270664051553, 0.6068387457284701, 0.5427665529607276, 0.5190631911532384, 0.4950611525704809, 0.4744270833333333, 0.45487678855325914, 0.4298189082941289, 0.41595486111111096, 0.405374193548387, 0.3928719651379954, 0.37981727574750823, 0.37077280064568197, 0.36065060240963853, 0.3523895847066579, 0.3463410733704343, 0.3352083333333333, 0.3299999999999999, 0.318922796035472, 0.31452380952380954, 0.302994257588187, 0.2956103678929764, 0.2948380566801618, 0.28577784156142355, 0.27859233245537013, 0.27859233245537013, 0.27352941176470585, 0.27328767123287667, 0.2523861852433279, 0.2523861852433279, 0.24719387755102035, 0.24719387755102035, 0.24619830232978143, 0.23356379056047186, 0.23050595238095234, 0.22548677709968032, 0.20855734767025053, 0.20268912529550806, 0.19854841916882054, 0.18232919254658358, 0.17794732441471536, 0.17794732441471536, 0.17388162854988645, 0.17388162854988645, 0.1684528349860152, 0.1684528349860152, 0.1684528349860152, 0.16040935672514584, 0.16040935672514584, 0.152023809523809, 0.1378559693318725, 0.1378559693318725, 0.13454271631982423, 0.13454271631982423, 0.13454271631982423, 0.1315909090909085, 0.1315909090909085, 0.12279069767441825, 0.11848690020606374, 0.11677842773576783, 0.11677842773576783, 0.11677842773576783, 0.11533846837505504, 0.11533846837505504, 0.11214967203339239, 0.11214967203339239, 0.11214967203339239, 0.11214967203339239, 0.11214967203339239, 0.10891972993248249, 0.10891972993248249, 0.10891972993248249, 0.0900314712824546, 0.0900314712824546, 0.08675958188153288, 0.08675958188153288, 0.08675958188153288, 0.08675958188153288, 0.08675958188153288, 0.08675958188153288, 0.08675958188153288, 0.08344492268452067, 0.08344492268452067, 0.08344492268452067]}