{"tpot_based_throughput": 53.16774031640866, "tbt_based_throughput": 3.326361523523386, "deadline_based_throughput": 12.22111754502547}