{"Number of Requests": 512, "Number of Errored Requests": 0, "Number of Completed Requests": 512, "Error Rate": 0.0, "Deadline Miss Rate": 3.640682810061027e-05, "Number of Prompt Tokens (Mean)": 2234.875, "Number of Prompt Tokens (P50)": 1657.3943359881944, "Number of Prompt Tokens (P90)": 5458.898826850627, "Number of Prompt Tokens (P99)": 7079.810742190998, "Number of Output Tokens (Mean)": 429.1640625, "Number of Output Tokens (P50)": 402.22092365685313, "Number of Output Tokens (P90)": 824.6852004749147, "Number of Output Tokens (P99)": 977.5034243269172, "Number of Total Tokens (Mean)": 2664.0390625, "Number of Total Tokens (P50)": 2111.1794506901215, "Number of Total Tokens (P90)": 5984.944824595679, "Number of Total Tokens (P99)": 7700.20694151096, "Time per Output Token (Mean)": 0.01066159141599779, "Time per Output Token (P50)": 0.010748360894102584, "Time per Output Token (P90)": 0.011878776273103181, "Time per Output Token (P99)": 0.013339817236495882, "Time to First Token (Mean)": 0.09784981905340828, "Time to First Token (P50)": 0.07375537765970896, "Time to First Token (P90)": 0.20453809668309694, "Time to First Token (P99)": 0.25132685889624573, "Time Between Tokens (Mean)": 0.010740859470637677, "Time Between Tokens (P50)": 0.010142689996659517, "Time Between Tokens (P90)": 0.010965492260357958, "Time Between Tokens (P99)": 0.032419290647580895, "End to End Latency (Mean)": 4.696720822984389, "End to End Latency (P50)": 4.362302398369781, "End to End Latency (P90)": 8.980003137188218, "End to End Latency (P99)": 11.257114254937344, "Normalized End to End Latency (Mean)": 0.011169935213737926, "Normalized End to End Latency (P50)": 0.011075697326653724, "Normalized End to End Latency (P90)": 0.012487814364361043, "Normalized End to End Latency (P99)": 0.016195823569475656, "Output Throughput (Mean)": 90.95767482379073, "Output Throughput (P50)": 90.10728359272738, "Output Throughput (P90)": 104.89932188646694, "Output Throughput (P99)": 114.54881686893505, "Deadline Miss Rate with 0.03s TBT Deadline, 0.3s TTFT Deadline, 0.0s TTFT Slack, Using Predictions for TTFT: False  (Mean)": 2.130631339540456e-05, "Deadline Miss Rate with 0.03s TBT Deadline, 0.3s TTFT Deadline, 0.0s TTFT Slack, Using Predictions for TTFT: False  (P50)": 0, "Deadline Miss Rate with 0.03s TBT Deadline, 0.3s TTFT Deadline, 0.0s TTFT Slack, Using Predictions for TTFT: False  (P90)": 0, "Deadline Miss Rate with 0.03s TBT Deadline, 0.3s TTFT Deadline, 0.0s TTFT Slack, Using Predictions for TTFT: False  (P99)": 0, "Min Deadline to Meet Target Deadline Miss Rate of 10.0% (Mean)": 0.009403509090791557, "Min Deadline to Meet Target Deadline Miss Rate of 10.0% (P50)": 0.010122424881781077, "Min Deadline to Meet Target Deadline Miss Rate of 10.0% (P90)": 0.010987445197816132, "Min Deadline to Meet Target Deadline Miss Rate of 10.0% (P99)": 0.011550783751992826}