{"Target TBT (ms)": [1, 2, 3, 4, 5, 6, 7, 8, 9, 10, 11, 12, 13, 14, 15, 16, 17, 18, 19, 20, 21, 22, 23, 24, 25, 26, 27, 28, 29, 30, 31, 32, 33, 34, 35, 36, 37, 38, 39, 40, 41, 42, 43, 44, 45, 46, 47, 48, 49, 50, 51, 52, 53, 54, 55, 56, 57, 58, 59, 60, 61, 62, 63, 64, 65, 66, 67, 68, 69, 70, 71, 72, 73, 74, 75, 76, 77, 78, 79, 80, 81, 82, 83, 84, 85, 86, 87, 88, 89, 90, 91, 92, 93, 94, 95, 96, 97, 98, 99, 100], "Miss Rate P(99)": [0.9998989071891873, 0.9997522023755504, 0.9996001789003638, 0.9994604204771673, 0.9990210789358782, 0.997113405133881, 0.9961140018203883, 0.9942675295590028, 0.9915808374631905, 0.9810466563484638, 0.3808193778691239, 0.14077323838080952, 0.10252349624060116, 0.07916216216216193, 0.054537037037036905, 0.040689745952349414, 0.01796586059743954, 0.015834202898550705, 0.012853798614145689, 0.010363504515788777, 0.010363504515788777, 0.010363504515788777, 0.00891367364253392, 0.007792819656488547, 0.006020420002320453, 0.006020420002320453, 0.005147519582245422, 0.004543943971436418, 0.004543943971436418, 0.004543943971436418, 0.004543943971436418, 0.004543943971436418, 0.0029230150842833413, 0.0025599684549497182, 0.0025599684549497182, 0.002007813280356914, 0.002007813280356914, 0.0011803713527851277, 0.0011803713527851277, 0.000931937172774855, 0.000931937172774855, 0.000931937172774855, 0.000931937172774855, 0.0, 0.0, 0.0, 0.0, 0.0, 0.0, 0.0, 0.0, 0.0, 0.0, 0.0, 0.0, 0.0, 0.0, 0.0, 0.0, 0.0, 0.0, 0.0, 0.0, 0.0, 0.0, 0.0, 0.0, 0.0, 0.0, 0.0, 0.0, 0.0, 0.0, 0.0, 0.0, 0.0, 0.0, 0.0, 0.0, 0.0, 0.0, 0.0, 0.0, 0.0, 0.0, 0.0, 0.0, 0.0, 0.0, 0.0, 0.0, 0.0, 0.0, 0.0, 0.0, 0.0, 0.0, 0.0, 0.0, 0.0]}