{"tpot_based_throughput": 93.79462792951286, "tbt_based_throughput": 30.858236409521144, "deadline_based_throughput": 75.78240212106158}