{"Number of Requests": 512, "Number of Errored Requests": 0, "Number of Completed Requests": 512, "Error Rate": 0.0, "Deadline Miss Rate": 0.00013385566789516425, "Number of Prompt Tokens (Mean)": 683.056640625, "Number of Prompt Tokens (P50)": 436.5930503518891, "Number of Prompt Tokens (P90)": 1644.1880723859645, "Number of Prompt Tokens (P99)": 4670.4108177561075, "Number of Output Tokens (Mean)": 218.841796875, "Number of Output Tokens (P50)": 159.97238261315115, "Number of Output Tokens (P90)": 513.372437267971, "Number of Output Tokens (P99)": 722.7054174123614, "Number of Total Tokens (Mean)": 901.8984375, "Number of Total Tokens (P50)": 650.0190427513235, "Number of Total Tokens (P90)": 2016.264934207726, "Number of Total Tokens (P99)": 5255.352477057046, "Time per Output Token (Mean)": 0.006110532832238747, "Time per Output Token (P50)": 0.005533126611602224, "Time per Output Token (P90)": 0.00869504390558313, "Time per Output Token (P99)": 0.009981698271328322, "Time to First Token (Mean)": 0.054441475394924055, "Time to First Token (P50)": 0.047216988860426745, "Time to First Token (P90)": 0.06620485998912709, "Time to First Token (P99)": 0.1854442350757946, "Time Between Tokens (Mean)": 0.006249441896048098, "Time Between Tokens (P50)": 0.005391119366208946, "Time Between Tokens (P90)": 0.008747371010793361, "Time Between Tokens (P99)": 0.011031483010194344, "End to End Latency (Mean)": 1.4158311274959487, "End to End Latency (P50)": 1.0996583401190723, "End to End Latency (P90)": 2.9653642129725695, "End to End Latency (P99)": 4.918482416538498, "Normalized End to End Latency (Mean)": 0.0074056438697349125, "Normalized End to End Latency (P50)": 0.00621367858508234, "Normalized End to End Latency (P90)": 0.010021705037940093, "Normalized End to End Latency (P99)": 0.018042921381796924, "Output Throughput (Mean)": 147.38075262210282, "Output Throughput (P50)": 160.9351025012422, "Output Throughput (P90)": 182.9112817913652, "Output Throughput (P99)": 188.85910238188015, "Deadline Miss Rate with 0.03s TBT Deadline, 0.3s TTFT Deadline, 0.0s TTFT Slack, Using Predictions for TTFT: False  (Mean)": 8.183484636871508e-05, "Deadline Miss Rate with 0.03s TBT Deadline, 0.3s TTFT Deadline, 0.0s TTFT Slack, Using Predictions for TTFT: False  (P50)": 0, "Deadline Miss Rate with 0.03s TBT Deadline, 0.3s TTFT Deadline, 0.0s TTFT Slack, Using Predictions for TTFT: False  (P90)": 0, "Deadline Miss Rate with 0.03s TBT Deadline, 0.3s TTFT Deadline, 0.0s TTFT Slack, Using Predictions for TTFT: False  (P99)": 0, "Min Deadline to Meet Target Deadline Miss Rate of 10.0% (Mean)": 0.003761910791158667, "Min Deadline to Meet Target Deadline Miss Rate of 10.0% (P50)": 0.004449327557033626, "Min Deadline to Meet Target Deadline Miss Rate of 10.0% (P90)": 0.007291819757340413, "Min Deadline to Meet Target Deadline Miss Rate of 10.0% (P99)": 0.00842120716419861}