{"tpot_based_throughput": 163.65184959387975, "tbt_based_throughput": 90.6050026248648, "deadline_based_throughput": 93.72962227345685}