{"Number of Requests": 256, "Number of Errored Requests": 0, "Number of Completed Requests": 256, "Error Rate": 0.0, "Deadline Miss Rate": 0.13134655784639981, "Number of Prompt Tokens (Mean)": 6475.9375, "Number of Prompt Tokens (P50)": 7793.166095210145, "Number of Prompt Tokens (P90)": 8078.831292220465, "Number of Prompt Tokens (P99)": 8160.024923752189, "Number of Output Tokens (Mean)": 184.85546875, "Number of Output Tokens (P50)": 160.9351025012422, "Number of Output Tokens (P90)": 308.8949992819657, "Number of Output Tokens (P99)": 455.32048804743, "Number of Total Tokens (Mean)": 6660.79296875, "Number of Total Tokens (P50)": 8030.503416967201, "Number of Total Tokens (P90)": 8192.730401697612, "Number of Total Tokens (P99)": 8192.730401697612, "Time per Output Token (Mean)": 0.023978561975349245, "Time per Output Token (P50)": 0.021472080259448016, "Time per Output Token (P90)": 0.036479617330762514, "Time per Output Token (P99)": 0.05281281125300059, "Time to First Token (Mean)": 0.4735905141951946, "Time to First Token (P50)": 0.46162576082433393, "Time to First Token (P90)": 0.747515231751134, "Time to First Token (P99)": 1.1173943895004816, "Time Between Tokens (Mean)": 0.02360957777156213, "Time Between Tokens (P50)": 0.01480186778723828, "Time Between Tokens (P90)": 0.017615046166413306, "Time Between Tokens (P99)": 0.39180116017555705, "End to End Latency (Mean)": 4.81434050237533, "End to End Latency (P50)": 4.318896749873268, "End to End Latency (P90)": 8.239998838809319, "End to End Latency (P99)": 11.66975344703424, "Normalized End to End Latency (Mean)": 0.027465304334968074, "Normalized End to End Latency (P50)": 0.024698772482012597, "Normalized End to End Latency (P90)": 0.04121299898680164, "Normalized End to End Latency (P99)": 0.06123713876207167, "Output Throughput (Mean)": 40.5588866976973, "Output Throughput (P50)": 40.24560203434602, "Output Throughput (P90)": 54.434646336994085, "Output Throughput (P99)": 67.82975111246652, "Deadline Miss Rate with 0.03s TBT Deadline, 0.3s TTFT Deadline, 0.0s TTFT Slack, Using Predictions for TTFT: False  (Mean)": 0.13186444858650737, "Deadline Miss Rate with 0.03s TBT Deadline, 0.3s TTFT Deadline, 0.0s TTFT Slack, Using Predictions for TTFT: False  (P50)": 0.08918866640868042, "Deadline Miss Rate with 0.03s TBT Deadline, 0.3s TTFT Deadline, 0.0s TTFT Slack, Using Predictions for TTFT: False  (P90)": 0.32988839797746117, "Deadline Miss Rate with 0.03s TBT Deadline, 0.3s TTFT Deadline, 0.0s TTFT Slack, Using Predictions for TTFT: False  (P99)": 0.5331242808517261, "Min Deadline to Meet Target Deadline Miss Rate of 10.0% (Mean)": 0.04291448086607781, "Min Deadline to Meet Target Deadline Miss Rate of 10.0% (P50)": 0.02773662061654186, "Min Deadline to Meet Target Deadline Miss Rate of 10.0% (P90)": 0.07926161265773085, "Min Deadline to Meet Target Deadline Miss Rate of 10.0% (P99)": 0.22380033214266856}