{"Target TBT (ms)": [1, 2, 3, 4, 5, 6, 7, 8, 9, 10, 11, 12, 13, 14, 15, 16, 17, 18, 19, 20, 21, 22, 23, 24, 25, 26, 27, 28, 29, 30, 31, 32, 33, 34, 35, 36, 37, 38, 39, 40, 41, 42, 43, 44, 45, 46, 47, 48, 49, 50, 51, 52, 53, 54, 55, 56, 57, 58, 59, 60, 61, 62, 63, 64, 65, 66, 67, 68, 69, 70, 71, 72, 73, 74, 75, 76, 77, 78, 79, 80, 81, 82, 83, 84, 85, 86, 87, 88, 89, 90, 91, 92, 93, 94, 95, 96, 97, 98, 99, 100], "Miss Rate P(99)": [0.9998871249248837, 0.9995249377713205, 0.9991708357130304, 0.9988467423053232, 0.9984610505188215, 0.9982199848024316, 0.9980629090663727, 0.9962642798857609, 0.9950760869565217, 0.994575180680416, 0.9943147699757869, 0.9940595280028178, 0.9937750849027477, 0.9916099305412283, 0.9829332947753999, 0.9806897618311167, 0.9604073893493689, 0.8467089654741837, 0.6822643020594963, 0.6637965692843739, 0.646655087404751, 0.633637640449438, 0.6204134366925063, 0.6031071428571425, 0.5821926710993347, 0.5620612397311424, 0.5529984002767087, 0.5358537747082637, 0.5240990990990988, 0.5068410462776657, 0.49343343792021466, 0.4786971830985911, 0.46753888397131316, 0.4528018059033308, 0.44445400500625754, 0.43449870214146635, 0.4253773584905659, 0.4173955233536032, 0.40791232290831314, 0.3994220846233229, 0.3857784431137724, 0.3783534136546184, 0.37074667065689054, 0.3629514607775477, 0.35615882460398224, 0.3433396584440226, 0.3384987893462468, 0.3286805909322463, 0.3249084406294704, 0.31514302059496535, 0.3138272810848078, 0.3060469897209982, 0.3005710014947681, 0.2953187492425158, 0.2904702213525741, 0.28440382081686405, 0.2807308030664822, 0.27925636007827775, 0.2711696306429547, 0.26862726098191203, 0.26556142410015643, 0.2604520829441434, 0.2551509054325955, 0.2551509054325955, 0.24792713567839192, 0.24444099378881984, 0.24278085991678225, 0.24008410428931873, 0.23168772756478903, 0.23111026904130352, 0.22928475033738188, 0.22625540405719985, 0.22026470588235295, 0.2151041666666666, 0.2151041666666666, 0.2136402027027026, 0.20627474870545226, 0.20402985074626856, 0.20402985074626856, 0.2028571428571428, 0.2028571428571428, 0.19484326018808773, 0.19176136363636354, 0.19176136363636354, 0.19176136363636354, 0.18963914707490423, 0.18963914707490423, 0.18307692307692305, 0.18307692307692305, 0.17990790899241593, 0.17990790899241593, 0.17990790899241593, 0.17990790899241593, 0.17476456226020218, 0.17096077127659573, 0.16770089285714276, 0.16770089285714276, 0.16770089285714276, 0.16412218291664996, 0.16412218291664996]}