{"tpot_based_throughput": 41.703918734911355, "tbt_based_throughput": 2.553610740065599, "deadline_based_throughput": 6.013413597572028}