{"Number of Requests": 256, "Number of Errored Requests": 0, "Number of Completed Requests": 256, "Error Rate": 0.0, "Deadline Miss Rate": 0.12121781619996241, "Number of Prompt Tokens (Mean)": 6475.9375, "Number of Prompt Tokens (P50)": 7793.166095210145, "Number of Prompt Tokens (P90)": 8078.831292220465, "Number of Prompt Tokens (P99)": 8160.024923752189, "Number of Output Tokens (Mean)": 184.85546875, "Number of Output Tokens (P50)": 160.9351025012422, "Number of Output Tokens (P90)": 308.8949992819657, "Number of Output Tokens (P99)": 455.32048804743, "Number of Total Tokens (Mean)": 6660.79296875, "Number of Total Tokens (P50)": 8030.503416967201, "Number of Total Tokens (P90)": 8192.730401697612, "Number of Total Tokens (P99)": 8192.730401697612, "Time per Output Token (Mean)": 0.0227985107756116, "Time per Output Token (P50)": 0.020140918204014143, "Time per Output Token (P90)": 0.03597246089764227, "Time per Output Token (P99)": 0.05249688301267856, "Time to First Token (Mean)": 0.459479286485589, "Time to First Token (P50)": 0.44441308816509617, "Time to First Token (P90)": 0.7341803273151636, "Time to First Token (P99)": 1.0865412953381914, "Time Between Tokens (Mean)": 0.02237577022902386, "Time Between Tokens (P50)": 0.01385648497995479, "Time Between Tokens (P90)": 0.017404928768170222, "Time Between Tokens (P99)": 0.40616296823187664, "End to End Latency (Mean)": 4.573387010585066, "End to End Latency (P50)": 4.034974431408211, "End to End Latency (P90)": 8.02851993740672, "End to End Latency (P99)": 11.347532389424481, "Normalized End to End Latency (Mean)": 0.02619148013656785, "Normalized End to End Latency (P50)": 0.023213953100834992, "Normalized End to End Latency (P90)": 0.040155270712838094, "Normalized End to End Latency (P99)": 0.060144731064356215, "Output Throughput (Mean)": 43.2310862540542, "Output Throughput (P50)": 42.905531327715394, "Output Throughput (P90)": 59.560991951357785, "Output Throughput (P99)": 74.51503648254217, "Deadline Miss Rate with 0.03s TBT Deadline, 0.3s TTFT Deadline, 0.0s TTFT Slack, Using Predictions for TTFT: False  (Mean)": 0.122199605934721, "Deadline Miss Rate with 0.03s TBT Deadline, 0.3s TTFT Deadline, 0.0s TTFT Slack, Using Predictions for TTFT: False  (P50)": 0.07143256796521726, "Deadline Miss Rate with 0.03s TBT Deadline, 0.3s TTFT Deadline, 0.0s TTFT Slack, Using Predictions for TTFT: False  (P90)": 0.3088187043244026, "Deadline Miss Rate with 0.03s TBT Deadline, 0.3s TTFT Deadline, 0.0s TTFT Slack, Using Predictions for TTFT: False  (P99)": 0.5142731565725064, "Min Deadline to Meet Target Deadline Miss Rate of 10.0% (Mean)": 0.0406951450398521, "Min Deadline to Meet Target Deadline Miss Rate of 10.0% (P50)": 0.02606917451614132, "Min Deadline to Meet Target Deadline Miss Rate of 10.0% (P90)": 0.07661201533830812, "Min Deadline to Meet Target Deadline Miss Rate of 10.0% (P99)": 0.22113077663475186}