{"Target TBT (ms)": [1, 2, 3, 4, 5, 6, 7, 8, 9, 10, 11, 12, 13, 14, 15, 16, 17, 18, 19, 20, 21, 22, 23, 24, 25, 26, 27, 28, 29, 30, 31, 32, 33, 34, 35, 36, 37, 38, 39, 40, 41, 42, 43, 44, 45, 46, 47, 48, 49, 50, 51, 52, 53, 54, 55, 56, 57, 58, 59, 60, 61, 62, 63, 64, 65, 66, 67, 68, 69, 70, 71, 72, 73, 74, 75, 76, 77, 78, 79, 80, 81, 82, 83, 84, 85, 86, 87, 88, 89, 90, 91, 92, 93, 94, 95, 96, 97, 98, 99, 100], "Miss Rate P(99)": [0.9998676068463143, 0.999609748468188, 0.9992015333277969, 0.9989110891566604, 0.9985862191021179, 0.9980865089983169, 0.9974867838175188, 0.9970691828562954, 0.9951950238087003, 0.9938462697247015, 0.9934300542580797, 0.9926612903225807, 0.9882942432517504, 0.9846241544425021, 0.9791108891108892, 0.9751959428307976, 0.9718005878865724, 0.9118511901887884, 0.7056747512437809, 0.6543193627786132, 0.6350188368259947, 0.622121212121212, 0.6063779527559053, 0.5899999999999997, 0.5725850153145369, 0.5576156852855881, 0.5440982142857143, 0.5230884879725084, 0.5106132075471695, 0.49422674886089496, 0.4811923528425287, 0.46407967032967007, 0.4536858638743453, 0.4440288493794027, 0.43144881434355103, 0.4221728542743623, 0.41174425236925233, 0.40169422238372093, 0.3895833333333333, 0.38222891566265055, 0.3704305931948207, 0.36234006397441004, 0.35561932455871825, 0.3475496861924684, 0.34388771186440664, 0.33678188899707867, 0.3262820512820511, 0.3249777034559642, 0.3161422278162365, 0.3134285714285714, 0.30428520625889044, 0.3028727077875685, 0.2963333333333332, 0.2909449541284403, 0.28914285714285703, 0.2811910747957259, 0.2770453500842653, 0.2697005629104555, 0.26597156398104266, 0.2583973979893554, 0.2544939700130378, 0.24800724637681157, 0.24792713567839192, 0.2405543237250554, 0.24004329004329, 0.23085976965043437, 0.23085976965043437, 0.22803970223325057, 0.22625540405719985, 0.22415176332943335, 0.22415176332943335, 0.22415176332943335, 0.2138099733928418, 0.2117995613414461, 0.2117995613414461, 0.20473684210526305, 0.20473684210526305, 0.2009574468085106, 0.2009574468085106, 0.2009574468085106, 0.2009574468085106, 0.1921624331550801, 0.19022177419354833, 0.19022177419354833, 0.18767750801649105, 0.18767750801649105, 0.18767750801649105, 0.18767750801649105, 0.17797852689909946, 0.17797852689909946, 0.17797852689909946, 0.17797852689909946, 0.1727379003974748, 0.16947802197802186, 0.16947802197802186, 0.16742896606156266, 0.1620503597122301, 0.1620503597122301, 0.1620503597122301, 0.1620503597122301]}