{"tpot_based_throughput": 43.86251408446101, "tbt_based_throughput": 2.4630155853589213, "deadline_based_throughput": 6.179763945978757}