{"Number of Requests": 256, "Number of Errored Requests": 0, "Number of Completed Requests": 256, "Error Rate": 0.0, "Deadline Miss Rate": 0.05059704513256426, "Number of Prompt Tokens (Mean)": 6475.9375, "Number of Prompt Tokens (P50)": 7793.166095210145, "Number of Prompt Tokens (P90)": 8078.831292220465, "Number of Prompt Tokens (P99)": 8160.024923752189, "Number of Output Tokens (Mean)": 184.7109375, "Number of Output Tokens (P50)": 159.01542175195067, "Number of Output Tokens (P90)": 308.8949992819657, "Number of Output Tokens (P99)": 455.32048804743, "Number of Total Tokens (Mean)": 6660.6484375, "Number of Total Tokens (P50)": 8030.503416967201, "Number of Total Tokens (P90)": 8192.730401697612, "Number of Total Tokens (P99)": 8192.730401697612, "Time per Output Token (Mean)": 0.017628675725663814, "Time per Output Token (P50)": 0.016066773825145382, "Time per Output Token (P90)": 0.02509713134714314, "Time per Output Token (P99)": 0.03414969494958049, "Time to First Token (Mean)": 0.33639786532080507, "Time to First Token (P50)": 0.3474964421893278, "Time to First Token (P90)": 0.5071234944098811, "Time to First Token (P99)": 0.6969785661074768, "Time Between Tokens (Mean)": 0.017556240057353744, "Time Between Tokens (P50)": 0.012613319027283364, "Time Between Tokens (P90)": 0.015498657232031206, "Time Between Tokens (P99)": 0.27554593538799327, "End to End Latency (Mean)": 3.5629056083613477, "End to End Latency (P50)": 3.129896322912432, "End to End Latency (P90)": 6.165690331953579, "End to End Latency (P99)": 9.327809848096624, "Normalized End to End Latency (Mean)": 0.020126064755714483, "Normalized End to End Latency (P50)": 0.018407412694422778, "Normalized End to End Latency (P90)": 0.028296937709456103, "Normalized End to End Latency (P99)": 0.042129732362595984, "Output Throughput (Mean)": 54.2533610232848, "Output Throughput (P50)": 54.000906295163944, "Output Throughput (P90)": 71.8802057988621, "Output Throughput (P99)": 87.61927351184859, "Deadline Miss Rate with 0.03s TBT Deadline, 0.3s TTFT Deadline, 0.0s TTFT Slack, Using Predictions for TTFT: False  (Mean)": 0.057174893093282615, "Deadline Miss Rate with 0.03s TBT Deadline, 0.3s TTFT Deadline, 0.0s TTFT Slack, Using Predictions for TTFT: False  (P50)": 0.020962884948370824, "Deadline Miss Rate with 0.03s TBT Deadline, 0.3s TTFT Deadline, 0.0s TTFT Slack, Using Predictions for TTFT: False  (P90)": 0.14971809302031183, "Deadline Miss Rate with 0.03s TBT Deadline, 0.3s TTFT Deadline, 0.0s TTFT Slack, Using Predictions for TTFT: False  (P99)": 0.41106628655534155, "Min Deadline to Meet Target Deadline Miss Rate of 10.0% (Mean)": 0.02447700709612753, "Min Deadline to Meet Target Deadline Miss Rate of 10.0% (P50)": 0.017231746775903854, "Min Deadline to Meet Target Deadline Miss Rate of 10.0% (P90)": 0.04306685736489062, "Min Deadline to Meet Target Deadline Miss Rate of 10.0% (P99)": 0.11225286503361988}