{"Target TBT (ms)": [1, 2, 3, 4, 5, 6, 7, 8, 9, 10, 11, 12, 13, 14, 15, 16, 17, 18, 19, 20, 21, 22, 23, 24, 25, 26, 27, 28, 29, 30, 31, 32, 33, 34, 35, 36, 37, 38, 39, 40, 41, 42, 43, 44, 45, 46, 47, 48, 49, 50, 51, 52, 53, 54, 55, 56, 57, 58, 59, 60, 61, 62, 63, 64, 65, 66, 67, 68, 69, 70, 71, 72, 73, 74, 75, 76, 77, 78, 79, 80, 81, 82, 83, 84, 85, 86, 87, 88, 89, 90, 91, 92, 93, 94, 95, 96, 97, 98, 99, 100], "Miss Rate P(99)": [0.9998118791290012, 0.9993667075401822, 0.9990197405819813, 0.9983586103304584, 0.9980385615741264, 0.9971698943661972, 0.9958350625994329, 0.995301948051948, 0.9951794871794871, 0.9950664511494253, 0.9949521531100478, 0.9931718977343588, 0.9855816831683168, 0.9775094512949157, 0.9579133435149045, 0.8810322370563334, 0.7328560535457086, 0.5503484320557487, 0.5053547752448564, 0.48359609609609566, 0.47184256055363283, 0.4520983213429253, 0.43933943380040014, 0.42547185638788676, 0.41129543952412406, 0.4002016129032257, 0.38469796391006467, 0.37449651046859417, 0.3652093596059113, 0.35288093329771125, 0.3459776383965093, 0.32785714285714285, 0.32263504611330684, 0.31712566844919765, 0.3115196078431372, 0.3058457711442784, 0.30002816108138547, 0.2881410256410256, 0.2821153846153845, 0.2821153846153845, 0.2696231617647058, 0.2696231617647058, 0.2566825396825396, 0.2566825396825396, 0.24897959183673457, 0.24897959183673457, 0.24326859776168527, 0.2364335898293742, 0.22937074829931942, 0.22229166666666653, 0.21452127659574463, 0.21452127659574463, 0.21179972672262345, 0.20353107344632768, 0.19529900863447378, 0.18232919254658358, 0.17963054187192098, 0.17648768472906376, 0.17648768472906376, 0.17385057471264334, 0.17118297787522385, 0.16848436246992737, 0.16848436246992737, 0.1492379679144383, 0.1492379679144383, 0.1436147186147183, 0.1436147186147183, 0.1374783549783548, 0.13461622210125182, 0.13132280892759907, 0.12840635268346076, 0.12840635268346076, 0.12840635268346076, 0.12840635268346076, 0.12279069767441825, 0.11980289279636941, 0.11980289279636941, 0.11980289279636941, 0.11677842773576783, 0.11677842773576783, 0.11232106339468267, 0.11232106339468267, 0.10925925925925883, 0.10925925925925883, 0.10030237058538918, 0.09707242848447928, 0.09707242848447928, 0.09707242848447928, 0.09707242848447928, 0.0900314712824546, 0.08675958188153288, 0.08675958188153288, 0.08675958188153288, 0.08675958188153288, 0.08675958188153288, 0.08612637362637342, 0.08612637362637342, 0.08281171442936121, 0.08281171442936121, 0.08281171442936121]}