{"tpot_based_throughput": 56.72575839285537, "tbt_based_throughput": 3.625713600339804, "deadline_based_throughput": 12.004296627279347}