{"Number of Requests": 512, "Number of Errored Requests": 0, "Number of Completed Requests": 512, "Error Rate": 0.0, "Deadline Miss Rate": 4.970381047485213e-05, "Number of Prompt Tokens (Mean)": 2234.875, "Number of Prompt Tokens (P50)": 1657.3943359881944, "Number of Prompt Tokens (P90)": 5458.898826850627, "Number of Prompt Tokens (P99)": 7079.810742190998, "Number of Output Tokens (Mean)": 432.228515625, "Number of Output Tokens (P50)": 403.83302995196453, "Number of Output Tokens (P90)": 836.3119948137848, "Number of Output Tokens (P99)": 991.2847208430245, "Number of Total Tokens (Mean)": 2667.103515625, "Number of Total Tokens (P50)": 2111.1794506901215, "Number of Total Tokens (P90)": 5984.944824595679, "Number of Total Tokens (P99)": 7746.547080001839, "Time per Output Token (Mean)": 0.010484819197947087, "Time per Output Token (P50)": 0.01079144045371867, "Time per Output Token (P90)": 0.011784125140703235, "Time per Output Token (P99)": 0.012893887071738367, "Time to First Token (Mean)": 0.0939579528530885, "Time to First Token (P50)": 0.07143256796521726, "Time to First Token (P90)": 0.18213610027412055, "Time to First Token (P99)": 0.24002769279107247, "Time Between Tokens (Mean)": 0.01055302687432718, "Time Between Tokens (P50)": 0.010244625759957635, "Time Between Tokens (P90)": 0.011097870894875253, "Time Between Tokens (P99)": 0.03533074911971233, "End to End Latency (Mean)": 4.644744678600546, "End to End Latency (P50)": 4.327543189812955, "End to End Latency (P90)": 8.926284417773203, "End to End Latency (P99)": 11.30223290413684, "Normalized End to End Latency (Mean)": 0.010989319197488046, "Normalized End to End Latency (P50)": 0.011097870894875253, "Normalized End to End Latency (P90)": 0.012388310362971326, "Normalized End to End Latency (P99)": 0.015875124670076096, "Output Throughput (Mean)": 93.71381652734894, "Output Throughput (P50)": 89.92724906007459, "Output Throughput (P90)": 109.61794201885188, "Output Throughput (P99)": 166.83431691554176, "Deadline Miss Rate with 0.03s TBT Deadline, 0.3s TTFT Deadline, 0.0s TTFT Slack, Using Predictions for TTFT: False  (Mean)": 2.4469675398633257e-05, "Deadline Miss Rate with 0.03s TBT Deadline, 0.3s TTFT Deadline, 0.0s TTFT Slack, Using Predictions for TTFT: False  (P50)": 0, "Deadline Miss Rate with 0.03s TBT Deadline, 0.3s TTFT Deadline, 0.0s TTFT Slack, Using Predictions for TTFT: False  (P90)": 0, "Deadline Miss Rate with 0.03s TBT Deadline, 0.3s TTFT Deadline, 0.0s TTFT Slack, Using Predictions for TTFT: False  (P99)": 0, "Min Deadline to Meet Target Deadline Miss Rate of 10.0% (Mean)": 0.009300258349501414, "Min Deadline to Meet Target Deadline Miss Rate of 10.0% (P50)": 0.010122424881781077, "Min Deadline to Meet Target Deadline Miss Rate of 10.0% (P90)": 0.010987445197816132, "Min Deadline to Meet Target Deadline Miss Rate of 10.0% (P99)": 0.011550783751992826}