{"Target TBT (ms)": [1, 2, 3, 4, 5, 6, 7, 8, 9, 10, 11, 12, 13, 14, 15, 16, 17, 18, 19, 20, 21, 22, 23, 24, 25, 26, 27, 28, 29, 30, 31, 32, 33, 34, 35, 36, 37, 38, 39, 40, 41, 42, 43, 44, 45, 46, 47, 48, 49, 50, 51, 52, 53, 54, 55, 56, 57, 58, 59, 60, 61, 62, 63, 64, 65, 66, 67, 68, 69, 70, 71, 72, 73, 74, 75, 76, 77, 78, 79, 80, 81, 82, 83, 84, 85, 86, 87, 88, 89, 90, 91, 92, 93, 94, 95, 96, 97, 98, 99, 100], "Miss Rate P(99)": [0.9998915615829662, 0.9996957904089523, 0.9995254431208829, 0.9992841023536871, 0.9989598020065201, 0.9973691994757236, 0.9959970469798658, 0.9946396758203988, 0.9916093272724238, 0.9800546713250518, 0.5990125976316452, 0.13472077922077902, 0.09221700190867697, 0.06813991301166615, 0.05037901184570203, 0.03861439995040909, 0.032945171277339334, 0.015919389312977088, 0.012591123989629395, 0.012591123989629395, 0.011357685009487615, 0.009922629769117376, 0.005766272189349094, 0.005766272189349094, 0.005766272189349094, 0.005764761615330967, 0.0056893491124260075, 0.0037559059699755503, 0.0037559059699755503, 0.0034501670504012588, 0.0022413138715603664, 0.0017072921029363804, 0.0011405288681931127, 0.0011405288681931127, 0.000931937172774855, 0.0, 0.0, 0.0, 0.0, 0.0, 0.0, 0.0, 0.0, 0.0, 0.0, 0.0, 0.0, 0.0, 0.0, 0.0, 0.0, 0.0, 0.0, 0.0, 0.0, 0.0, 0.0, 0.0, 0.0, 0.0, 0.0, 0.0, 0.0, 0.0, 0.0, 0.0, 0.0, 0.0, 0.0, 0.0, 0.0, 0.0, 0.0, 0.0, 0.0, 0.0, 0.0, 0.0, 0.0, 0.0, 0.0, 0.0, 0.0, 0.0, 0.0, 0.0, 0.0, 0.0, 0.0, 0.0, 0.0, 0.0, 0.0, 0.0, 0.0, 0.0, 0.0, 0.0, 0.0, 0.0]}