{"tpot_based_throughput": 95.37598895322847, "tbt_based_throughput": 28.301099933951917, "deadline_based_throughput": 77.26349717186585}