{"Number of Requests": 256, "Number of Errored Requests": 0, "Number of Completed Requests": 256, "Error Rate": 0.0, "Deadline Miss Rate": 0.07979966611018365, "Number of Prompt Tokens (Mean)": 6475.9375, "Number of Prompt Tokens (P50)": 7793.166095210145, "Number of Prompt Tokens (P90)": 8078.831292220465, "Number of Prompt Tokens (P99)": 8160.024923752189, "Number of Output Tokens (Mean)": 184.85546875, "Number of Output Tokens (P50)": 160.9351025012422, "Number of Output Tokens (P90)": 308.8949992819657, "Number of Output Tokens (P99)": 455.32048804743, "Number of Total Tokens (Mean)": 6660.79296875, "Number of Total Tokens (P50)": 8030.503416967201, "Number of Total Tokens (P90)": 8192.730401697612, "Number of Total Tokens (P99)": 8192.730401697612, "Time per Output Token (Mean)": 0.02067248498702994, "Time per Output Token (P50)": 0.018892281567469155, "Time per Output Token (P90)": 0.02956980103744972, "Time per Output Token (P99)": 0.04684075974714052, "Time to First Token (Mean)": 0.39130995308880756, "Time to First Token (P50)": 0.39573882861822257, "Time to First Token (P90)": 0.6083525788507955, "Time to First Token (P99)": 0.7905703924151583, "Time Between Tokens (Mean)": 0.02044286425385688, "Time Between Tokens (P50)": 0.013967781489349901, "Time Between Tokens (P90)": 0.01584340613926675, "Time Between Tokens (P99)": 0.3259533931390539, "End to End Latency (Mean)": 4.149842343074283, "End to End Latency (P50)": 3.76218513553916, "End to End Latency (P90)": 7.078062077235636, "End to End Latency (P99)": 10.206249965267208, "Normalized End to End Latency (Mean)": 0.023570907036721905, "Normalized End to End Latency (P50)": 0.02125842942025383, "Normalized End to End Latency (P90)": 0.03314041860446005, "Normalized End to End Latency (P99)": 0.049737231562209806, "Output Throughput (Mean)": 46.270121006490015, "Output Throughput (P50)": 46.94613041587921, "Output Throughput (P90)": 59.91943226817587, "Output Throughput (P99)": 74.81369364413838, "Deadline Miss Rate with 0.03s TBT Deadline, 0.3s TTFT Deadline, 0.0s TTFT Slack, Using Predictions for TTFT: False  (Mean)": 0.08526742025295782, "Deadline Miss Rate with 0.03s TBT Deadline, 0.3s TTFT Deadline, 0.0s TTFT Slack, Using Predictions for TTFT: False  (P50)": 0.045729964009496867, "Deadline Miss Rate with 0.03s TBT Deadline, 0.3s TTFT Deadline, 0.0s TTFT Slack, Using Predictions for TTFT: False  (P90)": 0.19651804057719424, "Deadline Miss Rate with 0.03s TBT Deadline, 0.3s TTFT Deadline, 0.0s TTFT Slack, Using Predictions for TTFT: False  (P99)": 0.4533908310940673, "Min Deadline to Meet Target Deadline Miss Rate of 10.0% (Mean)": 0.03212089262067186, "Min Deadline to Meet Target Deadline Miss Rate of 10.0% (P50)": 0.02208179488046369, "Min Deadline to Meet Target Deadline Miss Rate of 10.0% (P90)": 0.053024485635102384, "Min Deadline to Meet Target Deadline Miss Rate of 10.0% (P99)": 0.15243742012358982}