{"Number of Requests": 256, "Number of Errored Requests": 0, "Number of Completed Requests": 256, "Error Rate": 0.0, "Deadline Miss Rate": 0.07979183032207385, "Number of Prompt Tokens (Mean)": 6475.9375, "Number of Prompt Tokens (P50)": 7793.166095210145, "Number of Prompt Tokens (P90)": 8078.831292220465, "Number of Prompt Tokens (P99)": 8160.024923752189, "Number of Output Tokens (Mean)": 184.85546875, "Number of Output Tokens (P50)": 160.9351025012422, "Number of Output Tokens (P90)": 308.8949992819657, "Number of Output Tokens (P99)": 455.32048804743, "Number of Total Tokens (Mean)": 6660.79296875, "Number of Total Tokens (P50)": 8030.503416967201, "Number of Total Tokens (P90)": 8192.730401697612, "Number of Total Tokens (P99)": 8192.730401697612, "Time per Output Token (Mean)": 0.020674734122821458, "Time per Output Token (P50)": 0.018854534751150547, "Time per Output Token (P90)": 0.029628999838325495, "Time per Output Token (P99)": 0.04684075974714052, "Time to First Token (Mean)": 0.39138941162559604, "Time to First Token (P50)": 0.39573882861822257, "Time to First Token (P90)": 0.6059240280655137, "Time to First Token (P99)": 0.8017162203719557, "Time Between Tokens (Mean)": 0.020433392939012397, "Time Between Tokens (P50)": 0.013967781489349901, "Time Between Tokens (P90)": 0.015811750982145337, "Time Between Tokens (P99)": 0.3240035275765469, "End to End Latency (Mean)": 4.148180448580661, "End to End Latency (P50)": 3.76218513553916, "End to End Latency (P90)": 7.078062077235636, "End to End Latency (P99)": 10.185857857444494, "Normalized End to End Latency (Mean)": 0.02356636535359888, "Normalized End to End Latency (P50)": 0.0213009888385126, "Normalized End to End Latency (P90)": 0.03307420398187371, "Normalized End to End Latency (P99)": 0.0498368055993714, "Output Throughput (Mean)": 46.28688414014016, "Output Throughput (P50)": 46.758720900655646, "Output Throughput (P90)": 59.7997131227849, "Output Throughput (P99)": 74.6642157347595, "Deadline Miss Rate with 0.03s TBT Deadline, 0.3s TTFT Deadline, 0.0s TTFT Slack, Using Predictions for TTFT: False  (Mean)": 0.08499400867274086, "Deadline Miss Rate with 0.03s TBT Deadline, 0.3s TTFT Deadline, 0.0s TTFT Slack, Using Predictions for TTFT: False  (P50)": 0.045729964009496867, "Deadline Miss Rate with 0.03s TBT Deadline, 0.3s TTFT Deadline, 0.0s TTFT Slack, Using Predictions for TTFT: False  (P90)": 0.20129152786438959, "Deadline Miss Rate with 0.03s TBT Deadline, 0.3s TTFT Deadline, 0.0s TTFT Slack, Using Predictions for TTFT: False  (P99)": 0.4533908310940673, "Min Deadline to Meet Target Deadline Miss Rate of 10.0% (Mean)": 0.03202874410962797, "Min Deadline to Meet Target Deadline Miss Rate of 10.0% (P50)": 0.021774803602925667, "Min Deadline to Meet Target Deadline Miss Rate of 10.0% (P90)": 0.05420395126272135, "Min Deadline to Meet Target Deadline Miss Rate of 10.0% (P99)": 0.15304839113513624}