{"Target TBT (ms)": [1, 2, 3, 4, 5, 6, 7, 8, 9, 10, 11, 12, 13, 14, 15, 16, 17, 18, 19, 20, 21, 22, 23, 24, 25, 26, 27, 28, 29, 30, 31, 32, 33, 34, 35, 36, 37, 38, 39, 40, 41, 42, 43, 44, 45, 46, 47, 48, 49, 50, 51, 52, 53, 54, 55, 56, 57, 58, 59, 60, 61, 62, 63, 64, 65, 66, 67, 68, 69, 70, 71, 72, 73, 74, 75, 76, 77, 78, 79, 80, 81, 82, 83, 84, 85, 86, 87, 88, 89, 90, 91, 92, 93, 94, 95, 96, 97, 98, 99, 100], "Miss Rate P(99)": [0.9998331372315012, 0.9994850495961599, 0.9990726863674227, 0.9987282201988085, 0.9983449734408814, 0.9979006826690157, 0.9965224343560642, 0.9954922994482595, 0.9947548804562404, 0.9943200476481762, 0.9940946115288221, 0.9938839285714286, 0.9932657200811359, 0.9864699735872057, 0.9705982447913175, 0.8694153138207528, 0.7830469868540935, 0.6475602705671503, 0.629956896551724, 0.6146576769843701, 0.5965581735889244, 0.5738549812125519, 0.5563461538461537, 0.5331603773584905, 0.5070922464403806, 0.4875510204081632, 0.464001421464108, 0.4456597417181359, 0.4304904051172707, 0.4156464977252246, 0.39929050059124926, 0.3888235294117644, 0.37937619047619026, 0.36846731187043236, 0.3630307136404695, 0.35393098817087637, 0.34701740506329093, 0.33952110389610385, 0.3323227018959703, 0.32362718402541407, 0.31607142857142845, 0.31332046332046326, 0.30349282296650715, 0.298396192093136, 0.2887757009345793, 0.2869295774647886, 0.2777759722673599, 0.27219913586702255, 0.2680149322660098, 0.26165671641791044, 0.25500917284836877, 0.25317460317460316, 0.24026226734348544, 0.24026226734348544, 0.23469104665825966, 0.23469104665825966, 0.23293053912455627, 0.23096394645941273, 0.23096394645941273, 0.22285289115646245, 0.21625450612833444, 0.2094834543987085, 0.2094834543987085, 0.2094834543987085, 0.2057146741593401, 0.2057146741593401, 0.2015425750719867, 0.19954417952314157, 0.19457746478873228, 0.19457746478873228, 0.19457746478873228, 0.18946191797718148, 0.18946191797718148, 0.18748401348680377, 0.1822802197802197, 0.17982197667280536, 0.1737108655616941, 0.1737108655616941, 0.16839285714285696, 0.1662541287770663, 0.1662541287770663, 0.16566491788321155, 0.1607691672174486, 0.1607691672174486, 0.1607691672174486, 0.1607691672174486, 0.15865528414755722, 0.15865528414755722, 0.15291005291005277, 0.15291005291005277, 0.15291005291005277, 0.15291005291005277, 0.14741364605543694, 0.14522645393721043, 0.14522645393721043, 0.14522645393721043, 0.14330765527202693, 0.14330765527202693, 0.14330765527202693, 0.14330765527202693]}