{"Target TBT (ms)": [1, 2, 3, 4, 5, 6, 7, 8, 9, 10, 11, 12, 13, 14, 15, 16, 17, 18, 19, 20, 21, 22, 23, 24, 25, 26, 27, 28, 29, 30, 31, 32, 33, 34, 35, 36, 37, 38, 39, 40, 41, 42, 43, 44, 45, 46, 47, 48, 49, 50, 51, 52, 53, 54, 55, 56, 57, 58, 59, 60, 61, 62, 63, 64, 65, 66, 67, 68, 69, 70, 71, 72, 73, 74, 75, 76, 77, 78, 79, 80, 81, 82, 83, 84, 85, 86, 87, 88, 89, 90, 91, 92, 93, 94, 95, 96, 97, 98, 99, 100], "Miss Rate P(99)": [0.9998337417296282, 0.9994712153802211, 0.9990025550314465, 0.9986610690868837, 0.998109676860435, 0.9979839877695527, 0.9966855812122802, 0.9961666159221724, 0.9945571765399351, 0.9942676518883415, 0.9939517306849714, 0.9937106918238994, 0.9934831508360921, 0.987961215932914, 0.9752248250353553, 0.875949460836592, 0.7994565217391301, 0.652799178222907, 0.6334296942047969, 0.6148748841519925, 0.5935294117647057, 0.5733381853469188, 0.5494467860906217, 0.5307142857142857, 0.5070922464403806, 0.48223122238586147, 0.46272229279136234, 0.4481318681318681, 0.4331120552310142, 0.41802347242920995, 0.40205156730580427, 0.3916291360294114, 0.38117619047619017, 0.37291841883936055, 0.3648825654923213, 0.35699845679012315, 0.34770127118644045, 0.34273706896551714, 0.33557787561915225, 0.3282557354925774, 0.32428205128205123, 0.31534749034749027, 0.3061733958183128, 0.30093075430511756, 0.29466666666666663, 0.2895117370892018, 0.28058704930481, 0.2761848341232227, 0.26639077970297026, 0.26, 0.2579547738693467, 0.24833024118738395, 0.2467008797653958, 0.24326859776168527, 0.23853741496598627, 0.23469104665825966, 0.23293053912455627, 0.23096394645941273, 0.23096394645941273, 0.2164949608062709, 0.2164949608062709, 0.2094834543987085, 0.20760908763072475, 0.20760908763072475, 0.20760908763072475, 0.2057146741593401, 0.19962779156327534, 0.19760869565217387, 0.19457746478873228, 0.19457746478873228, 0.19457746478873228, 0.18748401348680377, 0.18748401348680377, 0.1822802197802197, 0.17982197667280536, 0.17982197667280536, 0.17496402877697836, 0.17166666666666655, 0.17166666666666655, 0.1662541287770663, 0.1662541287770663, 0.16416386451242507, 0.15865528414755722, 0.15865528414755722, 0.15865528414755722, 0.15865528414755722, 0.15865528414755722, 0.15865528414755722, 0.15635504201680667, 0.15091005291005283, 0.15091005291005283, 0.15091005291005283, 0.14522645393721043, 0.14522645393721043, 0.14522645393721043, 0.14522645393721043, 0.14301397636096969, 0.14301397636096969, 0.13722678789998247, 0.13722678789998247]}