{"tpot_based_throughput": 48.37347811002923, "tbt_based_throughput": 3.0671881114648696, "deadline_based_throughput": 7.138264089774276}