{"tpot_based_throughput": 48.36821571969658, "tbt_based_throughput": 3.0893202619296622, "deadline_based_throughput": 7.1937241302444805}