{"Number of Requests": 256, "Number of Errored Requests": 0, "Number of Completed Requests": 256, "Error Rate": 0.0, "Deadline Miss Rate": 0.04659941953684723, "Number of Prompt Tokens (Mean)": 6475.9375, "Number of Prompt Tokens (P50)": 7793.166095210145, "Number of Prompt Tokens (P90)": 8078.831292220465, "Number of Prompt Tokens (P99)": 8160.024923752189, "Number of Output Tokens (Mean)": 184.85546875, "Number of Output Tokens (P50)": 160.9351025012422, "Number of Output Tokens (P90)": 308.8949992819657, "Number of Output Tokens (P99)": 455.32048804743, "Number of Total Tokens (Mean)": 6660.79296875, "Number of Total Tokens (P50)": 8030.503416967201, "Number of Total Tokens (P90)": 8192.730401697612, "Number of Total Tokens (P99)": 8192.730401697612, "Time per Output Token (Mean)": 0.01632579422072852, "Time per Output Token (P50)": 0.014920757694717035, "Time per Output Token (P90)": 0.02307508635278533, "Time per Output Token (P99)": 0.032679685249196025, "Time to First Token (Mean)": 0.33216692164228334, "Time to First Token (P50)": 0.34472756002487076, "Time to First Token (P90)": 0.5000732301419085, "Time to First Token (P99)": 0.6886648028872061, "Time Between Tokens (Mean)": 0.016191926030895146, "Time Between Tokens (P50)": 0.011550783751992826, "Time Between Tokens (P90)": 0.01405184013005181, "Time Between Tokens (P99)": 0.23621780878570242, "End to End Latency (Mean)": 3.3091410720178374, "End to End Latency (P50)": 2.9182959203362904, "End to End Latency (P90)": 5.7259019430371785, "End to End Latency (P99)": 8.837466374355909, "Normalized End to End Latency (Mean)": 0.018786437191702924, "Normalized End to End Latency (P50)": 0.01719731771141653, "Normalized End to End Latency (P90)": 0.025400111268076248, "Normalized End to End Latency (P99)": 0.04072139833818039, "Output Throughput (Mean)": 58.320990606510996, "Output Throughput (P50)": 58.03236392716473, "Output Throughput (P90)": 77.40109669391174, "Output Throughput (P99)": 93.41024346874016, "Deadline Miss Rate with 0.03s TBT Deadline, 0.3s TTFT Deadline, 0.0s TTFT Slack, Using Predictions for TTFT: False  (Mean)": 0.053230611741084594, "Deadline Miss Rate with 0.03s TBT Deadline, 0.3s TTFT Deadline, 0.0s TTFT Slack, Using Predictions for TTFT: False  (P50)": 0.018518189204716273, "Deadline Miss Rate with 0.03s TBT Deadline, 0.3s TTFT Deadline, 0.0s TTFT Slack, Using Predictions for TTFT: False  (P90)": 0.14558413059383216, "Deadline Miss Rate with 0.03s TBT Deadline, 0.3s TTFT Deadline, 0.0s TTFT Slack, Using Predictions for TTFT: False  (P99)": 0.41106628655534155, "Min Deadline to Meet Target Deadline Miss Rate of 10.0% (Mean)": 0.022810562336165154, "Min Deadline to Meet Target Deadline Miss Rate of 10.0% (P50)": 0.01609893953850904, "Min Deadline to Meet Target Deadline Miss Rate of 10.0% (P90)": 0.04221407617112971, "Min Deadline to Meet Target Deadline Miss Rate of 10.0% (P99)": 0.10959086713497894}