{"Target TBT (ms)": [1, 2, 3, 4, 5, 6, 7, 8, 9, 10, 11, 12, 13, 14, 15, 16, 17, 18, 19, 20, 21, 22, 23, 24, 25, 26, 27, 28, 29, 30, 31, 32, 33, 34, 35, 36, 37, 38, 39, 40, 41, 42, 43, 44, 45, 46, 47, 48, 49, 50, 51, 52, 53, 54, 55, 56, 57, 58, 59, 60, 61, 62, 63, 64, 65, 66, 67, 68, 69, 70, 71, 72, 73, 74, 75, 76, 77, 78, 79, 80, 81, 82, 83, 84, 85, 86, 87, 88, 89, 90, 91, 92, 93, 94, 95, 96, 97, 98, 99, 100], "Miss Rate P(99)": [0.9997514849821165, 0.9993328826103343, 0.9987114645933741, 0.9981669536722786, 0.9978751979699085, 0.996485669019156, 0.9954051873914123, 0.9952796591653922, 0.9951794871794871, 0.9950616839477726, 0.9939517306849714, 0.981010296010296, 0.975387026766337, 0.9465824837812788, 0.8711789297658862, 0.696152928703949, 0.5313686026451979, 0.5180076296167848, 0.4980639097744358, 0.47671596511186926, 0.45852708927396346, 0.445165194006915, 0.4301440454453236, 0.4148962148962148, 0.406774193548387, 0.3898106060606059, 0.386547619047619, 0.36655898640711515, 0.35882144544166267, 0.3438102297998516, 0.3386090225563907, 0.32263504611330684, 0.31712566844919765, 0.3115196078431372, 0.3115196078431372, 0.3058457711442784, 0.2821153846153845, 0.2821153846153845, 0.2821153846153845, 0.2696231617647058, 0.26321195144724535, 0.26321195144724535, 0.2566825396825396, 0.24326859776168527, 0.24326859776168527, 0.2364335898293742, 0.22270648967551607, 0.22270648967551607, 0.21961309523809516, 0.20850917431192645, 0.1933772755806652, 0.1933772755806652, 0.18918897513068242, 0.17952542372881308, 0.17334482758620656, 0.17334482758620656, 0.1706896551724134, 0.1680037871237787, 0.15888922888616858, 0.15888922888616858, 0.15888922888616858, 0.14951441102756868, 0.14107142857142818, 0.1403409090909087, 0.13745917256396253, 0.13132280892759907, 0.12840635268346076, 0.12732954545454508, 0.12545454545454504, 0.12545454545454504, 0.1183333333333331, 0.11534552845528426, 0.11402953586497858, 0.11402953586497858, 0.11402953586497858, 0.11088110403396989, 0.11088110403396989, 0.11088110403396989, 0.11088110403396989, 0.11088110403396989, 0.10769230769230724, 0.10030237058538918, 0.10030237058538918, 0.10030237058538918, 0.10030237058538918, 0.09707242848447928, 0.09707242848447928, 0.08939826302729516, 0.08939826302729516, 0.08939826302729516, 0.08612637362637342, 0.07815126050420167, 0.07815126050420167, 0.07815126050420167, 0.07815126050420167, 0.07815126050420167, 0.07815126050420167, 0.07483660130718947, 0.07483660130718947, 0.07483660130718947]}