{"tpot_based_throughput": 61.252762743408844, "tbt_based_throughput": 4.230456919860432, "deadline_based_throughput": 12.298007280587358}