{"Number of Requests": 256, "Number of Errored Requests": 0, "Number of Completed Requests": 256, "Error Rate": 0.0, "Deadline Miss Rate": 0.07723825470304344, "Number of Prompt Tokens (Mean)": 6475.9375, "Number of Prompt Tokens (P50)": 7793.166095210145, "Number of Prompt Tokens (P90)": 8078.831292220465, "Number of Prompt Tokens (P99)": 8160.024923752189, "Number of Output Tokens (Mean)": 184.8515625, "Number of Output Tokens (P50)": 160.9351025012422, "Number of Output Tokens (P90)": 308.8949992819657, "Number of Output Tokens (P99)": 455.32048804743, "Number of Total Tokens (Mean)": 6660.7890625, "Number of Total Tokens (P50)": 8030.503416967201, "Number of Total Tokens (P90)": 8192.730401697612, "Number of Total Tokens (P99)": 8192.730401697612, "Time per Output Token (Mean)": 0.02153238130748884, "Time per Output Token (P50)": 0.02006051541717455, "Time per Output Token (P90)": 0.029866982578078374, "Time per Output Token (P99)": 0.04527494311404125, "Time to First Token (Mean)": 0.38484322126214465, "Time to First Token (P50)": 0.37269278590095706, "Time to First Token (P90)": 0.5903730370647373, "Time to First Token (P99)": 1.0460273525850758, "Time Between Tokens (Mean)": 0.021283697812804394, "Time Between Tokens (P50)": 0.01480186778723828, "Time Between Tokens (P90)": 0.017128665813019556, "Time Between Tokens (P99)": 0.30635800977148203, "End to End Latency (Mean)": 4.298300017146971, "End to End Latency (P50)": 3.9157228757852773, "End to End Latency (P90)": 7.2936212320281655, "End to End Latency (P99)": 10.496063516370434, "Normalized End to End Latency (Mean)": 0.024362393530391806, "Normalized End to End Latency (P50)": 0.022482866134419098, "Normalized End to End Latency (P90)": 0.033674930169957415, "Normalized End to End Latency (P99)": 0.05249688301267856, "Output Throughput (Mean)": 44.42443905307174, "Output Throughput (P50)": 44.389402758225586, "Output Throughput (P90)": 56.317247811205746, "Output Throughput (P99)": 69.47735788524926, "Deadline Miss Rate with 0.03s TBT Deadline, 0.3s TTFT Deadline, 0.0s TTFT Slack, Using Predictions for TTFT: False  (Mean)": 0.08196186508845382, "Deadline Miss Rate with 0.03s TBT Deadline, 0.3s TTFT Deadline, 0.0s TTFT Slack, Using Predictions for TTFT: False  (P50)": 0.044112965373737816, "Deadline Miss Rate with 0.03s TBT Deadline, 0.3s TTFT Deadline, 0.0s TTFT Slack, Using Predictions for TTFT: False  (P90)": 0.21849306436201546, "Deadline Miss Rate with 0.03s TBT Deadline, 0.3s TTFT Deadline, 0.0s TTFT Slack, Using Predictions for TTFT: False  (P99)": 0.43735905912082623, "Min Deadline to Meet Target Deadline Miss Rate of 10.0% (Mean)": 0.03135150806460659, "Min Deadline to Meet Target Deadline Miss Rate of 10.0% (P50)": 0.02208179488046369, "Min Deadline to Meet Target Deadline Miss Rate of 10.0% (P90)": 0.050741990627267655, "Min Deadline to Meet Target Deadline Miss Rate of 10.0% (P99)": 0.12430697161877663}