{"Target TBT (ms)": [1, 2, 3, 4, 5, 6, 7, 8, 9, 10, 11, 12, 13, 14, 15, 16, 17, 18, 19, 20, 21, 22, 23, 24, 25, 26, 27, 28, 29, 30, 31, 32, 33, 34, 35, 36, 37, 38, 39, 40, 41, 42, 43, 44, 45, 46, 47, 48, 49, 50, 51, 52, 53, 54, 55, 56, 57, 58, 59, 60, 61, 62, 63, 64, 65, 66, 67, 68, 69, 70, 71, 72, 73, 74, 75, 76, 77, 78, 79, 80, 81, 82, 83, 84, 85, 86, 87, 88, 89, 90, 91, 92, 93, 94, 95, 96, 97, 98, 99, 100], "Miss Rate P(99)": [0.9998407890065225, 0.9994814926436341, 0.999033599776931, 0.9986554418103448, 0.9982944756594838, 0.9979296262123332, 0.9977823261826533, 0.9957689980115847, 0.9952796591653922, 0.9942308970099668, 0.9939886592018374, 0.9938040875283504, 0.9934228332853441, 0.9905220017256255, 0.9804177578778407, 0.957258504638894, 0.8717161541180628, 0.7430033893615549, 0.626068376068376, 0.6051191151446398, 0.5806742640075974, 0.5643291139240506, 0.5394157021335936, 0.5231657541065206, 0.5057093240716002, 0.48854166666666643, 0.47270270270270237, 0.44656135619341136, 0.4351981721111208, 0.4199823101931533, 0.4102917942134884, 0.3947159090909087, 0.38220749838396867, 0.3727605727605724, 0.35930434782608667, 0.35392718045556454, 0.33994332020668744, 0.3288095086355234, 0.32655440414507747, 0.3078759398496239, 0.30340389016018304, 0.2906538461538461, 0.2878187420314492, 0.2748567966512448, 0.2621318681318681, 0.25866666666666666, 0.2544999999999999, 0.2544999999999999, 0.2434515043130654, 0.2434515043130654, 0.23911033163265294, 0.23467776584317918, 0.23150793650793627, 0.21515957446808506, 0.21515957446808506, 0.21515957446808506, 0.2132779610877233, 0.20871765382403673, 0.20871765382403673, 0.20634250693802023, 0.1938127090301003, 0.1938127090301003, 0.1913583953879413, 0.18887681159420275, 0.18636750060723808, 0.18636750060723808, 0.17822470515207944, 0.17822470515207944, 0.16941751560959561, 0.16377118644067784, 0.16377118644067784, 0.1616477272727272, 0.1595, 0.1595, 0.15693573667711594, 0.15424986862848125, 0.15424986862848125, 0.15424986862848125, 0.1515327695560252, 0.1515327695560252, 0.14035087719298245, 0.14035087719298245, 0.13990208078335373, 0.13990208078335373, 0.13676730586155306, 0.13676730586155306, 0.13396716826265379, 0.13294117647058815, 0.1305147058823528, 0.1217261904761904, 0.1217261904761904, 0.1217261904761904, 0.1217261904761904, 0.11891796322489391, 0.11407142857142846, 0.11407142857142846, 0.10949999999999999, 0.10872946330777655, 0.10435073627844704, 0.10435073627844704]}