{"tpot_based_throughput": 46.44168174990501, "tbt_based_throughput": 3.2640675502985275, "deadline_based_throughput": 9.732932651989948}