{"Number of Requests": 512, "Number of Errored Requests": 0, "Number of Completed Requests": 512, "Error Rate": 0.0, "Deadline Miss Rate": 2.7030436271241417e-05, "Number of Prompt Tokens (Mean)": 2234.875, "Number of Prompt Tokens (P50)": 1657.3943359881944, "Number of Prompt Tokens (P90)": 5458.898826850627, "Number of Prompt Tokens (P99)": 7079.810742190998, "Number of Output Tokens (Mean)": 433.52734375, "Number of Output Tokens (P50)": 407.89162073672736, "Number of Output Tokens (P90)": 836.3119948137848, "Number of Output Tokens (P99)": 991.2847208430245, "Number of Total Tokens (Mean)": 2668.40234375, "Number of Total Tokens (P50)": 2111.1794506901215, "Number of Total Tokens (P90)": 5984.944824595679, "Number of Total Tokens (P99)": 7746.547080001839, "Time per Output Token (Mean)": 0.0070103769392877635, "Time per Output Token (P50)": 0.006188873505705842, "Time per Output Token (P90)": 0.010224156977220457, "Time per Output Token (P99)": 0.01236355849411424, "Time to First Token (Mean)": 0.08196917260283954, "Time to First Token (P50)": 0.06002456177152037, "Time to First Token (P90)": 0.15897614602756968, "Time to First Token (P99)": 0.19612539713947758, "Time Between Tokens (Mean)": 0.007033504776146336, "Time Between Tokens (P50)": 0.005782019761291014, "Time Between Tokens (P90)": 0.010472505084140854, "Time Between Tokens (P99)": 0.02927557650353776, "End to End Latency (Mean)": 3.1241660479963684, "End to End Latency (P50)": 2.798265729602692, "End to End Latency (P90)": 5.935789796912751, "End to End Latency (P99)": 9.365195822050945, "Normalized End to End Latency (Mean)": 0.007472493553160644, "Normalized End to End Latency (P50)": 0.006480211179837237, "Normalized End to End Latency (P90)": 0.0108998962696904, "Normalized End to End Latency (P99)": 0.01328656452622316, "Output Throughput (Mean)": 142.74393889166092, "Output Throughput (P50)": 154.31580426135386, "Output Throughput (P90)": 175.3880981800834, "Output Throughput (P99)": 182.54582468488894, "Deadline Miss Rate with 0.03s TBT Deadline, 0.3s TTFT Deadline, 0.0s TTFT Slack, Using Predictions for TTFT: False  (Mean)": 1.575100806451613e-05, "Deadline Miss Rate with 0.03s TBT Deadline, 0.3s TTFT Deadline, 0.0s TTFT Slack, Using Predictions for TTFT: False  (P50)": 0, "Deadline Miss Rate with 0.03s TBT Deadline, 0.3s TTFT Deadline, 0.0s TTFT Slack, Using Predictions for TTFT: False  (P90)": 0, "Deadline Miss Rate with 0.03s TBT Deadline, 0.3s TTFT Deadline, 0.0s TTFT Slack, Using Predictions for TTFT: False  (P99)": 0, "Min Deadline to Meet Target Deadline Miss Rate of 10.0% (Mean)": 0.006036757768615705, "Min Deadline to Meet Target Deadline Miss Rate of 10.0% (P50)": 0.005863537356840318, "Min Deadline to Meet Target Deadline Miss Rate of 10.0% (P90)": 0.010409858161462445, "Min Deadline to Meet Target Deadline Miss Rate of 10.0% (P99)": 0.011276865023359462}