{"tpot_based_throughput": 142.645682059658, "tbt_based_throughput": 34.153745456766636, "deadline_based_throughput": 84.48002320447917}