{"Number of Requests": 256, "Number of Errored Requests": 0, "Number of Completed Requests": 256, "Error Rate": 0.0, "Deadline Miss Rate": 0.0005734553872947774, "Number of Prompt Tokens (Mean)": 6475.9375, "Number of Prompt Tokens (P50)": 7793.166095210145, "Number of Prompt Tokens (P90)": 8078.831292220465, "Number of Prompt Tokens (P99)": 8160.024923752189, "Number of Output Tokens (Mean)": 183.8515625, "Number of Output Tokens (P50)": 159.97238261315115, "Number of Output Tokens (P90)": 308.2778264562278, "Number of Output Tokens (P99)": 454.4107568025799, "Number of Total Tokens (Mean)": 6659.7890625, "Number of Total Tokens (P50)": 8030.503416967201, "Number of Total Tokens (P90)": 8192.730401697612, "Number of Total Tokens (P99)": 8192.730401697612, "Time per Output Token (Mean)": 0.006257097835864848, "Time per Output Token (P50)": 0.005056896810690399, "Time per Output Token (P90)": 0.010224156977220457, "Time per Output Token (P99)": 0.013128078516963538, "Time to First Token (Mean)": 0.15799911072645045, "Time to First Token (P50)": 0.17221680765292285, "Time to First Token (P90)": 0.21718603056266375, "Time to First Token (P99)": 0.2749953940585467, "Time Between Tokens (Mean)": 0.006293388782830085, "Time Between Tokens (P50)": 0.004422711510806207, "Time Between Tokens (P90)": 0.009667340372991665, "Time Between Tokens (P99)": 0.039517898741957595, "End to End Latency (Mean)": 1.3087796666368376, "End to End Latency (P50)": 1.0628984043498855, "End to End Latency (P90)": 2.2727709585942875, "End to End Latency (P99)": 3.8845220520778194, "Normalized End to End Latency (Mean)": 0.007453669509235579, "Normalized End to End Latency (P50)": 0.00631389708586986, "Normalized End to End Latency (P90)": 0.011597079432065257, "Normalized End to End Latency (P99)": 0.014831501156181702, "Output Throughput (Mean)": 151.862555187828, "Output Throughput (P50)": 157.11863951343716, "Output Throughput (P90)": 209.9776890247771, "Output Throughput (P99)": 238.65078314293916, "Deadline Miss Rate with 0.03s TBT Deadline, 0.3s TTFT Deadline, 0.0s TTFT Slack, Using Predictions for TTFT: False  (Mean)": 0.00079619476949709, "Deadline Miss Rate with 0.03s TBT Deadline, 0.3s TTFT Deadline, 0.0s TTFT Slack, Using Predictions for TTFT: False  (P50)": 0, "Deadline Miss Rate with 0.03s TBT Deadline, 0.3s TTFT Deadline, 0.0s TTFT Slack, Using Predictions for TTFT: False  (P90)": 0, "Deadline Miss Rate with 0.03s TBT Deadline, 0.3s TTFT Deadline, 0.0s TTFT Slack, Using Predictions for TTFT: False  (P99)": 0.017026201484365525, "Min Deadline to Meet Target Deadline Miss Rate of 10.0% (Mean)": 0.005472209360593761, "Min Deadline to Meet Target Deadline Miss Rate of 10.0% (P50)": 0.004449327557033626, "Min Deadline to Meet Target Deadline Miss Rate of 10.0% (P90)": 0.010122424881781077, "Min Deadline to Meet Target Deadline Miss Rate of 10.0% (P99)": 0.012413111785119417}