{"Target TBT (ms)": [1, 2, 3, 4, 5, 6, 7, 8, 9, 10, 11, 12, 13, 14, 15, 16, 17, 18, 19, 20, 21, 22, 23, 24, 25, 26, 27, 28, 29, 30, 31, 32, 33, 34, 35, 36, 37, 38, 39, 40, 41, 42, 43, 44, 45, 46, 47, 48, 49, 50, 51, 52, 53, 54, 55, 56, 57, 58, 59, 60, 61, 62, 63, 64, 65, 66, 67, 68, 69, 70, 71, 72, 73, 74, 75, 76, 77, 78, 79, 80, 81, 82, 83, 84, 85, 86, 87, 88, 89, 90, 91, 92, 93, 94, 95, 96, 97, 98, 99, 100], "Miss Rate P(99)": [1.0, 1.0, 1.0, 1.0, 1.0, 1.0, 1.0, 1.0, 0.9964052287581698, 0.2851944776317534, 0.21855644355644344, 0.1735898468976631, 0.14538461538461522, 0.11815734989647995, 0.10220585362041316, 0.09136203302869957, 0.08289677999346186, 0.0758653846153846, 0.06719764924218988, 0.05756172027162183, 0.05756172027162183, 0.05289575289575287, 0.045876288659793804, 0.04476702508960573, 0.04423562412342214, 0.04170549048634998, 0.04061808934099953, 0.04061808934099953, 0.03672760388559093, 0.03656584480122324, 0.035704495614035076, 0.03379356313083222, 0.03379356313083222, 0.03253172419913033, 0.030432421950746538, 0.030432421950746538, 0.029047619047619034, 0.028393866020984662, 0.026601769911504425, 0.026221190230478152, 0.025944669365721987, 0.023851894374282395, 0.023851894374282395, 0.023366418527708804, 0.021215880893300242, 0.0196257446257446, 0.018225419664268577, 0.017495234581565506, 0.017495234581565506, 0.017495234581565506, 0.01706730769230769, 0.015351812366737728, 0.014608904933814677, 0.013831528279181698, 0.013831528279181698, 0.012079705702023283, 0.012079705702023283, 0.012079705702023283, 0.009927420958441027, 0.009927420958441027, 0.009927420958441027, 0.009927420958441027, 0.009927420958441027, 0.009927420958441027, 0.009927420958441027, 0.009927420958441027, 0.009116321762349795, 0.009116321762349795, 0.009116321762349795, 0.008759236453201967, 0.008759236453201967, 0.008620689655172414, 0.008620689655172414, 0.008620689655172414, 0.008620689655172414, 0.008014648690692235, 0.008014648690692235, 0.007343716201600689, 0.007343716201600689, 0.006903253671177649, 0.006622516556291391, 0.006622516556291391, 0.006141051990561001, 0.005527383367139955, 0.005527383367139955, 0.005527383367139955, 0.005527383367139955, 0.005527383367139955, 0.005527383367139955, 0.005527383367139955, 0.005527383367139955, 0.005527383367139955, 0.005527383367139955, 0.005527383367139955, 0.005527383367139955, 0.005527383367139955, 0.005527383367139955, 0.005527383367139955, 0.005527383367139955, 0.004787369493251835]}