{"tpot_based_throughput": 159.8185015212857, "tbt_based_throughput": 25.309838573233264, "deadline_based_throughput": 66.51341854560036}