{"Number of Requests": 256, "Number of Errored Requests": 0, "Number of Completed Requests": 256, "Error Rate": 0.0, "Deadline Miss Rate": 0.04748767673489259, "Number of Prompt Tokens (Mean)": 6475.9375, "Number of Prompt Tokens (P50)": 7793.166095210145, "Number of Prompt Tokens (P90)": 8078.831292220465, "Number of Prompt Tokens (P99)": 8160.024923752189, "Number of Output Tokens (Mean)": 184.8515625, "Number of Output Tokens (P50)": 160.9351025012422, "Number of Output Tokens (P90)": 308.8949992819657, "Number of Output Tokens (P99)": 455.32048804743, "Number of Total Tokens (Mean)": 6660.7890625, "Number of Total Tokens (P50)": 8030.503416967201, "Number of Total Tokens (P90)": 8192.730401697612, "Number of Total Tokens (P99)": 8192.730401697612, "Time per Output Token (Mean)": 0.01646917017945791, "Time per Output Token (P50)": 0.015070713852807076, "Time per Output Token (P90)": 0.023213953100834992, "Time per Output Token (P99)": 0.03287635283901393, "Time to First Token (Mean)": 0.3332901458325068, "Time to First Token (P50)": 0.34472756002487076, "Time to First Token (P90)": 0.5050990513428187, "Time to First Token (P99)": 0.7082199179121906, "Time Between Tokens (Mean)": 0.01633283588716761, "Time Between Tokens (P50)": 0.011666871097543038, "Time Between Tokens (P90)": 0.014221478060087686, "Time Between Tokens (P99)": 0.24050822871257613, "End to End Latency (Mean)": 3.33617134388453, "End to End Latency (P50)": 2.9358583362730246, "End to End Latency (P90)": 5.783448233550435, "End to End Latency (P99)": 8.872887045775503, "Normalized End to End Latency (Mean)": 0.018943548992509416, "Normalized End to End Latency (P50)": 0.017300811824038694, "Normalized End to End Latency (P90)": 0.02555297010457077, "Normalized End to End Latency (P99)": 0.04080292265917775, "Output Throughput (Mean)": 57.83250083471728, "Output Throughput (P50)": 57.111234483520185, "Output Throughput (P90)": 77.24644914806974, "Output Throughput (P99)": 92.29601889382377, "Deadline Miss Rate with 0.03s TBT Deadline, 0.3s TTFT Deadline, 0.0s TTFT Slack, Using Predictions for TTFT: False  (Mean)": 0.0542164702427864, "Deadline Miss Rate with 0.03s TBT Deadline, 0.3s TTFT Deadline, 0.0s TTFT Slack, Using Predictions for TTFT: False  (P50)": 0.018518189204716273, "Deadline Miss Rate with 0.03s TBT Deadline, 0.3s TTFT Deadline, 0.0s TTFT Slack, Using Predictions for TTFT: False  (P90)": 0.1447132408020166, "Deadline Miss Rate with 0.03s TBT Deadline, 0.3s TTFT Deadline, 0.0s TTFT Slack, Using Predictions for TTFT: False  (P99)": 0.41106628655534155, "Min Deadline to Meet Target Deadline Miss Rate of 10.0% (Mean)": 0.023020394487819312, "Min Deadline to Meet Target Deadline Miss Rate of 10.0% (P50)": 0.016391344295595824, "Min Deadline to Meet Target Deadline Miss Rate of 10.0% (P90)": 0.04023566164519613, "Min Deadline to Meet Target Deadline Miss Rate of 10.0% (P99)": 0.10300257844004142}