{"Target TBT (ms)": [1, 2, 3, 4, 5, 6, 7, 8, 9, 10, 11, 12, 13, 14, 15, 16, 17, 18, 19, 20, 21, 22, 23, 24, 25, 26, 27, 28, 29, 30, 31, 32, 33, 34, 35, 36, 37, 38, 39, 40, 41, 42, 43, 44, 45, 46, 47, 48, 49, 50, 51, 52, 53, 54, 55, 56, 57, 58, 59, 60, 61, 62, 63, 64, 65, 66, 67, 68, 69, 70, 71, 72, 73, 74, 75, 76, 77, 78, 79, 80, 81, 82, 83, 84, 85, 86, 87, 88, 89, 90, 91, 92, 93, 94, 95, 96, 97, 98, 99, 100], "Miss Rate P(99)": [0.999768595554739, 0.9993145151068167, 0.9987931915437185, 0.9980910165484633, 0.9978419137962793, 0.9961897367428091, 0.9950441176470588, 0.9948286405572837, 0.9946196819939837, 0.9944585755813953, 0.9936846689895471, 0.9834035326086956, 0.9795416666666666, 0.9603140595856225, 0.8644030579050095, 0.7226172806785048, 0.537906152417925, 0.5152380952380947, 0.4988260254596885, 0.4807413376309425, 0.4629893238434161, 0.44920185078079794, 0.4333272006214481, 0.41775626717032965, 0.40719999999999995, 0.3917344743733631, 0.3866954022988505, 0.36539408866995066, 0.3565930063137444, 0.3412280701754384, 0.3412280701754384, 0.3252139037433155, 0.3139393939393937, 0.3083333333333332, 0.29610016420361207, 0.2863465690415842, 0.27590144230769204, 0.2721934791097224, 0.2701138147566715, 0.26321195144724535, 0.2565939278937378, 0.24213227513227475, 0.2398723404255315, 0.2307923169267704, 0.22937074829931942, 0.22937074829931942, 0.22615002757859862, 0.20923763736263706, 0.19755358807082923, 0.19431034482758608, 0.18719667943805868, 0.17982456140350866, 0.1723435948361469, 0.16963543332267347, 0.15876311188811176, 0.15661538461538455, 0.14982758620689643, 0.14982758620689643, 0.14763005780346816, 0.13670327304048216, 0.1321786492374727, 0.1321786492374727, 0.12708333333333327, 0.12708333333333327, 0.12115683229813656, 0.1185141509433961, 0.11615636651225843, 0.11281839622641508, 0.11094339622641504, 0.10789594053744994, 0.10789594053744994, 0.10789594053744994, 0.10478711162255457, 0.09922815683853037, 0.09845423563777989, 0.09845423563777989, 0.09581700146986771, 0.09581700146986771, 0.09581700146986771, 0.09581700146986771, 0.08479455327281404, 0.08352187028657604, 0.07843492985002395, 0.07603276353276325, 0.07603276353276325, 0.0733900836320189, 0.0733900836320189, 0.072998345740281, 0.072998345740281, 0.072998345740281, 0.072998345740281, 0.07032134532134517, 0.06700041893590258, 0.06590605656026191, 0.06590605656026191, 0.06590605656026191, 0.06590605656026191, 0.06590605656026191, 0.06092436974789893, 0.06092436974789893]}