{"Target TBT (ms)": [1, 2, 3, 4, 5, 6, 7, 8, 9, 10, 11, 12, 13, 14, 15, 16, 17, 18, 19, 20, 21, 22, 23, 24, 25, 26, 27, 28, 29, 30, 31, 32, 33, 34, 35, 36, 37, 38, 39, 40, 41, 42, 43, 44, 45, 46, 47, 48, 49, 50, 51, 52, 53, 54, 55, 56, 57, 58, 59, 60, 61, 62, 63, 64, 65, 66, 67, 68, 69, 70, 71, 72, 73, 74, 75, 76, 77, 78, 79, 80, 81, 82, 83, 84, 85, 86, 87, 88, 89, 90, 91, 92, 93, 94, 95, 96, 97, 98, 99, 100], "Miss Rate P(99)": [0.9997619168471044, 0.9993430855191681, 0.9986675157207674, 0.998094870585545, 0.9978854991688667, 0.9963325631105459, 0.9950441176470588, 0.994813161552443, 0.9946196819939837, 0.9944585755813953, 0.9937339606501283, 0.982858038918225, 0.9772627171966507, 0.9542082616179001, 0.8824304972593945, 0.723784355179704, 0.5376717325227959, 0.5208557308826076, 0.5035280763528537, 0.48151977514555283, 0.4638094990646433, 0.44621212121212106, 0.4331636784268363, 0.41690041476033696, 0.4037966654584994, 0.3908625186289119, 0.38350775193798453, 0.37169904919388175, 0.3581810344827585, 0.34027815653122423, 0.3332570556826846, 0.3225315126050417, 0.312272727272727, 0.3058457711442784, 0.2999999999999997, 0.29141914191419094, 0.27590144230769204, 0.27590144230769204, 0.2694902319902316, 0.26305511498810413, 0.2565939278937378, 0.2565939278937378, 0.24322950819672098, 0.24322950819672098, 0.23015089014329104, 0.22256967303050207, 0.21449598572702916, 0.21449598572702916, 0.19755358807082923, 0.19755358807082923, 0.19431034482758608, 0.18719667943805868, 0.17639777012625016, 0.1723435948361469, 0.1723435948361469, 0.15982142857142856, 0.15717857142857136, 0.15450533661740545, 0.1449343142406726, 0.14219873150105702, 0.14219873150105702, 0.13663101604278058, 0.12950980392156863, 0.12667652859960546, 0.11818131070670972, 0.11583557951482473, 0.11346175573381538, 0.11346175573381538, 0.11346175573381538, 0.11022483335216354, 0.10974842767295591, 0.10663959875806053, 0.10663959875806053, 0.10663959875806053, 0.10663959875806053, 0.10349116692705185, 0.10349116692705185, 0.09488042302607859, 0.08712943304238403, 0.08452041785375108, 0.08452041785375108, 0.07796225513616795, 0.07796225513616795, 0.07586848635235703, 0.07322580645161268, 0.07009487666034127, 0.07009487666034127, 0.07009487666034127, 0.07009487666034127, 0.07009487666034127, 0.06741787624140544, 0.06741787624140544, 0.06741787624140544, 0.0659638114694292, 0.06039388243335575, 0.06039388243335575, 0.05768188854489134, 0.05768188854489134, 0.05768188854489134, 0.05768188854489134]}