{"tpot_based_throughput": 60.74549082273787, "tbt_based_throughput": 4.1859116359201725, "deadline_based_throughput": 13.138392204672433}