{"tpot_based_throughput": 60.71951343652435, "tbt_based_throughput": 4.1425129402075225, "deadline_based_throughput": 13.292261866656547}