{"Number of Requests": 256, "Number of Errored Requests": 0, "Number of Completed Requests": 256, "Error Rate": 0.0, "Deadline Miss Rate": 0.13184444733468348, "Number of Prompt Tokens (Mean)": 6475.9375, "Number of Prompt Tokens (P50)": 7793.166095210145, "Number of Prompt Tokens (P90)": 8078.831292220465, "Number of Prompt Tokens (P99)": 8160.024923752189, "Number of Output Tokens (Mean)": 184.85546875, "Number of Output Tokens (P50)": 160.9351025012422, "Number of Output Tokens (P90)": 308.8949992819657, "Number of Output Tokens (P99)": 455.32048804743, "Number of Total Tokens (Mean)": 6660.79296875, "Number of Total Tokens (P50)": 8030.503416967201, "Number of Total Tokens (P90)": 8192.730401697612, "Number of Total Tokens (P99)": 8192.730401697612, "Time per Output Token (Mean)": 0.024123306533636774, "Time per Output Token (P50)": 0.02160130005580778, "Time per Output Token (P90)": 0.036625828075364034, "Time per Output Token (P99)": 0.05281281125300059, "Time to First Token (Mean)": 0.4750530159420805, "Time to First Token (P50)": 0.4588642980117241, "Time to First Token (P90)": 0.7580540480894626, "Time to First Token (P99)": 1.1286243935759568, "Time Between Tokens (Mean)": 0.023739262865384466, "Time Between Tokens (P50)": 0.014861193851189074, "Time Between Tokens (P90)": 0.017756531770734444, "Time Between Tokens (P99)": 0.39573882861822257, "End to End Latency (Mean)": 4.839646317836809, "End to End Latency (P50)": 4.336206939942711, "End to End Latency (P90)": 8.223535304665846, "End to End Latency (P99)": 11.73998246750052, "Normalized End to End Latency (Mean)": 0.02762537762393929, "Normalized End to End Latency (P50)": 0.02484741063499535, "Normalized End to End Latency (P90)": 0.040884610192028964, "Normalized End to End Latency (P99)": 0.061359735636470215, "Output Throughput (Mean)": 40.27407025529708, "Output Throughput (P50)": 40.24560203434602, "Output Throughput (P90)": 53.46358812161941, "Output Throughput (P99)": 67.28927769958321, "Deadline Miss Rate with 0.03s TBT Deadline, 0.3s TTFT Deadline, 0.0s TTFT Slack, Using Predictions for TTFT: False  (Mean)": 0.13249452515942073, "Deadline Miss Rate with 0.03s TBT Deadline, 0.3s TTFT Deadline, 0.0s TTFT Slack, Using Predictions for TTFT: False  (P50)": 0.0884780032832256, "Deadline Miss Rate with 0.03s TBT Deadline, 0.3s TTFT Deadline, 0.0s TTFT Slack, Using Predictions for TTFT: False  (P90)": 0.3259533931390539, "Deadline Miss Rate with 0.03s TBT Deadline, 0.3s TTFT Deadline, 0.0s TTFT Slack, Using Predictions for TTFT: False  (P99)": 0.5395603133299307, "Min Deadline to Meet Target Deadline Miss Rate of 10.0% (Mean)": 0.04320424907550499, "Min Deadline to Meet Target Deadline Miss Rate of 10.0% (P50)": 0.028015378381472934, "Min Deadline to Meet Target Deadline Miss Rate of 10.0% (P90)": 0.08053999870261405, "Min Deadline to Meet Target Deadline Miss Rate of 10.0% (P99)": 0.22604956362769368}