{"Target TBT (ms)": [1, 2, 3, 4, 5, 6, 7, 8, 9, 10, 11, 12, 13, 14, 15, 16, 17, 18, 19, 20, 21, 22, 23, 24, 25, 26, 27, 28, 29, 30, 31, 32, 33, 34, 35, 36, 37, 38, 39, 40, 41, 42, 43, 44, 45, 46, 47, 48, 49, 50, 51, 52, 53, 54, 55, 56, 57, 58, 59, 60, 61, 62, 63, 64, 65, 66, 67, 68, 69, 70, 71, 72, 73, 74, 75, 76, 77, 78, 79, 80, 81, 82, 83, 84, 85, 86, 87, 88, 89, 90, 91, 92, 93, 94, 95, 96, 97, 98, 99, 100], "Miss Rate P(99)": [0.9998788294348675, 0.999651049507396, 0.999343335600136, 0.9989633259950942, 0.998478730874418, 0.9982300884955753, 0.9981153419202509, 0.9967532467532467, 0.9951633914384522, 0.9946629492472935, 0.9943786888867847, 0.9940333194996146, 0.9936997797750134, 0.9930978602894902, 0.9908475842603354, 0.9865875011223849, 0.9798996428531692, 0.9062983712253839, 0.6846209666272479, 0.6643288370648911, 0.6476271058965102, 0.63426435877262, 0.6170172814888667, 0.5976202805762169, 0.5808874152070466, 0.5671024009023525, 0.5522342544187204, 0.540409090909091, 0.5291960709517451, 0.5112858464384828, 0.5011083743842365, 0.4820671178793005, 0.46842616580310875, 0.4578396572827416, 0.4428053830227743, 0.4312962962962963, 0.4213014981273407, 0.41168582375478924, 0.4032843737250102, 0.3925210084033613, 0.3816666666666665, 0.3752539877300612, 0.36537069838056657, 0.35395829010168056, 0.3446490218642113, 0.336323892286235, 0.33510558069381563, 0.32653495440729446, 0.322721674876847, 0.31514302059496535, 0.3124999999999998, 0.3060469897209982, 0.30333333333333307, 0.2953187492425158, 0.29250642044759667, 0.2904702213525741, 0.2807308030664822, 0.2807308030664822, 0.2777682648401825, 0.26862726098191203, 0.2671015057113187, 0.2640068134171908, 0.25673519791736193, 0.2551509054325955, 0.253551452254195, 0.24444099378881984, 0.24444099378881984, 0.24074912891986058, 0.2349639855942377, 0.2334185848252344, 0.22959535083943172, 0.22787910369984365, 0.2212590673575129, 0.2193125, 0.2172817211055276, 0.2132635253054101, 0.21106386371488553, 0.2084968558224108, 0.2028571428571428, 0.2028571428571428, 0.20058910162002933, 0.19639786131628253, 0.19176136363636354, 0.19176136363636354, 0.18963914707490423, 0.18963914707490423, 0.18963914707490423, 0.18963914707490423, 0.17990790899241593, 0.17990790899241593, 0.17990790899241593, 0.17990790899241593, 0.17476456226020218, 0.17476456226020218, 0.17476456226020218, 0.16770089285714276, 0.16412218291664996, 0.16412218291664996, 0.16412218291664996, 0.16412218291664996]}