{"tpot_based_throughput": 41.45368706423528, "tbt_based_throughput": 2.5275828908494344, "deadline_based_throughput": 6.025256131130612}