{"Number of Requests": 256, "Number of Errored Requests": 0, "Number of Completed Requests": 256, "Error Rate": 0.0, "Deadline Miss Rate": 0.053087341797702914, "Number of Prompt Tokens (Mean)": 6475.9375, "Number of Prompt Tokens (P50)": 7793.166095210145, "Number of Prompt Tokens (P90)": 8078.831292220465, "Number of Prompt Tokens (P99)": 8160.024923752189, "Number of Output Tokens (Mean)": 184.859375, "Number of Output Tokens (P50)": 160.9351025012422, "Number of Output Tokens (P90)": 308.8949992819657, "Number of Output Tokens (P99)": 455.32048804743, "Number of Total Tokens (Mean)": 6660.796875, "Number of Total Tokens (P50)": 8030.503416967201, "Number of Total Tokens (P90)": 8192.730401697612, "Number of Total Tokens (P99)": 8192.730401697612, "Time per Output Token (Mean)": 0.01872083462738261, "Time per Output Token (P50)": 0.017266244767447207, "Time per Output Token (P90)": 0.025861453044505267, "Time per Output Token (P99)": 0.0375154813824459, "Time to First Token (Mean)": 0.3420567482221486, "Time to First Token (P50)": 0.35098884066444797, "Time to First Token (P90)": 0.5153027324615405, "Time to First Token (P99)": 0.7039833194975533, "Time Between Tokens (Mean)": 0.018604383865031375, "Time Between Tokens (P50)": 0.013180696013406776, "Time Between Tokens (P90)": 0.015811750982145337, "Time Between Tokens (P99)": 0.2978989619977798, "End to End Latency (Mean)": 3.762792484655847, "End to End Latency (P50)": 3.431508330434275, "End to End Latency (P90)": 6.507791324173759, "End to End Latency (P99)": 9.611884045946328, "Normalized End to End Latency (Mean)": 0.021249646445078506, "Normalized End to End Latency (P50)": 0.01942874101419474, "Normalized End to End Latency (P90)": 0.02927557650353776, "Normalized End to End Latency (P99)": 0.043153077299555066, "Output Throughput (Mean)": 50.658782655220406, "Output Throughput (P50)": 51.470087499205164, "Output Throughput (P90)": 65.03989765493789, "Output Throughput (P99)": 73.62619943676972, "Deadline Miss Rate with 0.03s TBT Deadline, 0.3s TTFT Deadline, 0.0s TTFT Slack, Using Predictions for TTFT: False  (Mean)": 0.05978190836192022, "Deadline Miss Rate with 0.03s TBT Deadline, 0.3s TTFT Deadline, 0.0s TTFT Slack, Using Predictions for TTFT: False  (P50)": 0.024404158334272612, "Deadline Miss Rate with 0.03s TBT Deadline, 0.3s TTFT Deadline, 0.0s TTFT Slack, Using Predictions for TTFT: False  (P90)": 0.1545865535532963, "Deadline Miss Rate with 0.03s TBT Deadline, 0.3s TTFT Deadline, 0.0s TTFT Slack, Using Predictions for TTFT: False  (P99)": 0.40454156079522985, "Min Deadline to Meet Target Deadline Miss Rate of 10.0% (Mean)": 0.02563052881871308, "Min Deadline to Meet Target Deadline Miss Rate of 10.0% (P50)": 0.018666928933571365, "Min Deadline to Meet Target Deadline Miss Rate of 10.0% (P90)": 0.04455630819484311, "Min Deadline to Meet Target Deadline Miss Rate of 10.0% (P99)": 0.11025038914509439}