{"Target TBT (ms)": [1, 2, 3, 4, 5, 6, 7, 8, 9, 10, 11, 12, 13, 14, 15, 16, 17, 18, 19, 20, 21, 22, 23, 24, 25, 26, 27, 28, 29, 30, 31, 32, 33, 34, 35, 36, 37, 38, 39, 40, 41, 42, 43, 44, 45, 46, 47, 48, 49, 50, 51, 52, 53, 54, 55, 56, 57, 58, 59, 60, 61, 62, 63, 64, 65, 66, 67, 68, 69, 70, 71, 72, 73, 74, 75, 76, 77, 78, 79, 80, 81, 82, 83, 84, 85, 86, 87, 88, 89, 90, 91, 92, 93, 94, 95, 96, 97, 98, 99, 100], "Miss Rate P(99)": [0.9998129322602843, 0.999366938112116, 0.9990365151567182, 0.9987005515517235, 0.998157912446583, 0.9979534487062152, 0.996526818906001, 0.9948552631578947, 0.9936214242239805, 0.9924965034965035, 0.9920697500467494, 0.9913735633230725, 0.9876500580870013, 0.977384543977721, 0.9646032405484005, 0.9147675675675673, 0.7986860465116277, 0.63171058679332, 0.5447935799877546, 0.5220238095238094, 0.4993730514920003, 0.47790258007117437, 0.45877926421404674, 0.4388895968735397, 0.4126285601265821, 0.3999934426229506, 0.3880956919557757, 0.3783977356633029, 0.37141363144608724, 0.3521287976037655, 0.34801819363222863, 0.3420195139911634, 0.33616819371727746, 0.31662640901771333, 0.3115196078431372, 0.31011268143621085, 0.30002816108138547, 0.29418238993710677, 0.2881410256410256, 0.2881410256410256, 0.27559577677224734, 0.2696231617647058, 0.26297021091541617, 0.26297021091541617, 0.24897959183673457, 0.24897959183673457, 0.24877838459327384, 0.24326859776168527, 0.22932035519125682, 0.22932035519125682, 0.22932035519125682, 0.22229166666666653, 0.22143939393939382, 0.21452127659574463, 0.2068185352200279, 0.1991341193809874, 0.18911841249186725, 0.18911841249186725, 0.1805371352785144, 0.17524867374005276, 0.17118297787522385, 0.17118297787522385, 0.1658381502890171, 0.16313953488372063, 0.16313953488372063, 0.16208690330477327, 0.146442980096826, 0.1436147186147183, 0.13132280892759907, 0.13132280892759907, 0.13132280892759907, 0.13132280892759907, 0.13132280892759907, 0.12865896114747227, 0.12279069767441825, 0.11980289279636941, 0.11980289279636941, 0.11980289279636941, 0.11980289279636941, 0.11980289279636941, 0.11980289279636941, 0.11980289279636941, 0.11232106339468267, 0.10925925925925883, 0.09876948318293653, 0.09876948318293653, 0.09876948318293653, 0.09876948318293653, 0.0900314712824546, 0.0900314712824546, 0.08675958188153288, 0.08675958188153288, 0.08675958188153288, 0.08675958188153288, 0.08675958188153288, 0.08675958188153288, 0.08344492268452067, 0.08344492268452067, 0.08344492268452067, 0.08344492268452067]}