{"tpot_based_throughput": 53.416421858527535, "tbt_based_throughput": 3.3557906373791693, "deadline_based_throughput": 11.66791152795669}