{"Number of Requests": 256, "Number of Errored Requests": 0, "Number of Completed Requests": 256, "Error Rate": 0.0, "Deadline Miss Rate": 0.0002889683828731429, "Number of Prompt Tokens (Mean)": 2274.9375, "Number of Prompt Tokens (P50)": 1738.8895294420502, "Number of Prompt Tokens (P90)": 5458.898826850627, "Number of Prompt Tokens (P99)": 6884.325540607284, "Number of Output Tokens (Mean)": 391.91796875, "Number of Output Tokens (P50)": 380.3156174923088, "Number of Output Tokens (P90)": 743.2271393116478, "Number of Output Tokens (P99)": 956.2331725645455, "Number of Total Tokens (Mean)": 2666.85546875, "Number of Total Tokens (P50)": 2268.790333412844, "Number of Total Tokens (P90)": 6008.932555367876, "Number of Total Tokens (P99)": 7413.08877623367, "Time per Output Token (Mean)": 0.0065264268755578815, "Time per Output Token (P50)": 0.006454342099148345, "Time per Output Token (P90)": 0.007379848741329812, "Time per Output Token (P99)": 0.008107205012208357, "Time to First Token (Mean)": 0.08987487920967396, "Time to First Token (P50)": 0.06687023011670269, "Time to First Token (P90)": 0.1596133243311087, "Time to First Token (P99)": 0.2453668188558114, "Time Between Tokens (Mean)": 0.006558282391675646, "Time Between Tokens (P50)": 0.006127293164994377, "Time Between Tokens (P90)": 0.006704326810989478, "Time Between Tokens (P99)": 0.024748219473968578, "End to End Latency (Mean)": 2.6536765468335943, "End to End Latency (P50)": 2.486807610250181, "End to End Latency (P90)": 5.068272556975502, "End to End Latency (P99)": 6.4173170133954045, "Normalized End to End Latency (Mean)": 0.007090646156825614, "Normalized End to End Latency (P50)": 0.006785263408045402, "Normalized End to End Latency (P90)": 0.008074840952642713, "Normalized End to End Latency (P99)": 0.010326911497559349, "Output Throughput (Mean)": 144.57096527930526, "Output Throughput (P50)": 147.3780662390032, "Output Throughput (P90)": 163.8581639514108, "Output Throughput (P99)": 176.44359043127233, "Deadline Miss Rate with 0.03s TBT Deadline, 0.3s TTFT Deadline, 0.0s TTFT Slack, Using Predictions for TTFT: False  (Mean)": 0.0008658376045491636, "Deadline Miss Rate with 0.03s TBT Deadline, 0.3s TTFT Deadline, 0.0s TTFT Slack, Using Predictions for TTFT: False  (P50)": 0, "Deadline Miss Rate with 0.03s TBT Deadline, 0.3s TTFT Deadline, 0.0s TTFT Slack, Using Predictions for TTFT: False  (P90)": 0, "Deadline Miss Rate with 0.03s TBT Deadline, 0.3s TTFT Deadline, 0.0s TTFT Slack, Using Predictions for TTFT: False  (P99)": 0, "Min Deadline to Meet Target Deadline Miss Rate of 10.0% (Mean)": 0.005536602296022033, "Min Deadline to Meet Target Deadline Miss Rate of 10.0% (P50)": 0.005863537356840318, "Min Deadline to Meet Target Deadline Miss Rate of 10.0% (P90)": 0.006717748886687155, "Min Deadline to Meet Target Deadline Miss Rate of 10.0% (P99)": 0.007005903321642825}