{"Target TBT (ms)": [1, 2, 3, 4, 5, 6, 7, 8, 9, 10, 11, 12, 13, 14, 15, 16, 17, 18, 19, 20, 21, 22, 23, 24, 25, 26, 27, 28, 29, 30, 31, 32, 33, 34, 35, 36, 37, 38, 39, 40, 41, 42, 43, 44, 45, 46, 47, 48, 49, 50, 51, 52, 53, 54, 55, 56, 57, 58, 59, 60, 61, 62, 63, 64, 65, 66, 67, 68, 69, 70, 71, 72, 73, 74, 75, 76, 77, 78, 79, 80, 81, 82, 83, 84, 85, 86, 87, 88, 89, 90, 91, 92, 93, 94, 95, 96, 97, 98, 99, 100], "Miss Rate P(99)": [0.9997363260039096, 0.9990170801987476, 0.998082511075682, 0.9948610448129167, 0.9908316852926361, 0.9569522045785885, 0.16868070953436778, 0.1112321307011569, 0.05957290623957247, 0.040796262724864, 0.026942133594323302, 0.02044590300567787, 0.014941653982749842, 0.0140290919361672, 0.011472220926435541, 0.008078512396694125, 0.007148760330578447, 0.007148760330578447, 0.006226708074534119, 0.006226708074534119, 0.006226708074534119, 0.005300829875518652, 0.005300829875518652, 0.002800829875518601, 0.002800829875518601, 0.001871101871101824, 0.001871101871101824, 0.001871101871101824, 0.001871101871101824, 0.001871101871101824, 0.001871101871101824, 0.001871101871101824, 0.0009374999999999763, 0.0009374999999999763, 0.0009374999999999763, 0.0009374999999999763, 0.0009374999999999763, 0.0009374999999999763, 0.0009374999999999763, 0.0009374999999999763, 0.0009374999999999763, 0.0009374999999999763, 0.0, 0.0, 0.0, 0.0, 0.0, 0.0, 0.0, 0.0, 0.0, 0.0, 0.0, 0.0, 0.0, 0.0, 0.0, 0.0, 0.0, 0.0, 0.0, 0.0, 0.0, 0.0, 0.0, 0.0, 0.0, 0.0, 0.0, 0.0, 0.0, 0.0, 0.0, 0.0, 0.0, 0.0, 0.0, 0.0, 0.0, 0.0, 0.0, 0.0, 0.0, 0.0, 0.0, 0.0, 0.0, 0.0, 0.0, 0.0, 0.0, 0.0, 0.0, 0.0, 0.0, 0.0, 0.0, 0.0, 0.0, 0.0]}