{"tpot_based_throughput": 153.2231984005059, "tbt_based_throughput": 40.37922914423292, "deadline_based_throughput": 119.07467848917538}