{"Number of Requests": 256, "Number of Errored Requests": 0, "Number of Completed Requests": 256, "Error Rate": 0.0, "Deadline Miss Rate": 8.626118160566564e-05, "Number of Prompt Tokens (Mean)": 2274.9375, "Number of Prompt Tokens (P50)": 1738.8895294420502, "Number of Prompt Tokens (P90)": 5458.898826850627, "Number of Prompt Tokens (P99)": 6884.325540607284, "Number of Output Tokens (Mean)": 452.8203125, "Number of Output Tokens (P50)": 427.94792587688335, "Number of Output Tokens (P90)": 868.7034004475807, "Number of Output Tokens (P99)": 1001.2473012529721, "Number of Total Tokens (Mean)": 2727.7578125, "Number of Total Tokens (P50)": 2268.790333412844, "Number of Total Tokens (P90)": 6020.962450373618, "Number of Total Tokens (P99)": 7413.08877623367, "Time per Output Token (Mean)": 0.01220281108505998, "Time per Output Token (P50)": 0.012070365382996768, "Time per Output Token (P90)": 0.013884225690625371, "Time per Output Token (P99)": 0.015313784737057837, "Time to First Token (Mean)": 0.12504274955017536, "Time to First Token (P50)": 0.1001585080908159, "Time to First Token (P90)": 0.24783279720833296, "Time to First Token (P99)": 0.2931705055545493, "Time Between Tokens (Mean)": 0.012241678908104923, "Time Between Tokens (P50)": 0.011009442085099047, "Time Between Tokens (P90)": 0.012265044574409346, "Time Between Tokens (P99)": 0.04376146939215274, "End to End Latency (Mean)": 5.6561297583930354, "End to End Latency (P50)": 5.296255469483194, "End to End Latency (P90)": 10.708098135794422, "End to End Latency (P99)": 12.490899531333268, "Normalized End to End Latency (Mean)": 0.012865681178436564, "Normalized End to End Latency (P50)": 0.01253786567438723, "Normalized End to End Latency (P90)": 0.01442197905186511, "Normalized End to End Latency (P99)": 0.01870430016266761, "Output Throughput (Mean)": 79.14650494499372, "Output Throughput (P50)": 79.75831181879951, "Output Throughput (P90)": 88.85457065633084, "Output Throughput (P99)": 93.41024346874016, "Deadline Miss Rate with 0.03s TBT Deadline, 0.3s TTFT Deadline, 0.0s TTFT Slack, Using Predictions for TTFT: False  (Mean)": 5.692817630886819e-05, "Deadline Miss Rate with 0.03s TBT Deadline, 0.3s TTFT Deadline, 0.0s TTFT Slack, Using Predictions for TTFT: False  (P50)": 0, "Deadline Miss Rate with 0.03s TBT Deadline, 0.3s TTFT Deadline, 0.0s TTFT Slack, Using Predictions for TTFT: False  (P90)": 0, "Deadline Miss Rate with 0.03s TBT Deadline, 0.3s TTFT Deadline, 0.0s TTFT Slack, Using Predictions for TTFT: False  (P99)": 0.001983281318635208, "Min Deadline to Meet Target Deadline Miss Rate of 10.0% (Mean)": 0.010986687123907034, "Min Deadline to Meet Target Deadline Miss Rate of 10.0% (P50)": 0.011276865023359462, "Min Deadline to Meet Target Deadline Miss Rate of 10.0% (P90)": 0.012413111785119417, "Min Deadline to Meet Target Deadline Miss Rate of 10.0% (P99)": 0.014108160074140246}