{"Target TBT (ms)": [1, 2, 3, 4, 5, 6, 7, 8, 9, 10, 11, 12, 13, 14, 15, 16, 17, 18, 19, 20, 21, 22, 23, 24, 25, 26, 27, 28, 29, 30, 31, 32, 33, 34, 35, 36, 37, 38, 39, 40, 41, 42, 43, 44, 45, 46, 47, 48, 49, 50, 51, 52, 53, 54, 55, 56, 57, 58, 59, 60, 61, 62, 63, 64, 65, 66, 67, 68, 69, 70, 71, 72, 73, 74, 75, 76, 77, 78, 79, 80, 81, 82, 83, 84, 85, 86, 87, 88, 89, 90, 91, 92, 93, 94, 95, 96, 97, 98, 99, 100], "Miss Rate P(99)": [0.9999102718790219, 0.9997838629696255, 0.9996021520217535, 0.9993936182026689, 0.9990425837030807, 0.9982353440951572, 0.997612171545424, 0.996645698051948, 0.9958344162031983, 0.9920067630597015, 0.9812619656558276, 0.8284167513550132, 0.39231323564736836, 0.19462365591397793, 0.12307692307692296, 0.0956140350877191, 0.08128571428571403, 0.06648648648648618, 0.05605127560638406, 0.04537037037037016, 0.029420560747663516, 0.022333945260347036, 0.018486319966582954, 0.012954487668446446, 0.012158635177286858, 0.00859767627009004, 0.007589842127129205, 0.007474630181249049, 0.006612540274584873, 0.004275923080219663, 0.004275923080219663, 0.004094856756147073, 0.0035826210826210773, 0.0035826210826210773, 0.0035826210826210773, 0.0035826210826210773, 0.0034549071618037055, 0.0034549071618037055, 0.0018979443332726902, 0.0017502461235540169, 0.0017502461235540169, 0.0017502461235540169, 0.0017502461235540169, 0.0009414225941422355, 0.0009414225941422355, 0.0009414225941422355, 0.0009414225941422355, 0.0004712041884816635, 0.0004712041884816635, 0.0004712041884816635, 0.0, 0.0, 0.0, 0.0, 0.0, 0.0, 0.0, 0.0, 0.0, 0.0, 0.0, 0.0, 0.0, 0.0, 0.0, 0.0, 0.0, 0.0, 0.0, 0.0, 0.0, 0.0, 0.0, 0.0, 0.0, 0.0, 0.0, 0.0, 0.0, 0.0, 0.0, 0.0, 0.0, 0.0, 0.0, 0.0, 0.0, 0.0, 0.0, 0.0, 0.0, 0.0, 0.0, 0.0, 0.0, 0.0, 0.0, 0.0, 0.0, 0.0]}