{"tpot_based_throughput": 81.94833084192459, "tbt_based_throughput": 22.860414995868148, "deadline_based_throughput": 61.83745553412271}