{"Number of Requests": 256, "Number of Errored Requests": 0, "Number of Completed Requests": 256, "Error Rate": 0.0, "Deadline Miss Rate": 0.7193930772878141, "Number of Prompt Tokens (Mean)": 6475.9375, "Number of Prompt Tokens (P50)": 7793.166095210145, "Number of Prompt Tokens (P90)": 8078.831292220465, "Number of Prompt Tokens (P99)": 8160.024923752189, "Number of Output Tokens (Mean)": 184.85546875, "Number of Output Tokens (P50)": 160.9351025012422, "Number of Output Tokens (P90)": 308.8949992819657, "Number of Output Tokens (P99)": 455.32048804743, "Number of Total Tokens (Mean)": 6660.79296875, "Number of Total Tokens (P50)": 8030.503416967201, "Number of Total Tokens (P90)": 8192.730401697612, "Number of Total Tokens (P99)": 8192.730401697612, "Time per Output Token (Mean)": 0.054681259622436015, "Time per Output Token (P50)": 0.050945365135418495, "Time per Output Token (P90)": 0.07784766684721442, "Time per Output Token (P99)": 0.11247759549414765, "Time to First Token (Mean)": 0.6577667285371263, "Time to First Token (P50)": 0.5786828638290472, "Time to First Token (P90)": 1.0481215014390999, "Time to First Token (P99)": 1.8202970456497094, "Time Between Tokens (Mean)": 0.053638588233770726, "Time Between Tokens (P50)": 0.0302275455402293, "Time Between Tokens (P90)": 0.036699153056495896, "Time Between Tokens (P99)": 0.5194416894544359, "End to End Latency (Mean)": 10.519514511345278, "End to End Latency (P50)": 9.669728730021793, "End to End Latency (P90)": 18.559846812126228, "End to End Latency (P99)": 25.713099811602593, "Normalized End to End Latency (Mean)": 0.059277586845179586, "Normalized End to End Latency (P50)": 0.0550781900341556, "Normalized End to End Latency (P90)": 0.0828269878621278, "Normalized End to End Latency (P99)": 0.11730226496624101, "Output Throughput (Mean)": 18.34308693329134, "Output Throughput (P50)": 18.047378961282448, "Output Throughput (P90)": 24.953162616324942, "Output Throughput (P99)": 30.174603765126243, "Deadline Miss Rate with 0.03s TBT Deadline, 0.3s TTFT Deadline, 0.0s TTFT Slack, Using Predictions for TTFT: False  (Mean)": 0.6770935032438836, "Deadline Miss Rate with 0.03s TBT Deadline, 0.3s TTFT Deadline, 0.0s TTFT Slack, Using Predictions for TTFT: False  (P50)": 0.744531141987746, "Deadline Miss Rate with 0.03s TBT Deadline, 0.3s TTFT Deadline, 0.0s TTFT Slack, Using Predictions for TTFT: False  (P90)": 0.971415969367891, "Deadline Miss Rate with 0.03s TBT Deadline, 0.3s TTFT Deadline, 0.0s TTFT Slack, Using Predictions for TTFT: False  (P99)": 0.9950119800279639, "Min Deadline to Meet Target Deadline Miss Rate of 10.0% (Mean)": 0.08550152586767495, "Min Deadline to Meet Target Deadline Miss Rate of 10.0% (P50)": 0.05848403626551822, "Min Deadline to Meet Target Deadline Miss Rate of 10.0% (P90)": 0.14763664317007683, "Min Deadline to Meet Target Deadline Miss Rate of 10.0% (P99)": 0.366777150636501}