{"Target TBT (ms)": [1, 2, 3, 4, 5, 6, 7, 8, 9, 10, 11, 12, 13, 14, 15, 16, 17, 18, 19, 20, 21, 22, 23, 24, 25, 26, 27, 28, 29, 30, 31, 32, 33, 34, 35, 36, 37, 38, 39, 40, 41, 42, 43, 44, 45, 46, 47, 48, 49, 50, 51, 52, 53, 54, 55, 56, 57, 58, 59, 60, 61, 62, 63, 64, 65, 66, 67, 68, 69, 70, 71, 72, 73, 74, 75, 76, 77, 78, 79, 80, 81, 82, 83, 84, 85, 86, 87, 88, 89, 90, 91, 92, 93, 94, 95, 96, 97, 98, 99, 100], "Miss Rate P(99)": [0.9999610943877945, 0.9999207606428637, 0.9998805074832315, 0.9998384805803096, 0.999772828425191, 0.9997058295337252, 0.9996354765487834, 0.999561835387155, 0.9995183853798254, 0.999459309417892, 0.9993778966090519, 0.9993200488762528, 0.9992304619890827, 0.9991493943549802, 0.9989875644525326, 0.9986899118678874, 0.9985868031402166, 0.9984413366072382, 0.9980150544068784, 0.9979280408701159, 0.9978563647681294, 0.9977823261826533, 0.9973653713216856, 0.9966126474378035, 0.9965291424872263, 0.9962641715164015, 0.9955391498881432, 0.995319632210016, 0.9948932225063938, 0.9947203313376527, 0.9919621463664351, 0.9499163879598661, 0.8881038026721475, 0.8020667667840173, 0.7927696078431372, 0.7778251959520841, 0.7340557926297253, 0.7024708725009929, 0.6809365762362036, 0.6706848613448453, 0.6583299821910725, 0.6491022831695765, 0.6416938625118432, 0.6339655077717361, 0.6271542686539952, 0.6133865376281958, 0.6064967597208375, 0.594417488357572, 0.5877002472852381, 0.58002942694169, 0.5708151813277169, 0.5616303562831005, 0.5547472677595627, 0.5484766996488987, 0.5401687763713078, 0.5325906673734246, 0.525672416828023, 0.5174543501611168, 0.5070627802690582, 0.4994298921417563, 0.4915541077387572, 0.4834235120511557, 0.48000581830271777, 0.46837848944726546, 0.4631277717847295, 0.45893770551698926, 0.4496410353296805, 0.4452373331626283, 0.4394884877027733, 0.436908538197198, 0.42638104838709673, 0.42151401230348595, 0.4125299422291108, 0.40753763440860213, 0.4024037058651882, 0.4006069607951003, 0.3914030650762493, 0.3876633799587249, 0.3788527397260273, 0.3779360730593606, 0.3694256756756756, 0.3674588924588924, 0.3674588924588924, 0.3654644080700419, 0.3586563684057126, 0.3537381796690306, 0.3516865079365078, 0.3516865079365078, 0.3413111764109838, 0.3413111764109838, 0.333975155279503, 0.33180917622523454, 0.33180917622523454, 0.3296113445378151, 0.3296113445378151, 0.3271164021164021, 0.3271164021164021, 0.3220289855072463, 0.3197653039152065, 0.3197653039152065]}