{"tpot_based_throughput": 18.287801102330384, "tbt_based_throughput": 1.924413987653398, "deadline_based_throughput": 3.9400274055923443}