{"Number of Requests": 256, "Number of Errored Requests": 0, "Number of Completed Requests": 256, "Error Rate": 0.0, "Deadline Miss Rate": 0.13006979990693346, "Number of Prompt Tokens (Mean)": 6475.9375, "Number of Prompt Tokens (P50)": 7793.166095210145, "Number of Prompt Tokens (P90)": 8078.831292220465, "Number of Prompt Tokens (P99)": 8160.024923752189, "Number of Output Tokens (Mean)": 184.85546875, "Number of Output Tokens (P50)": 160.9351025012422, "Number of Output Tokens (P90)": 308.8949992819657, "Number of Output Tokens (P99)": 455.32048804743, "Number of Total Tokens (Mean)": 6660.79296875, "Number of Total Tokens (P50)": 8030.503416967201, "Number of Total Tokens (P90)": 8192.730401697612, "Number of Total Tokens (P99)": 8192.730401697612, "Time per Output Token (Mean)": 0.023459611757743977, "Time per Output Token (P50)": 0.02104690444313434, "Time per Output Token (P90)": 0.03597246089764227, "Time per Output Token (P99)": 0.05228731482656824, "Time to First Token (Mean)": 0.4758897179324322, "Time to First Token (P50)": 0.46162576082433393, "Time to First Token (P90)": 0.744531141987746, "Time to First Token (P99)": 1.1468276274780056, "Time Between Tokens (Mean)": 0.023065063240787755, "Time Between Tokens (P50)": 0.01439316390890434, "Time Between Tokens (P90)": 0.0169582326839976, "Time Between Tokens (P99)": 0.3941590344718366, "End to End Latency (Mean)": 4.716527731815859, "End to End Latency (P50)": 4.241852065053311, "End to End Latency (P90)": 7.980493026586462, "End to End Latency (P99)": 11.507515162571764, "Normalized End to End Latency (Mean)": 0.0269705683709359, "Normalized End to End Latency (P50)": 0.024113058429846207, "Normalized End to End Latency (P90)": 0.040558838028008345, "Normalized End to End Latency (P99)": 0.06087081587502112, "Output Throughput (Mean)": 41.45079477996307, "Output Throughput (P50)": 41.471263502693624, "Output Throughput (P90)": 55.202091220817465, "Output Throughput (P99)": 69.47735788524926, "Deadline Miss Rate with 0.03s TBT Deadline, 0.3s TTFT Deadline, 0.0s TTFT Slack, Using Predictions for TTFT: False  (Mean)": 0.13062828797709838, "Deadline Miss Rate with 0.03s TBT Deadline, 0.3s TTFT Deadline, 0.0s TTFT Slack, Using Predictions for TTFT: False  (P50)": 0.08655274209392386, "Deadline Miss Rate with 0.03s TBT Deadline, 0.3s TTFT Deadline, 0.0s TTFT Slack, Using Predictions for TTFT: False  (P90)": 0.32335616788108923, "Deadline Miss Rate with 0.03s TBT Deadline, 0.3s TTFT Deadline, 0.0s TTFT Slack, Using Predictions for TTFT: False  (P99)": 0.5395603133299307, "Min Deadline to Meet Target Deadline Miss Rate of 10.0% (Mean)": 0.04311432101051036, "Min Deadline to Meet Target Deadline Miss Rate of 10.0% (P50)": 0.02773662061654186, "Min Deadline to Meet Target Deadline Miss Rate of 10.0% (P90)": 0.08200284528950101, "Min Deadline to Meet Target Deadline Miss Rate of 10.0% (P99)": 0.2352748244621909}