{"Number of Requests": 256, "Number of Errored Requests": 0, "Number of Completed Requests": 256, "Error Rate": 0.0, "Deadline Miss Rate": 0.11620829789244873, "Number of Prompt Tokens (Mean)": 6475.9375, "Number of Prompt Tokens (P50)": 7793.166095210145, "Number of Prompt Tokens (P90)": 8078.831292220465, "Number of Prompt Tokens (P99)": 8160.024923752189, "Number of Output Tokens (Mean)": 184.85546875, "Number of Output Tokens (P50)": 160.9351025012422, "Number of Output Tokens (P90)": 308.8949992819657, "Number of Output Tokens (P99)": 455.32048804743, "Number of Total Tokens (Mean)": 6660.79296875, "Number of Total Tokens (P50)": 8030.503416967201, "Number of Total Tokens (P90)": 8192.730401697612, "Number of Total Tokens (P99)": 8192.730401697612, "Time per Output Token (Mean)": 0.021914645805062503, "Time per Output Token (P50)": 0.019389922350829727, "Time per Output Token (P90)": 0.034700484821205746, "Time per Output Token (P99)": 0.051767047178677375, "Time to First Token (Mean)": 0.4581568141907155, "Time to First Token (P50)": 0.44441308816509617, "Time to First Token (P90)": 0.747515231751134, "Time to First Token (P99)": 1.073580714485702, "Time Between Tokens (Mean)": 0.021498257095235847, "Time Between Tokens (P50)": 0.013339817236495882, "Time Between Tokens (P90)": 0.016655715219953002, "Time Between Tokens (P99)": 0.40454156079522985, "End to End Latency (Mean)": 4.410728949743316, "End to End Latency (P50)": 3.9078992536558363, "End to End Latency (P90)": 7.636964272369089, "End to End Latency (P99)": 10.859065868346937, "Normalized End to End Latency (Mean)": 0.025307175116898006, "Normalized End to End Latency (P50)": 0.022259157804389196, "Normalized End to End Latency (P90)": 0.03766584388261353, "Normalized End to End Latency (P99)": 0.05848403626551822, "Output Throughput (Mean)": 44.819472296096244, "Output Throughput (P50)": 44.745942355985854, "Output Throughput (P90)": 62.24018654167811, "Output Throughput (P99)": 74.81369364413838, "Deadline Miss Rate with 0.03s TBT Deadline, 0.3s TTFT Deadline, 0.0s TTFT Slack, Using Predictions for TTFT: False  (Mean)": 0.11763856066371145, "Deadline Miss Rate with 0.03s TBT Deadline, 0.3s TTFT Deadline, 0.0s TTFT Slack, Using Predictions for TTFT: False  (P50)": 0.07243965742959788, "Deadline Miss Rate with 0.03s TBT Deadline, 0.3s TTFT Deadline, 0.0s TTFT Slack, Using Predictions for TTFT: False  (P90)": 0.3020988796911206, "Deadline Miss Rate with 0.03s TBT Deadline, 0.3s TTFT Deadline, 0.0s TTFT Slack, Using Predictions for TTFT: False  (P99)": 0.5101753829034544, "Min Deadline to Meet Target Deadline Miss Rate of 10.0% (Mean)": 0.03965264561972905, "Min Deadline to Meet Target Deadline Miss Rate of 10.0% (P50)": 0.025758213814027427, "Min Deadline to Meet Target Deadline Miss Rate of 10.0% (P90)": 0.07375537765970896, "Min Deadline to Meet Target Deadline Miss Rate of 10.0% (P99)": 0.2103460978919005}