{"Target TBT (ms)": [1, 2, 3, 4, 5, 6, 7, 8, 9, 10, 11, 12, 13, 14, 15, 16, 17, 18, 19, 20, 21, 22, 23, 24, 25, 26, 27, 28, 29, 30, 31, 32, 33, 34, 35, 36, 37, 38, 39, 40, 41, 42, 43, 44, 45, 46, 47, 48, 49, 50, 51, 52, 53, 54, 55, 56, 57, 58, 59, 60, 61, 62, 63, 64, 65, 66, 67, 68, 69, 70, 71, 72, 73, 74, 75, 76, 77, 78, 79, 80, 81, 82, 83, 84, 85, 86, 87, 88, 89, 90, 91, 92, 93, 94, 95, 96, 97, 98, 99, 100], "Miss Rate P(99)": [0.9998727826060999, 0.9995983935742971, 0.999111193691098, 0.998702590960362, 0.9982258229925135, 0.9976419761764436, 0.9966070696020785, 0.9960334584115073, 0.9947766688481675, 0.9938136077758719, 0.9917166763828401, 0.9905454150369405, 0.9864199195487539, 0.9831105086013463, 0.9775928393806586, 0.9675815663163011, 0.9403647854529325, 0.752962361546655, 0.6685125930619356, 0.6467183098591548, 0.6310193726937268, 0.6139292196007258, 0.602617857142857, 0.5853582554517132, 0.5693241224794621, 0.5537444933920703, 0.5310051546391749, 0.5149890965732082, 0.5002640156453713, 0.48683501798285206, 0.47477891156462565, 0.46486619495979326, 0.45295187165775386, 0.442208461289801, 0.4346093133385949, 0.4226773941707147, 0.4087209302325581, 0.3998120431604594, 0.3896442687747034, 0.38112942567817265, 0.36949695121951204, 0.3600080628905461, 0.3544388094872187, 0.3451186708860758, 0.3426462765957446, 0.33551909599608826, 0.32823010323010304, 0.3249777034559642, 0.3147914032869784, 0.3134285714285714, 0.30428520625889044, 0.3038157894736842, 0.29428787878787876, 0.28959011541876295, 0.2846525096525096, 0.27886008387342737, 0.26920187793427225, 0.26657880133185347, 0.2594413012729844, 0.2558201813897022, 0.2516791044776119, 0.24629670089578326, 0.24429916573157043, 0.23850267379679135, 0.23677217079725288, 0.23085976965043437, 0.22945330450060808, 0.2256582343830665, 0.2238739362070158, 0.2238739362070158, 0.21837987272664036, 0.21837987272664036, 0.2117995613414461, 0.2117995613414461, 0.208841756597927, 0.20398341744772877, 0.20398341744772877, 0.2021037181996085, 0.19716434336023467, 0.19716434336023467, 0.19716434336023467, 0.1921624331550801, 0.19022177419354833, 0.19022177419354833, 0.18513513513513505, 0.18513513513513505, 0.18513513513513505, 0.18513513513513505, 0.17797852689909946, 0.17797852689909946, 0.17797852689909946, 0.17797852689909946, 0.16947802197802186, 0.16947802197802186, 0.16742896606156266, 0.16742896606156266, 0.16742896606156266, 0.1620503597122301, 0.1620503597122301, 0.1620503597122301]}