{"Target TBT (ms)": [1, 2, 3, 4, 5, 6, 7, 8, 9, 10, 11, 12, 13, 14, 15, 16, 17, 18, 19, 20, 21, 22, 23, 24, 25, 26, 27, 28, 29, 30, 31, 32, 33, 34, 35, 36, 37, 38, 39, 40, 41, 42, 43, 44, 45, 46, 47, 48, 49, 50, 51, 52, 53, 54, 55, 56, 57, 58, 59, 60, 61, 62, 63, 64, 65, 66, 67, 68, 69, 70, 71, 72, 73, 74, 75, 76, 77, 78, 79, 80, 81, 82, 83, 84, 85, 86, 87, 88, 89, 90, 91, 92, 93, 94, 95, 96, 97, 98, 99, 100], "Miss Rate P(99)": [0.9998663416889635, 0.9996199208954456, 0.9992493632445141, 0.9989959345693522, 0.9987206222675179, 0.9983131487889273, 0.997677773241071, 0.9961783346689007, 0.995797673908273, 0.9951661543477248, 0.9944530140823453, 0.9942121971595655, 0.9938610358325806, 0.9897082072360992, 0.9829253203711886, 0.9728487009679062, 0.9068732201473878, 0.7025943028740597, 0.6804331899984073, 0.6656132404181183, 0.6482665903890159, 0.6376039764658145, 0.622895452949438, 0.6000354358610911, 0.5822563505718042, 0.56319606671375, 0.5487621145374447, 0.5362449553626022, 0.5185928656048437, 0.5145875251509052, 0.49202375328969533, 0.47805753506206977, 0.4669481611464501, 0.45661599847995427, 0.4461090181304449, 0.43613553113553105, 0.4272220355357667, 0.4176414991852254, 0.4090295169946332, 0.40014850459328155, 0.3917346269216347, 0.37600585313068685, 0.3705156782207972, 0.3615776474220435, 0.35583864118895936, 0.34687499999999977, 0.33983618763961254, 0.3326379834854408, 0.3288571585781884, 0.322721674876847, 0.3214285714285712, 0.3124999999999998, 0.30981020027945955, 0.30333333333333307, 0.3005710014947681, 0.29917117117117104, 0.2904702213525741, 0.28758793039614944, 0.27925636007827775, 0.27925636007827775, 0.2741733035998726, 0.2671015057113187, 0.26556142410015643, 0.2640068134171908, 0.2551509054325955, 0.2551509054325955, 0.25, 0.24444099378881984, 0.24198192166052895, 0.2379077964190046, 0.23132094943240444, 0.22962578860945462, 0.22892946015946367, 0.22105876865671636, 0.2193125, 0.2193125, 0.2152990081296535, 0.21256830601092894, 0.21124401913875596, 0.2051020408163265, 0.2051020408163265, 0.2028571428571428, 0.1967693919179668, 0.19447784766285217, 0.19447784766285217, 0.19022177419354833, 0.18963914707490423, 0.18963914707490423, 0.18767750801649105, 0.18552873986735444, 0.18552873986735444, 0.17998315982853633, 0.17990790899241593, 0.17597512719050304, 0.17150468384074924, 0.16947802197802186, 0.16947802197802186, 0.16412218291664996, 0.16412218291664996, 0.16412218291664996]}