{"tpot_based_throughput": 45.63158395966364, "tbt_based_throughput": 2.4717280174825405, "deadline_based_throughput": 6.136650428453323}