{"tpot_based_throughput": 42.626451380633, "tbt_based_throughput": 2.5370084391729746, "deadline_based_throughput": 5.9913976251138115}