{"Number of Requests": 256, "Number of Errored Requests": 0, "Number of Completed Requests": 256, "Error Rate": 0.0, "Deadline Miss Rate": 0.00023557608595454406, "Number of Prompt Tokens (Mean)": 2274.9375, "Number of Prompt Tokens (P50)": 1738.8895294420502, "Number of Prompt Tokens (P90)": 5458.898826850627, "Number of Prompt Tokens (P99)": 6884.325540607284, "Number of Output Tokens (Mean)": 381.3046875, "Number of Output Tokens (P50)": 364.67314758771215, "Number of Output Tokens (P90)": 731.4301289021654, "Number of Output Tokens (P99)": 950.5129494524176, "Number of Total Tokens (Mean)": 2656.2421875, "Number of Total Tokens (P50)": 2246.2154849197154, "Number of Total Tokens (P90)": 5831.341701437526, "Number of Total Tokens (P99)": 7413.08877623367, "Time per Output Token (Mean)": 0.0064939295090523244, "Time per Output Token (P50)": 0.006415731979871571, "Time per Output Token (P90)": 0.007277250686896177, "Time per Output Token (P99)": 0.007820536528458022, "Time to First Token (Mean)": 0.08796954727222328, "Time to First Token (P50)": 0.0656773338513936, "Time to First Token (P90)": 0.1596133243311087, "Time to First Token (P99)": 0.21373870507113907, "Time Between Tokens (Mean)": 0.006543966238583459, "Time Between Tokens (P50)": 0.0061150508210083745, "Time Between Tokens (P90)": 0.00667756305801522, "Time Between Tokens (P99)": 0.025758213814027427, "End to End Latency (Mean)": 2.576696145015376, "End to End Latency (P50)": 2.4424455151051148, "End to End Latency (P90)": 4.821089907233021, "End to End Latency (P99)": 6.215213700466616, "Normalized End to End Latency (Mean)": 0.007037617963136016, "Normalized End to End Latency (P50)": 0.006771706438199156, "Normalized End to End Latency (P90)": 0.007883351767566172, "Normalized End to End Latency (P99)": 0.009590310156026375, "Output Throughput (Mean)": 145.41638488717626, "Output Throughput (P50)": 147.6731174226649, "Output Throughput (P90)": 163.8581639514108, "Output Throughput (P99)": 175.3880981800834, "Deadline Miss Rate with 0.03s TBT Deadline, 0.3s TTFT Deadline, 0.0s TTFT Slack, Using Predictions for TTFT: False  (Mean)": 0.0006902990828051884, "Deadline Miss Rate with 0.03s TBT Deadline, 0.3s TTFT Deadline, 0.0s TTFT Slack, Using Predictions for TTFT: False  (P50)": 0, "Deadline Miss Rate with 0.03s TBT Deadline, 0.3s TTFT Deadline, 0.0s TTFT Slack, Using Predictions for TTFT: False  (P90)": 0, "Deadline Miss Rate with 0.03s TBT Deadline, 0.3s TTFT Deadline, 0.0s TTFT Slack, Using Predictions for TTFT: False  (P99)": 0, "Min Deadline to Meet Target Deadline Miss Rate of 10.0% (Mean)": 0.005437792446830394, "Min Deadline to Meet Target Deadline Miss Rate of 10.0% (P50)": 0.005863537356840318, "Min Deadline to Meet Target Deadline Miss Rate of 10.0% (P90)": 0.006717748886687155, "Min Deadline to Meet Target Deadline Miss Rate of 10.0% (P99)": 0.007005903321642825}