{"Target TBT (ms)": [1, 2, 3, 4, 5, 6, 7, 8, 9, 10, 11, 12, 13, 14, 15, 16, 17, 18, 19, 20, 21, 22, 23, 24, 25, 26, 27, 28, 29, 30, 31, 32, 33, 34, 35, 36, 37, 38, 39, 40, 41, 42, 43, 44, 45, 46, 47, 48, 49, 50, 51, 52, 53, 54, 55, 56, 57, 58, 59, 60, 61, 62, 63, 64, 65, 66, 67, 68, 69, 70, 71, 72, 73, 74, 75, 76, 77, 78, 79, 80, 81, 82, 83, 84, 85, 86, 87, 88, 89, 90, 91, 92, 93, 94, 95, 96, 97, 98, 99, 100], "Miss Rate P(99)": [0.9997257546193453, 0.9992212083731722, 0.9986589566708055, 0.9960480835110356, 0.9914537231655763, 0.9547629921474533, 0.1731106243154432, 0.1112321307011569, 0.06194944944944905, 0.03675601999091311, 0.021155144713251035, 0.01882483749572344, 0.010602375565610821, 0.009906953030399571, 0.009906953030399571, 0.00920935048724095, 0.00602664576802504, 0.00602664576802504, 0.005325745682888521, 0.005325745682888521, 0.005325745682888521, 0.0046226415094339605, 0.0046226415094339605, 0.0046226415094339605, 0.0021226415094339085, 0.0014173228346456334, 0.0014173228346456334, 0.0014173228346456334, 0.0014173228346456334, 0.0014173228346456334, 0.0014173228346456334, 0.0007097791798107076, 0.0007097791798107076, 0.0007097791798107076, 0.0007097791798107076, 0.0007097791798107076, 0.0007097791798107076, 0.0007097791798107076, 0.0007097791798107076, 0.0007097791798107076, 0.0007097791798107076, 0.0007097791798107076, 0.0, 0.0, 0.0, 0.0, 0.0, 0.0, 0.0, 0.0, 0.0, 0.0, 0.0, 0.0, 0.0, 0.0, 0.0, 0.0, 0.0, 0.0, 0.0, 0.0, 0.0, 0.0, 0.0, 0.0, 0.0, 0.0, 0.0, 0.0, 0.0, 0.0, 0.0, 0.0, 0.0, 0.0, 0.0, 0.0, 0.0, 0.0, 0.0, 0.0, 0.0, 0.0, 0.0, 0.0, 0.0, 0.0, 0.0, 0.0, 0.0, 0.0, 0.0, 0.0, 0.0, 0.0, 0.0, 0.0, 0.0, 0.0]}