{"tpot_based_throughput": 153.98996841681654, "tbt_based_throughput": 38.79106173259793, "deadline_based_throughput": 119.07467848917538}