{"Number of Requests": 256, "Number of Errored Requests": 0, "Number of Completed Requests": 256, "Error Rate": 0.0, "Deadline Miss Rate": 8.789740614754459e-06, "Number of Prompt Tokens (Mean)": 2274.9375, "Number of Prompt Tokens (P50)": 1738.8895294420502, "Number of Prompt Tokens (P90)": 5458.898826850627, "Number of Prompt Tokens (P99)": 6884.325540607284, "Number of Output Tokens (Mean)": 444.40234375, "Number of Output Tokens (P50)": 427.0928850659405, "Number of Output Tokens (P90)": 824.6852004749147, "Number of Output Tokens (P99)": 1001.2473012529721, "Number of Total Tokens (Mean)": 2719.33984375, "Number of Total Tokens (P50)": 2268.790333412844, "Number of Total Tokens (P90)": 6020.962450373618, "Number of Total Tokens (P99)": 7413.08877623367, "Time per Output Token (Mean)": 0.0044422548804516244, "Time per Output Token (P50)": 0.004378704781398524, "Time per Output Token (P90)": 0.004956763511842779, "Time per Output Token (P99)": 0.00561113519612269, "Time to First Token (Mean)": 0.07746758145549393, "Time to First Token (P50)": 0.06259928493734322, "Time to First Token (P90)": 0.12963905618639784, "Time to First Token (P99)": 0.1691446365789772, "Time Between Tokens (Mean)": 0.004450994031964482, "Time Between Tokens (P50)": 0.004131964456923281, "Time Between Tokens (P90)": 0.004575669300936975, "Time Between Tokens (P99)": 0.00830413166559243, "End to End Latency (Mean)": 2.0510835406366823, "End to End Latency (P50)": 1.9640324358606267, "End to End Latency (P90)": 3.769717037712412, "End to End Latency (P99)": 4.604343094301705, "Normalized End to End Latency (Mean)": 0.0049065660412342515, "Normalized End to End Latency (P50)": 0.004640179208346537, "Normalized End to End Latency (P90)": 0.0055887354771758145, "Normalized End to End Latency (P99)": 0.008155994480581524, "Output Throughput (Mean)": 210.47149491663268, "Output Throughput (P50)": 215.5087023796944, "Output Throughput (P90)": 241.5318453012845, "Output Throughput (P99)": 255.95492335581315, "Deadline Miss Rate with 0.03s TBT Deadline, 0.3s TTFT Deadline, 0.0s TTFT Slack, Using Predictions for TTFT: False  (Mean)": 1.1257204610951008e-05, "Deadline Miss Rate with 0.03s TBT Deadline, 0.3s TTFT Deadline, 0.0s TTFT Slack, Using Predictions for TTFT: False  (P50)": 0, "Deadline Miss Rate with 0.03s TBT Deadline, 0.3s TTFT Deadline, 0.0s TTFT Slack, Using Predictions for TTFT: False  (P90)": 0, "Deadline Miss Rate with 0.03s TBT Deadline, 0.3s TTFT Deadline, 0.0s TTFT Slack, Using Predictions for TTFT: False  (P99)": 0, "Min Deadline to Meet Target Deadline Miss Rate of 10.0% (Mean)": 0.0035226577293519666, "Min Deadline to Meet Target Deadline Miss Rate of 10.0% (P50)": 0.003875803235793461, "Min Deadline to Meet Target Deadline Miss Rate of 10.0% (P90)": 0.004449327557033626, "Min Deadline to Meet Target Deadline Miss Rate of 10.0% (P99)": 0.004733917077878896}