{"Target TBT (ms)": [1, 2, 3, 4, 5, 6, 7, 8, 9, 10, 11, 12, 13, 14, 15, 16, 17, 18, 19, 20, 21, 22, 23, 24, 25, 26, 27, 28, 29, 30, 31, 32, 33, 34, 35, 36, 37, 38, 39, 40, 41, 42, 43, 44, 45, 46, 47, 48, 49, 50, 51, 52, 53, 54, 55, 56, 57, 58, 59, 60, 61, 62, 63, 64, 65, 66, 67, 68, 69, 70, 71, 72, 73, 74, 75, 76, 77, 78, 79, 80, 81, 82, 83, 84, 85, 86, 87, 88, 89, 90, 91, 92, 93, 94, 95, 96, 97, 98, 99, 100], "Miss Rate P(99)": [1.0, 1.0, 1.0, 1.0, 0.18410632911392355, 0.08845872365339558, 0.05594850948509473, 0.029826850094876317, 0.0229092147845339, 0.021587666455294585, 0.01339285714285705, 0.01339285714285705, 0.0070138115715887945, 0.006430323826574167, 0.005734143861905833, 0.005734143861905833, 0.004804409155687398, 0.004156705348573414, 0.003852180141462963, 0.003081129962966149, 0.003081129962966149, 0.003081129962966149, 0.003081129962966149, 0.003081129962966149, 0.0015346069527090494, 0.0015346069527090494, 0.0015346069527090494, 0.0015346069527090494, 0.0015346069527090494, 0.0015346069527090494, 0.0015346069527090494, 0.0015346069527090494, 0.0015346069527090494, 0.0015346069527090494, 0.0015346069527090494, 0.0013542684913652632, 0.0013542684913652632, 0.0013542684913652632, 0.0013542684913652632, 0.0013542684913652632, 0.0013542684913652632, 0.0013542684913652632, 0.0013542684913652632, 0.0006598240469208044, 0.0006598240469208044, 0.0006598240469208044, 0.0006598240469208044, 0.0006598240469208044, 0.0006598240469208044, 0.0, 0.0, 0.0, 0.0, 0.0, 0.0, 0.0, 0.0, 0.0, 0.0, 0.0, 0.0, 0.0, 0.0, 0.0, 0.0, 0.0, 0.0, 0.0, 0.0, 0.0, 0.0, 0.0, 0.0, 0.0, 0.0, 0.0, 0.0, 0.0, 0.0, 0.0, 0.0, 0.0, 0.0, 0.0, 0.0, 0.0, 0.0, 0.0, 0.0, 0.0, 0.0, 0.0, 0.0, 0.0, 0.0, 0.0, 0.0, 0.0, 0.0, 0.0]}