{"tpot_based_throughput": 225.11090131287887, "tbt_based_throughput": 120.289768456514, "deadline_based_throughput": 170.39958247712846}