{"Number of Requests": 256, "Number of Errored Requests": 0, "Number of Completed Requests": 256, "Error Rate": 0.0, "Deadline Miss Rate": 0.06422073258319368, "Number of Prompt Tokens (Mean)": 6475.9375, "Number of Prompt Tokens (P50)": 7793.166095210145, "Number of Prompt Tokens (P90)": 8078.831292220465, "Number of Prompt Tokens (P99)": 8160.024923752189, "Number of Output Tokens (Mean)": 184.8515625, "Number of Output Tokens (P50)": 160.9351025012422, "Number of Output Tokens (P90)": 308.8949992819657, "Number of Output Tokens (P99)": 455.32048804743, "Number of Total Tokens (Mean)": 6660.7890625, "Number of Total Tokens (P50)": 8030.503416967201, "Number of Total Tokens (P90)": 8192.730401697612, "Number of Total Tokens (P99)": 8192.730401697612, "Time per Output Token (Mean)": 0.02095314177390629, "Time per Output Token (P50)": 0.019702656413555748, "Time per Output Token (P90)": 0.028753330269078968, "Time per Output Token (P99)": 0.042468122088452895, "Time to First Token (Mean)": 0.35957932725364117, "Time to First Token (P50)": 0.3624021260184165, "Time to First Token (P90)": 0.5559923767721343, "Time to First Token (P99)": 0.87022755302356, "Time Between Tokens (Mean)": 0.02072263631946844, "Time Between Tokens (P50)": 0.014772293625825215, "Time Between Tokens (P90)": 0.017026201484365525, "Time Between Tokens (P99)": 0.29025340931692917, "End to End Latency (Mean)": 4.1700350282940235, "End to End Latency (P50)": 3.8305176383131108, "End to End Latency (P90)": 6.993632892422741, "End to End Latency (P99)": 10.308824517083695, "Normalized End to End Latency (Mean)": 0.02359755442159049, "Normalized End to End Latency (P50)": 0.021644545901765355, "Normalized End to End Latency (P90)": 0.03203258391179361, "Normalized End to End Latency (P99)": 0.05033767399037862, "Output Throughput (Mean)": 45.49050457207008, "Output Throughput (P50)": 46.01653444375361, "Output Throughput (P90)": 57.111234483520185, "Output Throughput (P99)": 69.47735788524926, "Deadline Miss Rate with 0.03s TBT Deadline, 0.3s TTFT Deadline, 0.0s TTFT Slack, Using Predictions for TTFT: False  (Mean)": 0.07002749798739055, "Deadline Miss Rate with 0.03s TBT Deadline, 0.3s TTFT Deadline, 0.0s TTFT Slack, Using Predictions for TTFT: False  (P50)": 0.033674930169957415, "Deadline Miss Rate with 0.03s TBT Deadline, 0.3s TTFT Deadline, 0.0s TTFT Slack, Using Predictions for TTFT: False  (P90)": 0.17710702342810034, "Deadline Miss Rate with 0.03s TBT Deadline, 0.3s TTFT Deadline, 0.0s TTFT Slack, Using Predictions for TTFT: False  (P99)": 0.4176962475999589, "Min Deadline to Meet Target Deadline Miss Rate of 10.0% (Mean)": 0.02873138172649118, "Min Deadline to Meet Target Deadline Miss Rate of 10.0% (P50)": 0.02092100106236009, "Min Deadline to Meet Target Deadline Miss Rate of 10.0% (P90)": 0.04618955794251058, "Min Deadline to Meet Target Deadline Miss Rate of 10.0% (P99)": 0.11753710433554279}