{"Target TBT (ms)": [1, 2, 3, 4, 5, 6, 7, 8, 9, 10, 11, 12, 13, 14, 15, 16, 17, 18, 19, 20, 21, 22, 23, 24, 25, 26, 27, 28, 29, 30, 31, 32, 33, 34, 35, 36, 37, 38, 39, 40, 41, 42, 43, 44, 45, 46, 47, 48, 49, 50, 51, 52, 53, 54, 55, 56, 57, 58, 59, 60, 61, 62, 63, 64, 65, 66, 67, 68, 69, 70, 71, 72, 73, 74, 75, 76, 77, 78, 79, 80, 81, 82, 83, 84, 85, 86, 87, 88, 89, 90, 91, 92, 93, 94, 95, 96, 97, 98, 99, 100], "Miss Rate P(99)": [0.9998297539721642, 0.9995201867470878, 0.9991319674301602, 0.9987537993920973, 0.9982058101472995, 0.9979437699518836, 0.9978718780981353, 0.9953605514316013, 0.9947272173117951, 0.9943829707426857, 0.9934713647008729, 0.9932525951557094, 0.9930198675496689, 0.991061320754717, 0.9770107552022446, 0.9500874125874124, 0.8338572584997301, 0.7121170157521196, 0.6099464277248374, 0.5827596412821497, 0.5623025583982199, 0.537677675585284, 0.5182432432432428, 0.49466385944533153, 0.4614944356120825, 0.44593434343434324, 0.4209579180509411, 0.40142292490118575, 0.3857321187584345, 0.367187723565603, 0.3624290702749891, 0.35135155485279723, 0.34801819363222863, 0.3327638888888888, 0.32810126582278476, 0.3235547785547785, 0.31309523809523804, 0.30629747610879676, 0.2981441385709866, 0.28564102564102556, 0.27896023468057346, 0.272274131274131, 0.2567768344451179, 0.2543757541344307, 0.24590624999999972, 0.24370157068062792, 0.23467776584317918, 0.232426303854875, 0.23015089014329104, 0.22785114045618213, 0.21988354037267033, 0.21748243559718916, 0.20394140216253906, 0.20151391162029436, 0.20151391162029436, 0.19657801418439683, 0.19657801418439683, 0.19657801418439683, 0.18636750060723808, 0.18382999511480191, 0.18126381724392013, 0.18126381724392013, 0.18126381724392013, 0.16945697711891683, 0.1660052049446972, 0.16248768472906386, 0.16248768472906386, 0.15693573667711594, 0.15693573667711594, 0.14642375168690944, 0.14272696303866456, 0.13864809081527343, 0.13864809081527343, 0.13864809081527343, 0.13394997394476277, 0.13190789473684192, 0.13190789473684192, 0.12211826347305384, 0.12211826347305384, 0.12211826347305384, 0.12211826347305384, 0.12211826347305384, 0.11624999999999981, 0.11624999999999981, 0.11023773006134939, 0.10717592592592555, 0.10717592592592555, 0.10001683501683482, 0.10001683501683482, 0.10001683501683482, 0.10001683501683482, 0.10001683501683482, 0.09691699604743058, 0.09172852598091186, 0.08858993902439007, 0.08858993902439007, 0.08675958188153288, 0.08675958188153288, 0.08675958188153288, 0.08317610062893062]}