{"tpot_based_throughput": 47.72553972050798, "tbt_based_throughput": 3.447147119239582, "deadline_based_throughput": 11.239284238895559}