{"Number of Requests": 256, "Number of Errored Requests": 0, "Number of Completed Requests": 256, "Error Rate": 0.0, "Deadline Miss Rate": 0.0007219909963475749, "Number of Prompt Tokens (Mean)": 6475.9375, "Number of Prompt Tokens (P50)": 7793.166095210145, "Number of Prompt Tokens (P90)": 8078.831292220465, "Number of Prompt Tokens (P99)": 8160.024923752189, "Number of Output Tokens (Mean)": 183.8515625, "Number of Output Tokens (P50)": 159.97238261315115, "Number of Output Tokens (P90)": 308.2778264562278, "Number of Output Tokens (P99)": 454.4107568025799, "Number of Total Tokens (Mean)": 6659.7890625, "Number of Total Tokens (P50)": 8030.503416967201, "Number of Total Tokens (P90)": 8192.730401697612, "Number of Total Tokens (P99)": 8192.730401697612, "Time per Output Token (Mean)": 0.005044643044661071, "Time per Output Token (P50)": 0.004677449536976337, "Time per Output Token (P90)": 0.006480211179837237, "Time per Output Token (P99)": 0.008557030210927043, "Time to First Token (Mean)": 0.15462521937661222, "Time to First Token (P50)": 0.17118660017665313, "Time to First Token (P90)": 0.18805871388699866, "Time to First Token (P99)": 0.3144277730463412, "Time Between Tokens (Mean)": 0.0050553505373725355, "Time Between Tokens (P50)": 0.004326474316167258, "Time Between Tokens (P90)": 0.004956763511842779, "Time Between Tokens (P99)": 0.03203258391179361, "End to End Latency (Mean)": 1.0790237115834316, "End to End Latency (P50)": 0.9333261919482296, "End to End Latency (P90)": 1.8130303980289995, "End to End Latency (P99)": 2.447335295916136, "Normalized End to End Latency (Mean)": 0.006232338004730362, "Normalized End to End Latency (P50)": 0.0057474314997432475, "Normalized End to End Latency (P90)": 0.00802653694775217, "Normalized End to End Latency (P99)": 0.013609299511113834, "Output Throughput (Mean)": 171.59084389807387, "Output Throughput (P50)": 173.64295686596404, "Output Throughput (P90)": 219.42298316935046, "Output Throughput (P99)": 238.17395840139497, "Deadline Miss Rate with 0.03s TBT Deadline, 0.3s TTFT Deadline, 0.0s TTFT Slack, Using Predictions for TTFT: False  (Mean)": 0.0011034316203871952, "Deadline Miss Rate with 0.03s TBT Deadline, 0.3s TTFT Deadline, 0.0s TTFT Slack, Using Predictions for TTFT: False  (P50)": 0, "Deadline Miss Rate with 0.03s TBT Deadline, 0.3s TTFT Deadline, 0.0s TTFT Slack, Using Predictions for TTFT: False  (P90)": 0, "Deadline Miss Rate with 0.03s TBT Deadline, 0.3s TTFT Deadline, 0.0s TTFT Slack, Using Predictions for TTFT: False  (P99)": 0.0157801590720911, "Min Deadline to Meet Target Deadline Miss Rate of 10.0% (Mean)": 0.004288711616343331, "Min Deadline to Meet Target Deadline Miss Rate of 10.0% (P50)": 0.003875803235793461, "Min Deadline to Meet Target Deadline Miss Rate of 10.0% (P90)": 0.0055887354771758145, "Min Deadline to Meet Target Deadline Miss Rate of 10.0% (P99)": 0.012118743552489568}