{"Target TBT (ms)": [1, 2, 3, 4, 5, 6, 7, 8, 9, 10, 11, 12, 13, 14, 15, 16, 17, 18, 19, 20, 21, 22, 23, 24, 25, 26, 27, 28, 29, 30, 31, 32, 33, 34, 35, 36, 37, 38, 39, 40, 41, 42, 43, 44, 45, 46, 47, 48, 49, 50, 51, 52, 53, 54, 55, 56, 57, 58, 59, 60, 61, 62, 63, 64, 65, 66, 67, 68, 69, 70, 71, 72, 73, 74, 75, 76, 77, 78, 79, 80, 81, 82, 83, 84, 85, 86, 87, 88, 89, 90, 91, 92, 93, 94, 95, 96, 97, 98, 99, 100], "Miss Rate P(99)": [1.0, 1.0, 1.0, 1.0, 0.8231916996047427, 0.372772848269742, 0.310710591231001, 0.2535243902439013, 0.21849662162162053, 0.18020833333333247, 0.14617647058823488, 0.1217261904761904, 0.10303030303030303, 0.09451593595690552, 0.08894190714231608, 0.08230994152046775, 0.07638753651411878, 0.0731152682872185, 0.06285601265822784, 0.052255639097744354, 0.05182489923869234, 0.04500206782464847, 0.04500206782464847, 0.04423562412342214, 0.041275743707093776, 0.03905348047538199, 0.03692290093800042, 0.03539207578377566, 0.03539207578377566, 0.03364661654135335, 0.03364661654135335, 0.03364661654135335, 0.03364661654135335, 0.03364661654135335, 0.031503759398496166, 0.0285155058464667, 0.026601769911504425, 0.02142857142857143, 0.020257997936016497, 0.019008714596949878, 0.019008714596949878, 0.018189964157706087, 0.017799029403368537, 0.017799029403368537, 0.0173663111716209, 0.0173663111716209, 0.01642246642246641, 0.014580335731414864, 0.014580335731414864, 0.014580335731414864, 0.01416712783619258, 0.013808153477218215, 0.013808153477218215, 0.013808153477218215, 0.013236842105263156, 0.013002597695956627, 0.011645055246096221, 0.011645055246096221, 0.009927420958441027, 0.009927420958441027, 0.009927420958441027, 0.009116321762349795, 0.009116321762349795, 0.008759236453201967, 0.008759236453201967, 0.008759236453201967, 0.008759236453201967, 0.008759236453201967, 0.008759236453201967, 0.008759236453201967, 0.008759236453201967, 0.00798378795676787, 0.00798378795676787, 0.00798378795676787, 0.00798378795676787, 0.007343716201600689, 0.007343716201600689, 0.007343716201600689, 0.007343716201600689, 0.007343716201600689, 0.007343716201600689, 0.007343716201600689, 0.007343716201600689, 0.007343716201600689, 0.007343716201600689, 0.006903253671177649, 0.006903253671177649, 0.006903253671177649, 0.006202046035805605, 0.006202046035805605, 0.006202046035805605, 0.006202046035805605, 0.004399170735487851, 0.004399170735487851, 0.004399170735487851, 0.003940805571240346, 0.003940805571240346, 0.003940805571240346, 0.003940805571240346, 0.003940805571240346]}