{"tpot_based_throughput": 198.23008112701567, "tbt_based_throughput": 31.130945937441044, "deadline_based_throughput": 73.9973425726459}