{"Number of Requests": 256, "Number of Errored Requests": 0, "Number of Completed Requests": 256, "Error Rate": 0.0, "Deadline Miss Rate": 0.04734760117658992, "Number of Prompt Tokens (Mean)": 6475.9375, "Number of Prompt Tokens (P50)": 7793.166095210145, "Number of Prompt Tokens (P90)": 8078.831292220465, "Number of Prompt Tokens (P99)": 8160.024923752189, "Number of Output Tokens (Mean)": 184.85546875, "Number of Output Tokens (P50)": 160.9351025012422, "Number of Output Tokens (P90)": 308.8949992819657, "Number of Output Tokens (P99)": 455.32048804743, "Number of Total Tokens (Mean)": 6660.79296875, "Number of Total Tokens (P50)": 8030.503416967201, "Number of Total Tokens (P90)": 8192.730401697612, "Number of Total Tokens (P99)": 8192.730401697612, "Time per Output Token (Mean)": 0.016482585678943992, "Time per Output Token (P50)": 0.015010551382498934, "Time per Output Token (P90)": 0.023306994903802454, "Time per Output Token (P99)": 0.033008121656235595, "Time to First Token (Mean)": 0.33362490822298696, "Time to First Token (P50)": 0.3461092322277037, "Time to First Token (P90)": 0.5050990513428187, "Time to First Token (P99)": 0.6983739185921765, "Time Between Tokens (Mean)": 0.016350830115153047, "Time Between Tokens (P50)": 0.011666871097543038, "Time Between Tokens (P90)": 0.014221478060087686, "Time Between Tokens (P99)": 0.24733762678434026, "End to End Latency (Mean)": 3.339814443496067, "End to End Latency (P50)": 2.9299924854513, "End to End Latency (P90)": 5.771892892424462, "End to End Latency (P99)": 8.890650583404684, "Normalized End to End Latency (Mean)": 0.018963177616876194, "Normalized End to End Latency (P50)": 0.017370153685716334, "Normalized End to End Latency (P90)": 0.025655386715794894, "Normalized End to End Latency (P99)": 0.040884610192028964, "Output Throughput (Mean)": 57.790742129596985, "Output Throughput (P50)": 57.340136997579876, "Output Throughput (P90)": 76.78435795899135, "Output Throughput (P99)": 92.66594244658097, "Deadline Miss Rate with 0.03s TBT Deadline, 0.3s TTFT Deadline, 0.0s TTFT Slack, Using Predictions for TTFT: False  (Mean)": 0.05414963162461105, "Deadline Miss Rate with 0.03s TBT Deadline, 0.3s TTFT Deadline, 0.0s TTFT Slack, Using Predictions for TTFT: False  (P50)": 0.018518189204716273, "Deadline Miss Rate with 0.03s TBT Deadline, 0.3s TTFT Deadline, 0.0s TTFT Slack, Using Predictions for TTFT: False  (P90)": 0.1447132408020166, "Deadline Miss Rate with 0.03s TBT Deadline, 0.3s TTFT Deadline, 0.0s TTFT Slack, Using Predictions for TTFT: False  (P99)": 0.4176962475999589, "Min Deadline to Meet Target Deadline Miss Rate of 10.0% (Mean)": 0.023039268279237936, "Min Deadline to Meet Target Deadline Miss Rate of 10.0% (P50)": 0.016655715219953002, "Min Deadline to Meet Target Deadline Miss Rate of 10.0% (P90)": 0.04171053438244991, "Min Deadline to Meet Target Deadline Miss Rate of 10.0% (P99)": 0.1067782264248484}