{"Target TBT (ms)": [1, 2, 3, 4, 5, 6, 7, 8, 9, 10, 11, 12, 13, 14, 15, 16, 17, 18, 19, 20, 21, 22, 23, 24, 25, 26, 27, 28, 29, 30, 31, 32, 33, 34, 35, 36, 37, 38, 39, 40, 41, 42, 43, 44, 45, 46, 47, 48, 49, 50, 51, 52, 53, 54, 55, 56, 57, 58, 59, 60, 61, 62, 63, 64, 65, 66, 67, 68, 69, 70, 71, 72, 73, 74, 75, 76, 77, 78, 79, 80, 81, 82, 83, 84, 85, 86, 87, 88, 89, 90, 91, 92, 93, 94, 95, 96, 97, 98, 99, 100], "Miss Rate P(99)": [0.9998256427274672, 0.9992943313177491, 0.9987964446478981, 0.9982955428867583, 0.9978906305317566, 0.9965147975077882, 0.9954051873914123, 0.9952881289564707, 0.9952027271085425, 0.9950711964831804, 0.9939517306849714, 0.9848555390214075, 0.9801455196164495, 0.9562690955208392, 0.8803044112285817, 0.7335908649173954, 0.5420868376787211, 0.5209645755169703, 0.5050083395107484, 0.47995755003032115, 0.47012769520619635, 0.44755349913244635, 0.43294580419580414, 0.4193883205456095, 0.406774193548387, 0.3903409090909089, 0.3866954022988505, 0.37099858061284124, 0.3555706283913879, 0.3412280701754384, 0.33142414860681074, 0.3130622009569375, 0.30935002195871725, 0.29995934959349563, 0.29610016420361207, 0.2881490787269676, 0.27425213675213644, 0.26801282051282005, 0.26801282051282005, 0.26287220843672404, 0.25530024509803884, 0.24866168689698048, 0.23758823529411718, 0.232325256290773, 0.22615002757859862, 0.22379103815439175, 0.21872430968615464, 0.2132554945054941, 0.20770494251157198, 0.18480898507952098, 0.18060337760288558, 0.18043983314852935, 0.1682857142857142, 0.16085714285714284, 0.15661538461538455, 0.1499246735855372, 0.13918746454906397, 0.13670327304048216, 0.13670327304048216, 0.13401679044236345, 0.12878358750907756, 0.12415123456790121, 0.11879904786699891, 0.11879904786699891, 0.11605739729102742, 0.11062499999999996, 0.11062499999999996, 0.10763719512195112, 0.10763719512195112, 0.10512540266912099, 0.1021009376085194, 0.09903913347309558, 0.09649554617909038, 0.09649554617909038, 0.09649554617909038, 0.09339570720968612, 0.09081971752977006, 0.087403568461447, 0.087403568461447, 0.08152866242038188, 0.08152866242038188, 0.07819711538461516, 0.07603276353276325, 0.07603276353276325, 0.07603276353276325, 0.07603276353276325, 0.0733900836320189, 0.072998345740281, 0.072998345740281, 0.072998345740281, 0.072998345740281, 0.06967741935483843, 0.06700041893590258, 0.06700041893590258, 0.06700041893590258, 0.06590605656026191, 0.06590605656026191, 0.06363636363636334, 0.06092436974789893, 0.06092436974789893]}