{"tpot_based_throughput": 60.6700926346447, "tbt_based_throughput": 4.039361307057324, "deadline_based_throughput": 13.579553245037069}