{"Number of Requests": 256, "Number of Errored Requests": 0, "Number of Completed Requests": 256, "Error Rate": 0.0, "Deadline Miss Rate": 0.0011120474705263981, "Number of Prompt Tokens (Mean)": 2274.9375, "Number of Prompt Tokens (P50)": 1738.8895294420502, "Number of Prompt Tokens (P90)": 5458.898826850627, "Number of Prompt Tokens (P99)": 6884.325540607284, "Number of Output Tokens (Mean)": 449.28515625, "Number of Output Tokens (P50)": 423.6897714554094, "Number of Output Tokens (P90)": 868.7034004475807, "Number of Output Tokens (P99)": 1001.2473012529721, "Number of Total Tokens (Mean)": 2724.22265625, "Number of Total Tokens (P50)": 2268.790333412844, "Number of Total Tokens (P90)": 6020.962450373618, "Number of Total Tokens (P99)": 7413.08877623367, "Time per Output Token (Mean)": 0.014686956738693564, "Time per Output Token (P50)": 0.014566922399577159, "Time per Output Token (P90)": 0.01652300101856939, "Time per Output Token (P99)": 0.01859241032956371, "Time to First Token (Mean)": 0.15433082803883735, "Time to First Token (P50)": 0.11848117272344057, "Time to First Token (P90)": 0.3372263668743648, "Time to First Token (P99)": 0.41106628655534155, "Time Between Tokens (Mean)": 0.014805769669267884, "Time Between Tokens (P50)": 0.01323352440140802, "Time Between Tokens (P90)": 0.014335706226092027, "Time Between Tokens (P99)": 0.04384907994148639, "End to End Latency (Mean)": 6.791595432665872, "End to End Latency (P50)": 6.443037697095705, "End to End Latency (P90)": 13.052769798368335, "End to End Latency (P99)": 15.286963540264109, "Normalized End to End Latency (Mean)": 0.015502484427962109, "Normalized End to End Latency (P50)": 0.015161409982456598, "Normalized End to End Latency (P90)": 0.01709444270450204, "Normalized End to End Latency (P99)": 0.023121282721859978, "Output Throughput (Mean)": 65.82258576125307, "Output Throughput (P50)": 65.82507835054889, "Output Throughput (P90)": 74.81369364413838, "Output Throughput (P99)": 81.69566722086319, "Deadline Miss Rate with 0.03s TBT Deadline, 0.3s TTFT Deadline, 0.0s TTFT Slack, Using Predictions for TTFT: False  (Mean)": 0.0022662236857651976, "Deadline Miss Rate with 0.03s TBT Deadline, 0.3s TTFT Deadline, 0.0s TTFT Slack, Using Predictions for TTFT: False  (P50)": 0, "Deadline Miss Rate with 0.03s TBT Deadline, 0.3s TTFT Deadline, 0.0s TTFT Slack, Using Predictions for TTFT: False  (P90)": 0.003954099681197205, "Deadline Miss Rate with 0.03s TBT Deadline, 0.3s TTFT Deadline, 0.0s TTFT Slack, Using Predictions for TTFT: False  (P99)": 0.022572977732040426, "Min Deadline to Meet Target Deadline Miss Rate of 10.0% (Mean)": 39062500.01325186, "Min Deadline to Meet Target Deadline Miss Rate of 10.0% (P50)": 0.013554971024371348, "Min Deadline to Meet Target Deadline Miss Rate of 10.0% (P90)": 0.015252651924866805, "Min Deadline to Meet Target Deadline Miss Rate of 10.0% (P99)": 0.017509672292034872}