{"Target TBT (ms)": [1, 2, 3, 4, 5, 6, 7, 8, 9, 10, 11, 12, 13, 14, 15, 16, 17, 18, 19, 20, 21, 22, 23, 24, 25, 26, 27, 28, 29, 30, 31, 32, 33, 34, 35, 36, 37, 38, 39, 40, 41, 42, 43, 44, 45, 46, 47, 48, 49, 50, 51, 52, 53, 54, 55, 56, 57, 58, 59, 60, 61, 62, 63, 64, 65, 66, 67, 68, 69, 70, 71, 72, 73, 74, 75, 76, 77, 78, 79, 80, 81, 82, 83, 84, 85, 86, 87, 88, 89, 90, 91, 92, 93, 94, 95, 96, 97, 98, 99, 100], "Miss Rate P(99)": [0.9999299714158719, 0.9998349700004667, 0.9997497645041076, 0.9995562541616825, 0.9993514057877079, 0.9992750180179155, 0.9981115099942384, 0.9974644936046773, 0.9963274639123942, 0.9955894754596053, 0.9946548486228091, 0.9913632410768299, 0.9734974962321941, 0.6776500251269342, 0.25955134945671204, 0.20819672131147512, 0.17733410493827118, 0.15575581395348823, 0.13479853479853462, 0.11916376306620204, 0.10759740259740241, 0.08967611336032356, 0.07756034482758589, 0.06981981981981959, 0.06518213866039921, 0.05641921397379891, 0.04058123776539663, 0.03703628127168079, 0.03090435479561822, 0.028218768182195757, 0.024293022594855447, 0.019308755760368473, 0.019308755760368473, 0.019308755760368473, 0.011374680306905307, 0.011374680306905307, 0.011374680306905307, 0.00799105607155141, 0.007288838612367992, 0.005959769884808926, 0.005959769884808926, 0.005959769884808926, 0.005959769884808926, 0.005875950711981238, 0.004458629763180975, 0.004458629763180975, 0.003889194362984675, 0.003889194362984675, 0.003889194362984675, 0.003889194362984675, 0.003889194362984675, 0.003889194362984675, 0.003286637931034479, 0.00298879230858749, 0.00298879230858749, 0.0029768450330007698, 0.0029768450330007698, 0.0029768450330007698, 0.002472213518146452, 0.002472213518146452, 0.002472213518146452, 0.002472213518146452, 0.002472213518146452, 0.002472213518146452, 0.002472213518146452, 0.0018979443332726902, 0.0018979443332726902, 0.001490641711229946, 0.001490641711229946, 0.001490641711229946, 0.001490641711229946, 0.001490641711229946, 0.001490641711229946, 0.001490641711229946, 0.001490641711229946, 0.001490641711229946, 0.001490641711229946, 0.001490641711229946, 0.001490641711229946, 0.001490641711229946, 0.001490641711229946, 0.0012376809362488403, 0.0012376809362488403, 0.0012376809362488403, 0.0012376809362488403, 0.0012376809362488403, 0.0012376809362488403, 0.0, 0.0, 0.0, 0.0, 0.0, 0.0, 0.0, 0.0, 0.0, 0.0, 0.0, 0.0, 0.0]}