{"tpot_based_throughput": 68.08762480830674, "tbt_based_throughput": 22.823324968471752, "deadline_based_throughput": 46.69573062743312}