{"Number of Requests": 256, "Number of Errored Requests": 0, "Number of Completed Requests": 256, "Error Rate": 0.0, "Deadline Miss Rate": 0.05626469937885702, "Number of Prompt Tokens (Mean)": 6475.9375, "Number of Prompt Tokens (P50)": 7793.166095210145, "Number of Prompt Tokens (P90)": 8078.831292220465, "Number of Prompt Tokens (P99)": 8160.024923752189, "Number of Output Tokens (Mean)": 184.84375, "Number of Output Tokens (P50)": 160.9351025012422, "Number of Output Tokens (P90)": 308.8949992819657, "Number of Output Tokens (P99)": 455.32048804743, "Number of Total Tokens (Mean)": 6660.78125, "Number of Total Tokens (P50)": 8030.503416967201, "Number of Total Tokens (P90)": 8192.730401697612, "Number of Total Tokens (P99)": 8192.730401697612, "Time per Output Token (Mean)": 0.01741370184304792, "Time per Output Token (P50)": 0.0157801590720911, "Time per Output Token (P90)": 0.02484741063499535, "Time per Output Token (P99)": 0.034700484821205746, "Time to First Token (Mean)": 0.35031476000835937, "Time to First Token (P50)": 0.350287564259524, "Time to First Token (P90)": 0.5257125416814648, "Time to First Token (P99)": 0.837779316203986, "Time Between Tokens (Mean)": 0.01730397598218668, "Time Between Tokens (P50)": 0.01221608236948377, "Time Between Tokens (P90)": 0.014950629081493246, "Time Between Tokens (P99)": 0.24341171449791046, "End to End Latency (Mean)": 3.531745375452033, "End to End Latency (P50)": 3.074062185241739, "End to End Latency (P90)": 6.165690331953579, "End to End Latency (P99)": 9.290573119398362, "Normalized End to End Latency (Mean)": 0.020042299673289823, "Normalized End to End Latency (P50)": 0.018297298853416077, "Normalized End to End Latency (P90)": 0.028638546630064335, "Normalized End to End Latency (P99)": 0.04263833483208122, "Output Throughput (Mean)": 54.99654427251002, "Output Throughput (P50)": 54.434646336994085, "Output Throughput (P90)": 73.77359923544194, "Output Throughput (P99)": 90.10728359272738, "Deadline Miss Rate with 0.03s TBT Deadline, 0.3s TTFT Deadline, 0.0s TTFT Slack, Using Predictions for TTFT: False  (Mean)": 0.06223668451902478, "Deadline Miss Rate with 0.03s TBT Deadline, 0.3s TTFT Deadline, 0.0s TTFT Slack, Using Predictions for TTFT: False  (P50)": 0.024698772482012597, "Deadline Miss Rate with 0.03s TBT Deadline, 0.3s TTFT Deadline, 0.0s TTFT Slack, Using Predictions for TTFT: False  (P90)": 0.15897614602756968, "Deadline Miss Rate with 0.03s TBT Deadline, 0.3s TTFT Deadline, 0.0s TTFT Slack, Using Predictions for TTFT: False  (P99)": 0.4364852148468585, "Min Deadline to Meet Target Deadline Miss Rate of 10.0% (Mean)": 0.02594583215770664, "Min Deadline to Meet Target Deadline Miss Rate of 10.0% (P50)": 0.017509672292034872, "Min Deadline to Meet Target Deadline Miss Rate of 10.0% (P90)": 0.04420127961873029, "Min Deadline to Meet Target Deadline Miss Rate of 10.0% (P99)": 0.13146676771037863}