{"Target TBT (ms)": [1, 2, 3, 4, 5, 6, 7, 8, 9, 10, 11, 12, 13, 14, 15, 16, 17, 18, 19, 20, 21, 22, 23, 24, 25, 26, 27, 28, 29, 30, 31, 32, 33, 34, 35, 36, 37, 38, 39, 40, 41, 42, 43, 44, 45, 46, 47, 48, 49, 50, 51, 52, 53, 54, 55, 56, 57, 58, 59, 60, 61, 62, 63, 64, 65, 66, 67, 68, 69, 70, 71, 72, 73, 74, 75, 76, 77, 78, 79, 80, 81, 82, 83, 84, 85, 86, 87, 88, 89, 90, 91, 92, 93, 94, 95, 96, 97, 98, 99, 100], "Miss Rate P(99)": [0.9998374436754146, 0.9993525847624741, 0.9988479507326397, 0.9983615860137158, 0.997857041703403, 0.9971934995987407, 0.9958198207622834, 0.9952881289564707, 0.9952114986963949, 0.9951083896396397, 0.9937658495350803, 0.9922680104961832, 0.9823929197821472, 0.9777163412127441, 0.9601465182764956, 0.8628284061355553, 0.7110881078478566, 0.5330422356303584, 0.5153726708074531, 0.4991233031674205, 0.483333333333333, 0.46113804004214926, 0.4497799295774645, 0.43878287777204716, 0.4218360181743079, 0.40992395437262336, 0.40281249999999996, 0.38611072949580966, 0.3805719091673675, 0.36516447368421046, 0.36072618254496985, 0.34555555555555556, 0.3386706852791878, 0.32520169399294957, 0.31623570575183474, 0.3077044025157231, 0.2959777898158178, 0.2930140357273057, 0.2899935590725064, 0.2807880844645549, 0.26969902912621335, 0.268121951219512, 0.26492118226600975, 0.25335059396893067, 0.25169387755102024, 0.25002051071684944, 0.24662281156117263, 0.23797060067681872, 0.22993197278911534, 0.2281894296180008, 0.22194355638849056, 0.22194355638849056, 0.21833017711930475, 0.2164949608062709, 0.20522774327122129, 0.20522774327122129, 0.20032214563979597, 0.19526870709599092, 0.19526870709599092, 0.18821428571428547, 0.18821428571428547, 0.18821428571428547, 0.18300750703784774, 0.18102960254747, 0.18102960254747, 0.1737108655616941, 0.16954419889502736, 0.1674999999999998, 0.1654329608938546, 0.1654329608938546, 0.15941444237533595, 0.15941444237533595, 0.1573241781106947, 0.15171388818618745, 0.15015488594762016, 0.15015488594762016, 0.13933993637940995, 0.13933993637940995, 0.13560113876925323, 0.13560113876925323, 0.13560113876925323, 0.13100029485478393, 0.1280525846702317, 0.1280525846702317, 0.12343073593073581, 0.12043802253725913, 0.12043802253725913, 0.10862036864643428, 0.10249574588769131, 0.10249574588769131, 0.10249574588769131, 0.10249574588769131, 0.10249574588769131, 0.09936166158536582, 0.09410312499999984, 0.09410312499999984, 0.09410312499999984, 0.08864871729743448, 0.08537682789651274, 0.08537682789651274]}