{"tpot_based_throughput": 57.42604352670889, "tbt_based_throughput": 4.1047518328587405, "deadline_based_throughput": 10.81271402738121}