{"Number of Requests": 512, "Number of Errored Requests": 0, "Number of Completed Requests": 512, "Error Rate": 0.0, "Deadline Miss Rate": 0.028998124138502834, "Number of Prompt Tokens (Mean)": 6537.701171875, "Number of Prompt Tokens (P50)": 7840.065665426578, "Number of Prompt Tokens (P90)": 8095.005128641327, "Number of Prompt Tokens (P99)": 8160.024923752189, "Number of Output Tokens (Mean)": 184.220703125, "Number of Output Tokens (P50)": 170.88677687557998, "Number of Output Tokens (P90)": 308.2778264562278, "Number of Output Tokens (P99)": 434.8501656627444, "Number of Total Tokens (Mean)": 6721.921875, "Number of Total Tokens (P50)": 8078.831292220465, "Number of Total Tokens (P90)": 8192.730401697612, "Number of Total Tokens (P99)": 8192.730401697612, "Time per Output Token (Mean)": 0.017081213812832622, "Time per Output Token (P50)": 0.01635859435694328, "Time per Output Token (P90)": 0.02217029897967988, "Time per Output Token (P99)": 0.02956980103744972, "Time to First Token (Mean)": 0.2975847769603206, "Time to First Token (P50)": 0.31695328464957695, "Time to First Token (P90)": 0.42443314123644965, "Time to First Token (P99)": 0.5880162608257326, "Time Between Tokens (Mean)": 0.01693230115420496, "Time Between Tokens (P50)": 0.012971482974956107, "Time Between Tokens (P90)": 0.013313164255004388, "Time Between Tokens (P99)": 0.22604956362769368, "End to End Latency (Mean)": 3.399932899958003, "End to End Latency (P50)": 3.1049570341804045, "End to End Latency (P90)": 5.657601717905779, "End to End Latency (P99)": 7.996469989602652, "Normalized End to End Latency (Mean)": 0.019290554165255408, "Normalized End to End Latency (P50)": 0.018115237627499264, "Normalized End to End Latency (P90)": 0.024748219473968578, "Normalized End to End Latency (P99)": 0.03618894453665566, "Output Throughput (Mean)": 54.671476164823275, "Output Throughput (P50)": 55.202091220817465, "Output Throughput (P90)": 67.82975111246652, "Output Throughput (P99)": 82.68192124538828, "Deadline Miss Rate with 0.03s TBT Deadline, 0.3s TTFT Deadline, 0.0s TTFT Slack, Using Predictions for TTFT: False  (Mean)": 0.03613527229808088, "Deadline Miss Rate with 0.03s TBT Deadline, 0.3s TTFT Deadline, 0.0s TTFT Slack, Using Predictions for TTFT: False  (P50)": 0.008270981472466509, "Deadline Miss Rate with 0.03s TBT Deadline, 0.3s TTFT Deadline, 0.0s TTFT Slack, Using Predictions for TTFT: False  (P90)": 0.09837178311571189, "Deadline Miss Rate with 0.03s TBT Deadline, 0.3s TTFT Deadline, 0.0s TTFT Slack, Using Predictions for TTFT: False  (P99)": 0.340615549342025, "Min Deadline to Meet Target Deadline Miss Rate of 10.0% (Mean)": 0.020249832929867137, "Min Deadline to Meet Target Deadline Miss Rate of 10.0% (P50)": 0.015811750982145337, "Min Deadline to Meet Target Deadline Miss Rate of 10.0% (P90)": 0.029451758037343144, "Min Deadline to Meet Target Deadline Miss Rate of 10.0% (P99)": 0.06528444954888389}