{"Target TBT (ms)": [1, 2, 3, 4, 5, 6, 7, 8, 9, 10, 11, 12, 13, 14, 15, 16, 17, 18, 19, 20, 21, 22, 23, 24, 25, 26, 27, 28, 29, 30, 31, 32, 33, 34, 35, 36, 37, 38, 39, 40, 41, 42, 43, 44, 45, 46, 47, 48, 49, 50, 51, 52, 53, 54, 55, 56, 57, 58, 59, 60, 61, 62, 63, 64, 65, 66, 67, 68, 69, 70, 71, 72, 73, 74, 75, 76, 77, 78, 79, 80, 81, 82, 83, 84, 85, 86, 87, 88, 89, 90, 91, 92, 93, 94, 95, 96, 97, 98, 99, 100], "Miss Rate P(99)": [0.9997840479281609, 0.9994450093037583, 0.9990974729241877, 0.9986421284041788, 0.998042595244024, 0.9978275080624074, 0.9952024111079838, 0.9942492193209753, 0.9941138183083884, 0.9939759036144579, 0.9938941583860283, 0.9937714127467658, 0.8879861111111109, 0.5986361735378922, 0.5637037962037957, 0.5393928571428567, 0.5045593869731799, 0.48623722263774594, 0.46680169753086387, 0.45288144821015347, 0.435518971594443, 0.4116928104575163, 0.3971756532940743, 0.38218389681453957, 0.37363025210084, 0.36645238095238064, 0.35020609579100104, 0.3267181854676833, 0.3006380673816484, 0.28160850780990354, 0.2729264422532017, 0.24467346938775508, 0.2434328678839955, 0.24240362811791352, 0.21972778473091353, 0.2123467767545252, 0.21102836879432602, 0.19682476943346505, 0.19682476943346505, 0.1838632478632478, 0.177079365079365, 0.15968934911242605, 0.15968934911242605, 0.15861471861471854, 0.14823353293413155, 0.14823353293413155, 0.14242469879518044, 0.14170101458465403, 0.13685130373502435, 0.13685130373502435, 0.1321809415768574, 0.12951200914982824, 0.127453274361535, 0.10416040100250612, 0.10416040100250612, 0.10416040100250612, 0.10416040100250612, 0.10416040100250612, 0.10416040100250612, 0.10416040100250612, 0.10416040100250612, 0.10416040100250612, 0.10272530641672643, 0.0811994654193116, 0.0811994654193116, 0.0811994654193116, 0.07276084010840103, 0.07276084010840103, 0.07276084010840103, 0.07276084010840103, 0.07276084010840103, 0.07276084010840103, 0.07199695121951205, 0.07131913431810351, 0.05632062035132141, 0.05632062035132141, 0.05632062035132141, 0.05632062035132141, 0.05632062035132141, 0.05632062035132141, 0.05632062035132141, 0.0561111111111111, 0.0561111111111111, 0.0561111111111111, 0.054944444444444365, 0.054944444444444365, 0.054944444444444365, 0.054944444444444365, 0.049404458598726046, 0.049404458598726046, 0.049404458598726046, 0.049404458598726046, 0.049404458598726046, 0.04439581437670607, 0.04439581437670607, 0.041935960591132894, 0.03423804226918795, 0.03423804226918795, 0.03423804226918795, 0.03423804226918795]}