{"tpot_based_throughput": 58.54384887148527, "tbt_based_throughput": 4.425073848296478, "deadline_based_throughput": 15.943026885562686}