{"Number of Requests": 256, "Number of Errored Requests": 0, "Number of Completed Requests": 256, "Error Rate": 0.0, "Deadline Miss Rate": 0.00022093233445138485, "Number of Prompt Tokens (Mean)": 2274.9375, "Number of Prompt Tokens (P50)": 1738.8895294420502, "Number of Prompt Tokens (P90)": 5458.898826850627, "Number of Prompt Tokens (P99)": 6884.325540607284, "Number of Output Tokens (Mean)": 388.90234375, "Number of Output Tokens (P50)": 369.0755886433958, "Number of Output Tokens (P90)": 743.2271393116478, "Number of Output Tokens (P99)": 963.9137217390451, "Number of Total Tokens (Mean)": 2663.83984375, "Number of Total Tokens (P50)": 2255.2183435738443, "Number of Total Tokens (P90)": 5937.25625870512, "Number of Total Tokens (P99)": 7310.028603533114, "Time per Output Token (Mean)": 0.006508207320122694, "Time per Output Token (P50)": 0.006441446310738462, "Time per Output Token (P90)": 0.0073064179950928475, "Time per Output Token (P99)": 0.007836193258244726, "Time to First Token (Mean)": 0.08905870572380081, "Time to First Token (P50)": 0.06822109882776521, "Time to First Token (P90)": 0.1615402231354701, "Time to First Token (P99)": 0.2120356163010872, "Time Between Tokens (Mean)": 0.006555299600963776, "Time Between Tokens (P50)": 0.006127293164994377, "Time Between Tokens (P90)": 0.006704326810989478, "Time Between Tokens (P99)": 0.024355398777161173, "End to End Latency (Mean)": 2.631925998199222, "End to End Latency (P50)": 2.4967747650335936, "End to End Latency (P90)": 5.170658488718315, "End to End Latency (P99)": 6.507791324173759, "Normalized End to End Latency (Mean)": 0.007068463274440654, "Normalized End to End Latency (P50)": 0.006771706438199156, "Normalized End to End Latency (P90)": 0.00799449491606656, "Normalized End to End Latency (P99)": 0.009862633668771789, "Output Throughput (Mean)": 144.88471148054322, "Output Throughput (P50)": 147.6731174226649, "Output Throughput (P90)": 164.18620832368592, "Output Throughput (P99)": 174.687946790294, "Deadline Miss Rate with 0.03s TBT Deadline, 0.3s TTFT Deadline, 0.0s TTFT Slack, Using Predictions for TTFT: False  (Mean)": 0.0007174538774131435, "Deadline Miss Rate with 0.03s TBT Deadline, 0.3s TTFT Deadline, 0.0s TTFT Slack, Using Predictions for TTFT: False  (P50)": 0, "Deadline Miss Rate with 0.03s TBT Deadline, 0.3s TTFT Deadline, 0.0s TTFT Slack, Using Predictions for TTFT: False  (P90)": 0, "Deadline Miss Rate with 0.03s TBT Deadline, 0.3s TTFT Deadline, 0.0s TTFT Slack, Using Predictions for TTFT: False  (P99)": 0, "Min Deadline to Meet Target Deadline Miss Rate of 10.0% (Mean)": 0.005453335569175147, "Min Deadline to Meet Target Deadline Miss Rate of 10.0% (P50)": 0.005863537356840318, "Min Deadline to Meet Target Deadline Miss Rate of 10.0% (P90)": 0.006717748886687155, "Min Deadline to Meet Target Deadline Miss Rate of 10.0% (P99)": 0.007005903321642825}