{"Target TBT (ms)": [1, 2, 3, 4, 5, 6, 7, 8, 9, 10, 11, 12, 13, 14, 15, 16, 17, 18, 19, 20, 21, 22, 23, 24, 25, 26, 27, 28, 29, 30, 31, 32, 33, 34, 35, 36, 37, 38, 39, 40, 41, 42, 43, 44, 45, 46, 47, 48, 49, 50, 51, 52, 53, 54, 55, 56, 57, 58, 59, 60, 61, 62, 63, 64, 65, 66, 67, 68, 69, 70, 71, 72, 73, 74, 75, 76, 77, 78, 79, 80, 81, 82, 83, 84, 85, 86, 87, 88, 89, 90, 91, 92, 93, 94, 95, 96, 97, 98, 99, 100], "Miss Rate P(99)": [0.9997352355475422, 0.9992786372237124, 0.9986468959327525, 0.9965038196993177, 0.9913900800370339, 0.9588981683591155, 0.16924698795180673, 0.1112321307011569, 0.05685685685685636, 0.03675601999091311, 0.021908863218155633, 0.018939574874611762, 0.01119015468674235, 0.010427568702409643, 0.010389746699631445, 0.008000818605432135, 0.007226291927291017, 0.006372633390705634, 0.005603448275862042, 0.005603448275862042, 0.005603448275862042, 0.004831606217616573, 0.004831606217616573, 0.0023316062176165215, 0.0023316062176165215, 0.001557093425605497, 0.001557093425605497, 0.001557093425605497, 0.001557093425605497, 0.001557093425605497, 0.001557093425605497, 0.001557093425605497, 0.0007798960138647983, 0.0007798960138647983, 0.0007798960138647983, 0.0007798960138647983, 0.0007798960138647983, 0.0007798960138647983, 0.0007798960138647983, 0.0007798960138647983, 0.0007798960138647983, 0.0007798960138647983, 0.0, 0.0, 0.0, 0.0, 0.0, 0.0, 0.0, 0.0, 0.0, 0.0, 0.0, 0.0, 0.0, 0.0, 0.0, 0.0, 0.0, 0.0, 0.0, 0.0, 0.0, 0.0, 0.0, 0.0, 0.0, 0.0, 0.0, 0.0, 0.0, 0.0, 0.0, 0.0, 0.0, 0.0, 0.0, 0.0, 0.0, 0.0, 0.0, 0.0, 0.0, 0.0, 0.0, 0.0, 0.0, 0.0, 0.0, 0.0, 0.0, 0.0, 0.0, 0.0, 0.0, 0.0, 0.0, 0.0, 0.0, 0.0]}