{"tpot_based_throughput": 153.65214271956353, "tbt_based_throughput": 40.96321025158522, "deadline_based_throughput": 119.07467848917538}