{"Number of Requests": 256, "Number of Errored Requests": 0, "Number of Completed Requests": 256, "Error Rate": 0.0, "Deadline Miss Rate": 8.860927739134288e-06, "Number of Prompt Tokens (Mean)": 2274.9375, "Number of Prompt Tokens (P50)": 1738.8895294420502, "Number of Prompt Tokens (P90)": 5458.898826850627, "Number of Prompt Tokens (P99)": 6884.325540607284, "Number of Output Tokens (Mean)": 440.8359375, "Number of Output Tokens (P50)": 410.3463280371647, "Number of Output Tokens (P90)": 853.2066234775198, "Number of Output Tokens (P99)": 1001.2473012529721, "Number of Total Tokens (Mean)": 2715.7734375, "Number of Total Tokens (P50)": 2268.790333412844, "Number of Total Tokens (P90)": 6008.932555367876, "Number of Total Tokens (P99)": 7413.08877623367, "Time per Output Token (Mean)": 0.010922865153594759, "Time per Output Token (P50)": 0.010943583184912693, "Time per Output Token (P90)": 0.0121430053013434, "Time per Output Token (P99)": 0.012971482974956107, "Time to First Token (Mean)": 0.10307132761408866, "Time to First Token (P50)": 0.08266149937489078, "Time to First Token (P90)": 0.20250290794146134, "Time to First Token (P99)": 0.24635025201411817, "Time Between Tokens (Mean)": 0.010970309079344164, "Time Between Tokens (P50)": 0.010306278307754034, "Time Between Tokens (P90)": 0.011142351294774148, "Time Between Tokens (P99)": 0.03590058784889573, "End to End Latency (Mean)": 4.928250358962032, "End to End Latency (P50)": 4.595143607599803, "End to End Latency (P90)": 9.402731639438105, "End to End Latency (P99)": 11.189773770435789, "Normalized End to End Latency (Mean)": 0.011457770122668024, "Normalized End to End Latency (P50)": 0.011231847643044041, "Normalized End to End Latency (P90)": 0.012765590709203124, "Normalized End to End Latency (P99)": 0.01574863028273627, "Output Throughput (Mean)": 88.65690488468167, "Output Throughput (P50)": 88.85457065633084, "Output Throughput (P90)": 100.18325267078266, "Output Throughput (P99)": 108.74449663147404, "Deadline Miss Rate with 0.03s TBT Deadline, 0.3s TTFT Deadline, 0.0s TTFT Slack, Using Predictions for TTFT: False  (Mean)": 5.909606656580938e-06, "Deadline Miss Rate with 0.03s TBT Deadline, 0.3s TTFT Deadline, 0.0s TTFT Slack, Using Predictions for TTFT: False  (P50)": 0, "Deadline Miss Rate with 0.03s TBT Deadline, 0.3s TTFT Deadline, 0.0s TTFT Slack, Using Predictions for TTFT: False  (P90)": 0, "Deadline Miss Rate with 0.03s TBT Deadline, 0.3s TTFT Deadline, 0.0s TTFT Slack, Using Predictions for TTFT: False  (P99)": 0, "Min Deadline to Meet Target Deadline Miss Rate of 10.0% (Mean)": 0.009635545702938212, "Min Deadline to Meet Target Deadline Miss Rate of 10.0% (P50)": 0.010409858161462445, "Min Deadline to Meet Target Deadline Miss Rate of 10.0% (P90)": 0.011276865023359462, "Min Deadline to Meet Target Deadline Miss Rate of 10.0% (P99)": 0.011550783751992826}