{"Target TBT (ms)": [1, 2, 3, 4, 5, 6, 7, 8, 9, 10, 11, 12, 13, 14, 15, 16, 17, 18, 19, 20, 21, 22, 23, 24, 25, 26, 27, 28, 29, 30, 31, 32, 33, 34, 35, 36, 37, 38, 39, 40, 41, 42, 43, 44, 45, 46, 47, 48, 49, 50, 51, 52, 53, 54, 55, 56, 57, 58, 59, 60, 61, 62, 63, 64, 65, 66, 67, 68, 69, 70, 71, 72, 73, 74, 75, 76, 77, 78, 79, 80, 81, 82, 83, 84, 85, 86, 87, 88, 89, 90, 91, 92, 93, 94, 95, 96, 97, 98, 99, 100], "Miss Rate P(99)": [0.9998924756267776, 0.9996513439766102, 0.9994666644000471, 0.9992221612364319, 0.998612846476973, 0.9975731116455785, 0.9951605236499649, 0.9924603147625684, 0.9857485409794469, 0.9657517932582291, 0.4674774774774775, 0.1459183673469387, 0.11516746411483228, 0.1008445945945941, 0.08767123287671184, 0.07290849673202571, 0.04571428571428528, 0.02348825587206374, 0.013483764446890457, 0.009545903484392573, 0.009545903484392573, 0.009545903484392573, 0.009545903484392573, 0.006753364880890682, 0.005214932126696816, 0.005214932126696816, 0.004537901675363911, 0.004537901675363911, 0.004537901675363911, 0.004537901675363911, 0.004537901675363911, 0.004537901675363911, 0.00370959977994772, 0.00370959977994772, 0.002512200988738999, 0.002512200988738999, 0.002512200988738999, 0.002512200988738999, 0.002512200988738999, 0.0017268113710314369, 0.0012577344121846687, 0.0012577344121846687, 0.0012577344121846687, 0.0012577344121846687, 0.0012577344121846687, 0.0012577344121846687, 0.0012577344121846687, 0.0012577344121846687, 0.0012577344121846687, 0.0012577344121846687, 0.0012577344121846687, 0.0012577344121846687, 0.0006818181818181646, 0.0, 0.0, 0.0, 0.0, 0.0, 0.0, 0.0, 0.0, 0.0, 0.0, 0.0, 0.0, 0.0, 0.0, 0.0, 0.0, 0.0, 0.0, 0.0, 0.0, 0.0, 0.0, 0.0, 0.0, 0.0, 0.0, 0.0, 0.0, 0.0, 0.0, 0.0, 0.0, 0.0, 0.0, 0.0, 0.0, 0.0, 0.0, 0.0, 0.0, 0.0, 0.0, 0.0, 0.0, 0.0, 0.0, 0.0]}