{"tpot_based_throughput": 91.55107070702013, "tbt_based_throughput": 27.87656005911232, "deadline_based_throughput": 68.65490320706857}