{"Number of Requests": 256, "Number of Errored Requests": 0, "Number of Completed Requests": 256, "Error Rate": 0.0, "Deadline Miss Rate": 0.3471304189269271, "Number of Prompt Tokens (Mean)": 6475.9375, "Number of Prompt Tokens (P50)": 7793.166095210145, "Number of Prompt Tokens (P90)": 8078.831292220465, "Number of Prompt Tokens (P99)": 8160.024923752189, "Number of Output Tokens (Mean)": 184.85546875, "Number of Output Tokens (P50)": 160.9351025012422, "Number of Output Tokens (P90)": 308.8949992819657, "Number of Output Tokens (P99)": 455.32048804743, "Number of Total Tokens (Mean)": 6660.79296875, "Number of Total Tokens (P50)": 8030.503416967201, "Number of Total Tokens (P90)": 8192.730401697612, "Number of Total Tokens (P99)": 8192.730401697612, "Time per Output Token (Mean)": 0.0411963646908453, "Time per Output Token (P50)": 0.039281501172607196, "Time per Output Token (P90)": 0.05585470789541409, "Time per Output Token (P99)": 0.06808479293600143, "Time to First Token (Mean)": 0.4792968315587416, "Time to First Token (P50)": 0.46162576082433393, "Time to First Token (P90)": 0.7520138068708034, "Time to First Token (P99)": 1.073580714485702, "Time Between Tokens (Mean)": 0.04085836189966254, "Time Between Tokens (P50)": 0.02670240326590385, "Time Between Tokens (P90)": 0.03096178247814911, "Time Between Tokens (P99)": 0.4086072724357371, "End to End Latency (Mean)": 7.991330110978339, "End to End Latency (P50)": 7.322854153566432, "End to End Latency (P90)": 13.749471316536576, "End to End Latency (P99)": 20.186226222748783, "Normalized End to End Latency (Mean)": 0.04459447148687893, "Normalized End to End Latency (P50)": 0.042129732362595984, "Normalized End to End Latency (P90)": 0.06026514093635693, "Normalized End to End Latency (P99)": 0.07784766684721442, "Output Throughput (Mean)": 23.758178231196712, "Output Throughput (P50)": 23.64142699592072, "Output Throughput (P90)": 30.416968843737266, "Output Throughput (P99)": 36.34296672605789, "Deadline Miss Rate with 0.03s TBT Deadline, 0.3s TTFT Deadline, 0.0s TTFT Slack, Using Predictions for TTFT: False  (Mean)": 0.32222486095278363, "Deadline Miss Rate with 0.03s TBT Deadline, 0.3s TTFT Deadline, 0.0s TTFT Slack, Using Predictions for TTFT: False  (P50)": 0.292584750298696, "Deadline Miss Rate with 0.03s TBT Deadline, 0.3s TTFT Deadline, 0.0s TTFT Slack, Using Predictions for TTFT: False  (P90)": 0.6369904279215228, "Deadline Miss Rate with 0.03s TBT Deadline, 0.3s TTFT Deadline, 0.0s TTFT Slack, Using Predictions for TTFT: False  (P99)": 0.8033212578501778, "Min Deadline to Meet Target Deadline Miss Rate of 10.0% (Mean)": 0.05615389043473299, "Min Deadline to Meet Target Deadline Miss Rate of 10.0% (P50)": 0.04137818118195694, "Min Deadline to Meet Target Deadline Miss Rate of 10.0% (P90)": 0.08936722229738649, "Min Deadline to Meet Target Deadline Miss Rate of 10.0% (P99)": 0.2306160692628779}