{"Target TBT (ms)": [1, 2, 3, 4, 5, 6, 7, 8, 9, 10, 11, 12, 13, 14, 15, 16, 17, 18, 19, 20, 21, 22, 23, 24, 25, 26, 27, 28, 29, 30, 31, 32, 33, 34, 35, 36, 37, 38, 39, 40, 41, 42, 43, 44, 45, 46, 47, 48, 49, 50, 51, 52, 53, 54, 55, 56, 57, 58, 59, 60, 61, 62, 63, 64, 65, 66, 67, 68, 69, 70, 71, 72, 73, 74, 75, 76, 77, 78, 79, 80, 81, 82, 83, 84, 85, 86, 87, 88, 89, 90, 91, 92, 93, 94, 95, 96, 97, 98, 99, 100], "Miss Rate P(99)": [0.9999495119845466, 0.9998864016630752, 0.9998279713578144, 0.9997685895848807, 0.9996819953771131, 0.9996133964666817, 0.9995064576936791, 0.9994058021917259, 0.9993158955214541, 0.9992020752486054, 0.9991078644969654, 0.9990080715744433, 0.9989495368434949, 0.9986909103074504, 0.9981489808153476, 0.9980710491367861, 0.9975358685637019, 0.9958707154359329, 0.99435213038565, 0.9938947368421053, 0.9933481985164253, 0.9929532442158111, 0.9927015558698727, 0.9921736040609137, 0.9918733595800525, 0.9916901166781057, 0.9908658008658009, 0.9839140534262485, 0.9632381234275565, 0.7997574264815643, 0.6303375777317144, 0.5840793717152413, 0.5718607305936071, 0.5570588626096199, 0.5418589441741222, 0.5307936711410624, 0.5250492818924246, 0.5143084541917227, 0.5031959706959707, 0.4897586515132167, 0.48026728171625316, 0.4701873586734145, 0.45996245828698545, 0.44364035087719295, 0.43529828586853825, 0.4302726746709098, 0.41479126024190394, 0.40950863007308347, 0.40560898699251086, 0.40560898699251086, 0.38955342902711315, 0.3879949874686716, 0.3835875921688278, 0.3752743902439024, 0.3662561576354679, 0.35016824900853233, 0.34798648268093474, 0.3450839101166207, 0.3413379073756432, 0.3380342703118983, 0.32641509433962246, 0.3152572592969942, 0.30162957074721763, 0.2995198079231691, 0.2995198079231691, 0.2874482758620688, 0.2852499999999999, 0.2756876456876455, 0.2734272300469482, 0.27149740548554463, 0.26559551483659205, 0.25861912411818105, 0.25661344095455324, 0.25422057264050885, 0.24730392156862738, 0.24319306930693055, 0.2406930693069306, 0.23392611411029957, 0.23255795490631945, 0.2275601503759398, 0.22525375939849623, 0.21830808080808078, 0.21528452463566963, 0.21195804195804185, 0.20836342229199373, 0.204985366239519, 0.20316040548598682, 0.19889683959451387, 0.19705306481259482, 0.19358891752577304, 0.18780789159027492, 0.18780789159027492, 0.18780789159027492, 0.18386226339105918, 0.17699198298429306, 0.17699198298429306, 0.17699198298429306, 0.17310267857142853, 0.17310267857142853, 0.17310267857142853]}