{"tpot_based_throughput": 24.273986491391106, "tbt_based_throughput": 2.4478287948332325, "deadline_based_throughput": 6.325869960484927}