{"Target TBT (ms)": [1, 2, 3, 4, 5, 6, 7, 8, 9, 10, 11, 12, 13, 14, 15, 16, 17, 18, 19, 20, 21, 22, 23, 24, 25, 26, 27, 28, 29, 30, 31, 32, 33, 34, 35, 36, 37, 38, 39, 40, 41, 42, 43, 44, 45, 46, 47, 48, 49, 50, 51, 52, 53, 54, 55, 56, 57, 58, 59, 60, 61, 62, 63, 64, 65, 66, 67, 68, 69, 70, 71, 72, 73, 74, 75, 76, 77, 78, 79, 80, 81, 82, 83, 84, 85, 86, 87, 88, 89, 90, 91, 92, 93, 94, 95, 96, 97, 98, 99, 100], "Miss Rate P(99)": [0.9998945557865557, 0.9996391938830221, 0.9993112605932801, 0.9990622014970736, 0.9987678363424578, 0.9985450713871766, 0.9983091498805053, 0.9978635452052552, 0.9974618561431685, 0.9971268990169795, 0.9969466800804829, 0.9954616413916146, 0.9952965257321088, 0.9938839285714286, 0.9918129566922117, 0.984001015486164, 0.9716033727479331, 0.8734115646258502, 0.6857851419005843, 0.6654251012145748, 0.652581818181818, 0.6348073122529643, 0.6201544518473652, 0.6012640052725731, 0.5804466230936818, 0.568465909090909, 0.5511160714285712, 0.5408333333333332, 0.5261598604290513, 0.509782608695652, 0.49205346891914037, 0.48039713347267815, 0.4659363434492966, 0.4535238095238093, 0.44247252526873077, 0.4299528301886791, 0.4232583617967389, 0.4123797620907447, 0.40264705882352936, 0.3963022773350936, 0.385880487804878, 0.3738256549232158, 0.36499768017321355, 0.35466784229088777, 0.34764112903225775, 0.33923223297757893, 0.33205128205128176, 0.32466133004926073, 0.3220807453416146, 0.314473684210526, 0.3118013507219374, 0.305333333333333, 0.301198198198198, 0.2945426195426193, 0.2910810810810809, 0.28279502324996836, 0.27985159817351585, 0.27835935011150037, 0.27130711318795414, 0.2692043094496364, 0.26457016850974197, 0.2589835184268231, 0.25570456230204186, 0.25410008125677136, 0.2449791955617198, 0.2449791955617198, 0.2407285327924273, 0.2386699507389162, 0.23218739467475563, 0.22978642257818455, 0.22415176332943335, 0.22415176332943335, 0.22158259676927763, 0.2117995613414461, 0.2117995613414461, 0.20473684210526305, 0.20402985074626856, 0.20402985074626856, 0.2009574468085106, 0.2009574468085106, 0.2009574468085106, 0.1988235294117647, 0.19176136363636354, 0.19022177419354833, 0.19022177419354833, 0.18767750801649105, 0.18767750801649105, 0.18307692307692305, 0.18307692307692305, 0.17797852689909946, 0.17797852689909946, 0.17797852689909946, 0.17797852689909946, 0.16947802197802186, 0.16770089285714276, 0.16770089285714276, 0.16742896606156266, 0.1620503597122301, 0.1620503597122301, 0.1620503597122301]}