{"Target TBT (ms)": [1, 2, 3, 4, 5, 6, 7, 8, 9, 10, 11, 12, 13, 14, 15, 16, 17, 18, 19, 20, 21, 22, 23, 24, 25, 26, 27, 28, 29, 30, 31, 32, 33, 34, 35, 36, 37, 38, 39, 40, 41, 42, 43, 44, 45, 46, 47, 48, 49, 50, 51, 52, 53, 54, 55, 56, 57, 58, 59, 60, 61, 62, 63, 64, 65, 66, 67, 68, 69, 70, 71, 72, 73, 74, 75, 76, 77, 78, 79, 80, 81, 82, 83, 84, 85, 86, 87, 88, 89, 90, 91, 92, 93, 94, 95, 96, 97, 98, 99, 100], "Miss Rate P(99)": [0.9998974479341372, 0.9996645162881642, 0.9991669237675623, 0.998778096533775, 0.9982965612341635, 0.9979084953046516, 0.9974832838604683, 0.9961170356169308, 0.9947583408723305, 0.9943846153846154, 0.9941165689149559, 0.9939343151262043, 0.9936997797750134, 0.9930912961210975, 0.9883897009810193, 0.9871142739273927, 0.9803461538461538, 0.919923172757475, 0.6863740856844304, 0.6635563380281689, 0.6427228623408126, 0.631576402321083, 0.6136819436032033, 0.5966681184668988, 0.5815635255508671, 0.5689614121510671, 0.5506210219236208, 0.5391449052739374, 0.526316823899371, 0.5116948533249815, 0.4932622601279316, 0.48029769526248367, 0.46486619495979326, 0.455346130126426, 0.44315225939144626, 0.4318036711891459, 0.42655367231638414, 0.4157447754557581, 0.40515391522574995, 0.3980739308784006, 0.3887705276455154, 0.37013104838709643, 0.36566191133609416, 0.3576904930408112, 0.3506987016463656, 0.34045284780578866, 0.33205128205128176, 0.3259350091968114, 0.3220807453416146, 0.3157923465869912, 0.314473684210526, 0.30668731563421797, 0.30258893871449905, 0.29391891891891864, 0.29391891891891864, 0.28964272491669735, 0.28279502324996836, 0.27925636007827775, 0.27072028423772593, 0.27072028423772593, 0.2661294549266247, 0.2588678993391628, 0.2572937625754526, 0.25410008125677136, 0.24661490683229803, 0.2449791955617198, 0.2449791955617198, 0.24139355742296917, 0.23394017277075743, 0.23218739467475563, 0.22842367111809372, 0.22419117647058823, 0.22158259676927763, 0.2172817211055276, 0.2132635253054101, 0.20920384718140528, 0.20698174006444675, 0.20627474870545226, 0.2009574468085106, 0.2009574468085106, 0.19716434336023467, 0.19288358700123395, 0.19248251748251738, 0.19176136363636354, 0.19022177419354833, 0.18767750801649105, 0.18767750801649105, 0.18767750801649105, 0.18469063545150502, 0.17990790899241593, 0.17797852689909946, 0.17797852689909946, 0.1727379003974748, 0.1727379003974748, 0.17096077127659573, 0.16770089285714276, 0.16770089285714276, 0.1620503597122301, 0.1620503597122301, 0.1620503597122301]}