{"tpot_based_throughput": 41.585200801204685, "tbt_based_throughput": 2.506880299988276, "deadline_based_throughput": 6.104708014679998}