{"tpot_based_throughput": 41.525662248532946, "tbt_based_throughput": 2.513116838124382, "deadline_based_throughput": 6.125965880481219}