{"Target TBT (ms)": [1, 2, 3, 4, 5, 6, 7, 8, 9, 10, 11, 12, 13, 14, 15, 16, 17, 18, 19, 20, 21, 22, 23, 24, 25, 26, 27, 28, 29, 30, 31, 32, 33, 34, 35, 36, 37, 38, 39, 40, 41, 42, 43, 44, 45, 46, 47, 48, 49, 50, 51, 52, 53, 54, 55, 56, 57, 58, 59, 60, 61, 62, 63, 64, 65, 66, 67, 68, 69, 70, 71, 72, 73, 74, 75, 76, 77, 78, 79, 80, 81, 82, 83, 84, 85, 86, 87, 88, 89, 90, 91, 92, 93, 94, 95, 96, 97, 98, 99, 100], "Miss Rate P(99)": [0.9999537223550594, 0.9998988698071362, 0.9998472739981925, 0.9997904763131891, 0.9997234807512922, 0.9996460027281597, 0.999548430238594, 0.9994725572564034, 0.9994324301304746, 0.9992761280694884, 0.9992384080068809, 0.9990324984981175, 0.998998579034463, 0.9987084910565551, 0.9983537384521946, 0.9982766441900213, 0.9973782797093043, 0.9971205978807205, 0.9970415386088789, 0.9969619020495907, 0.9968388739143457, 0.9967834987593053, 0.9966864035087719, 0.9966077153790465, 0.9965544416003034, 0.9952102937472811, 0.9951167273506104, 0.9910111483589303, 0.9716536687310446, 0.8564102564102564, 0.7271935675114866, 0.6512422360248445, 0.6372523153873635, 0.6247342279539908, 0.610586759899673, 0.6008039510277147, 0.5911628101945002, 0.5803591628959275, 0.5694415232191287, 0.5587144215284918, 0.5498263678578639, 0.5384083191850594, 0.5280693190139126, 0.5191046425939572, 0.5085164835164834, 0.49745513825630305, 0.4861952992113808, 0.4782894736842105, 0.4688510170423308, 0.4536755061305958, 0.44557515777395285, 0.43452195880295374, 0.43452195880295374, 0.42651637144390747, 0.42492669753086404, 0.4180555555555555, 0.41028481012658213, 0.41028481012658213, 0.40009216589861724, 0.39837662337662316, 0.39529130087789294, 0.38760537707906123, 0.3779605263157894, 0.3763081395348837, 0.369775147928994, 0.3552106814634992, 0.3552106814634992, 0.3529491318384084, 0.34598825831702523, 0.3395833333333332, 0.33717105263157876, 0.33717105263157876, 0.3288301886792451, 0.3213470757430487, 0.3213470757430487, 0.31442420681551103, 0.3084062003179649, 0.3058023209283712, 0.29864800759013266, 0.2982809330628801, 0.2982809330628801, 0.29556781045751607, 0.28884615384615364, 0.28884615384615364, 0.28060179257362344, 0.27621212121212096, 0.2739588623666833, 0.2710174717368959, 0.2710174717368959, 0.26840193704600446, 0.2570312499999998, 0.2570312499999998, 0.2560276003649633, 0.2529871323529409, 0.24990162037037006, 0.24987807080924823, 0.24743822674418567, 0.24743822674418567, 0.23293111811787515, 0.23293111811787515]}