{"tpot_based_throughput": 21.876606951820683, "tbt_based_throughput": 2.1770289991544414, "deadline_based_throughput": 5.303658407218753}