{"Number of Requests": 256, "Number of Errored Requests": 0, "Number of Completed Requests": 256, "Error Rate": 0.0, "Deadline Miss Rate": 8.860927739134288e-06, "Number of Prompt Tokens (Mean)": 2274.9375, "Number of Prompt Tokens (P50)": 1738.8895294420502, "Number of Prompt Tokens (P90)": 5458.898826850627, "Number of Prompt Tokens (P99)": 6884.325540607284, "Number of Output Tokens (Mean)": 440.8359375, "Number of Output Tokens (P50)": 410.3463280371647, "Number of Output Tokens (P90)": 853.2066234775198, "Number of Output Tokens (P99)": 1001.2473012529721, "Number of Total Tokens (Mean)": 2715.7734375, "Number of Total Tokens (P50)": 2268.790333412844, "Number of Total Tokens (P90)": 6008.932555367876, "Number of Total Tokens (P99)": 7413.08877623367, "Time per Output Token (Mean)": 0.010772374998978417, "Time per Output Token (P50)": 0.010813044939111494, "Time per Output Token (P90)": 0.011974187651746066, "Time per Output Token (P99)": 0.012842414520027386, "Time to First Token (Mean)": 0.10172468157543335, "Time to First Token (P50)": 0.08216701514994046, "Time to First Token (P90)": 0.20372157814994943, "Time to First Token (P99)": 0.24684344571184408, "Time Between Tokens (Mean)": 0.010840088924343051, "Time Between Tokens (P50)": 0.010162995682338517, "Time Between Tokens (P90)": 0.011031483010194344, "Time Between Tokens (P99)": 0.033674930169957415, "End to End Latency (Mean)": 4.869627700294586, "End to End Latency (P50)": 4.604343094301705, "End to End Latency (P90)": 9.290573119398362, "End to End Latency (P99)": 11.078433624182619, "Normalized End to End Latency (Mean)": 0.011303303002725801, "Normalized End to End Latency (P50)": 0.011097870894875253, "Normalized End to End Latency (P90)": 0.012562966506568189, "Normalized End to End Latency (P99)": 0.015405943676541549, "Output Throughput (Mean)": 89.86270256322493, "Output Throughput (P50)": 89.92724906007459, "Output Throughput (P90)": 102.20708930435251, "Output Throughput (P99)": 110.27762696664914, "Deadline Miss Rate with 0.03s TBT Deadline, 0.3s TTFT Deadline, 0.0s TTFT Slack, Using Predictions for TTFT: False  (Mean)": 5.909606656580938e-06, "Deadline Miss Rate with 0.03s TBT Deadline, 0.3s TTFT Deadline, 0.0s TTFT Slack, Using Predictions for TTFT: False  (P50)": 0, "Deadline Miss Rate with 0.03s TBT Deadline, 0.3s TTFT Deadline, 0.0s TTFT Slack, Using Predictions for TTFT: False  (P90)": 0, "Deadline Miss Rate with 0.03s TBT Deadline, 0.3s TTFT Deadline, 0.0s TTFT Slack, Using Predictions for TTFT: False  (P99)": 0, "Min Deadline to Meet Target Deadline Miss Rate of 10.0% (Mean)": 0.00949343715578619, "Min Deadline to Meet Target Deadline Miss Rate of 10.0% (P50)": 0.010122424881781077, "Min Deadline to Meet Target Deadline Miss Rate of 10.0% (P90)": 0.010987445197816132, "Min Deadline to Meet Target Deadline Miss Rate of 10.0% (P99)": 0.011550783751992826}