{"Target TBT (ms)": [1, 2, 3, 4, 5, 6, 7, 8, 9, 10, 11, 12, 13, 14, 15, 16, 17, 18, 19, 20, 21, 22, 23, 24, 25, 26, 27, 28, 29, 30, 31, 32, 33, 34, 35, 36, 37, 38, 39, 40, 41, 42, 43, 44, 45, 46, 47, 48, 49, 50, 51, 52, 53, 54, 55, 56, 57, 58, 59, 60, 61, 62, 63, 64, 65, 66, 67, 68, 69, 70, 71, 72, 73, 74, 75, 76, 77, 78, 79, 80, 81, 82, 83, 84, 85, 86, 87, 88, 89, 90, 91, 92, 93, 94, 95, 96, 97, 98, 99, 100], "Miss Rate P(99)": [0.99988951967764, 0.9997194190837527, 0.9994478109501757, 0.9990161321649045, 0.9987791674581026, 0.9962826163428311, 0.9945505790462623, 0.991310975609756, 0.9842791977827392, 0.957194242577883, 0.3108746730504942, 0.13479853479853462, 0.09196301564722589, 0.06676171584428436, 0.052712465071900444, 0.033746227364184936, 0.025188981422165208, 0.01607912260086169, 0.010673578097256388, 0.010673578097256388, 0.009545903484392573, 0.009545903484392573, 0.009545903484392573, 0.007390648567119121, 0.006753364880890682, 0.005214932126696816, 0.005214932126696816, 0.004537901675363911, 0.004537901675363911, 0.004537901675363911, 0.004537901675363911, 0.004537901675363911, 0.00370959977994772, 0.00370959977994772, 0.00370959977994772, 0.00370959977994772, 0.00370959977994772, 0.002512200988738999, 0.002512200988738999, 0.001937489604042718, 0.0012577344121846687, 0.0012577344121846687, 0.0012577344121846687, 0.0012577344121846687, 0.0012577344121846687, 0.0012577344121846687, 0.0012577344121846687, 0.0012577344121846687, 0.0012577344121846687, 0.0012577344121846687, 0.0012577344121846687, 0.0012577344121846687, 0.0012577344121846687, 0.0006818181818181646, 0.0, 0.0, 0.0, 0.0, 0.0, 0.0, 0.0, 0.0, 0.0, 0.0, 0.0, 0.0, 0.0, 0.0, 0.0, 0.0, 0.0, 0.0, 0.0, 0.0, 0.0, 0.0, 0.0, 0.0, 0.0, 0.0, 0.0, 0.0, 0.0, 0.0, 0.0, 0.0, 0.0, 0.0, 0.0, 0.0, 0.0, 0.0, 0.0, 0.0, 0.0, 0.0, 0.0, 0.0, 0.0, 0.0]}