{"tpot_based_throughput": 92.83003980968296, "tbt_based_throughput": 29.674351258745677, "deadline_based_throughput": 77.24653413680943}