{"Number of Requests": 256, "Number of Errored Requests": 0, "Number of Completed Requests": 256, "Error Rate": 0.0, "Deadline Miss Rate": 0.7187314689627363, "Number of Prompt Tokens (Mean)": 6475.9375, "Number of Prompt Tokens (P50)": 7793.166095210145, "Number of Prompt Tokens (P90)": 8078.831292220465, "Number of Prompt Tokens (P99)": 8160.024923752189, "Number of Output Tokens (Mean)": 184.85546875, "Number of Output Tokens (P50)": 160.9351025012422, "Number of Output Tokens (P90)": 308.8949992819657, "Number of Output Tokens (P99)": 455.32048804743, "Number of Total Tokens (Mean)": 6660.79296875, "Number of Total Tokens (P50)": 8030.503416967201, "Number of Total Tokens (P90)": 8192.730401697612, "Number of Total Tokens (P99)": 8192.730401697612, "Time per Output Token (Mean)": 0.05464564691599462, "Time per Output Token (P50)": 0.05104735785841233, "Time per Output Token (P90)": 0.07784766684721442, "Time per Output Token (P99)": 0.11091388018377211, "Time to First Token (Mean)": 0.6647189619104665, "Time to First Token (P50)": 0.5763727549016947, "Time to First Token (P90)": 1.0565401057749682, "Time to First Token (P99)": 1.8422722047759539, "Time Between Tokens (Mean)": 0.05360780681033235, "Time Between Tokens (P50)": 0.03028806114691645, "Time Between Tokens (P90)": 0.03655264959769098, "Time Between Tokens (P99)": 0.5204816127566471, "End to End Latency (Mean)": 10.520807411683563, "End to End Latency (P50)": 9.650408592699073, "End to End Latency (P90)": 18.522764201112988, "End to End Latency (P99)": 25.713099811602593, "Normalized End to End Latency (Mean)": 0.05929714107395077, "Normalized End to End Latency (P50)": 0.0550781900341556, "Normalized End to End Latency (P90)": 0.08299280765764759, "Normalized End to End Latency (P99)": 0.11730226496624101, "Output Throughput (Mean)": 18.33323425071973, "Output Throughput (P50)": 18.047378961282448, "Output Throughput (P90)": 24.903306147561054, "Output Throughput (P99)": 30.235013382273646, "Deadline Miss Rate with 0.03s TBT Deadline, 0.3s TTFT Deadline, 0.0s TTFT Slack, Using Predictions for TTFT: False  (Mean)": 0.6767677320791641, "Deadline Miss Rate with 0.03s TBT Deadline, 0.3s TTFT Deadline, 0.0s TTFT Slack, Using Predictions for TTFT: False  (P50)": 0.7460216948245583, "Deadline Miss Rate with 0.03s TBT Deadline, 0.3s TTFT Deadline, 0.0s TTFT Slack, Using Predictions for TTFT: False  (P90)": 0.9772619876495665, "Deadline Miss Rate with 0.03s TBT Deadline, 0.3s TTFT Deadline, 0.0s TTFT Slack, Using Predictions for TTFT: False  (P99)": 0.9930239441038321, "Min Deadline to Meet Target Deadline Miss Rate of 10.0% (Mean)": 0.08565695709112248, "Min Deadline to Meet Target Deadline Miss Rate of 10.0% (P50)": 0.05871844098561578, "Min Deadline to Meet Target Deadline Miss Rate of 10.0% (P90)": 0.1473416648620447, "Min Deadline to Meet Target Deadline Miss Rate of 10.0% (P99)": 0.3660443291567078}