{"Target TBT (ms)": [1, 2, 3, 4, 5, 6, 7, 8, 9, 10, 11, 12, 13, 14, 15, 16, 17, 18, 19, 20, 21, 22, 23, 24, 25, 26, 27, 28, 29, 30, 31, 32, 33, 34, 35, 36, 37, 38, 39, 40, 41, 42, 43, 44, 45, 46, 47, 48, 49, 50, 51, 52, 53, 54, 55, 56, 57, 58, 59, 60, 61, 62, 63, 64, 65, 66, 67, 68, 69, 70, 71, 72, 73, 74, 75, 76, 77, 78, 79, 80, 81, 82, 83, 84, 85, 86, 87, 88, 89, 90, 91, 92, 93, 94, 95, 96, 97, 98, 99, 100], "Miss Rate P(99)": [0.9999611022643694, 0.9999215579501942, 0.9998813716369539, 0.9998401976597824, 0.9997988992447039, 0.9997094623501217, 0.9996416629778656, 0.9995780953594383, 0.9995157490405918, 0.9994582375231704, 0.9992824940875049, 0.99912673307946, 0.9990786034951351, 0.9990366787696858, 0.9989419479422296, 0.99879508398316, 0.9985671140734025, 0.9984832234103861, 0.9983539978390059, 0.9978880588217316, 0.9975501967450874, 0.9974653189131348, 0.9973996235568842, 0.9973415685833872, 0.9972711580631779, 0.9958099873931924, 0.9957305761676124, 0.9954384107609915, 0.9943218774720929, 0.9934118654958235, 0.9897642679900744, 0.9593095949986405, 0.8852930173397425, 0.8013557839492674, 0.7889290839512079, 0.7800565163037815, 0.7290684046878737, 0.6991131191432395, 0.6743940734188411, 0.6669572137093789, 0.6566396174467468, 0.6456306177771436, 0.6387367584745761, 0.6303464456869009, 0.6240176400422076, 0.6102121212121211, 0.6046323529411763, 0.594417488357572, 0.5861886194711831, 0.58002942694169, 0.5724330708661416, 0.559929642602617, 0.5529925362624981, 0.5484766996488987, 0.5401687763713078, 0.530656896551724, 0.525672416828023, 0.5142981454288353, 0.5049304534660182, 0.49723112795103447, 0.4915541077387572, 0.48373574782025464, 0.475460269304297, 0.46837848944726546, 0.4597327100563344, 0.4543371171557077, 0.44688836477987404, 0.44370746135741984, 0.4379614584687377, 0.42903890921183896, 0.42433035714285705, 0.4198292448292448, 0.41466265397536395, 0.4094993947162287, 0.40239890710382503, 0.39879047127369266, 0.3914030650762493, 0.3876633799587249, 0.3788527397260273, 0.3729885057471263, 0.3689454691259019, 0.3649488304093565, 0.3566641691641689, 0.35450776768142006, 0.34812206572769916, 0.34181184668989517, 0.3372574955908285, 0.33399541236575914, 0.3328566960096515, 0.32658752860411855, 0.3263746803069049, 0.3219292309179674, 0.31937956204379514, 0.3172058823529407, 0.3172058823529407, 0.3108457711442783, 0.3108457711442783, 0.30858208955223854, 0.30858208955223854, 0.3004385964912278]}