{"tpot_based_throughput": 18.299719308607955, "tbt_based_throughput": 1.921321449790473, "deadline_based_throughput": 4.059821951262528}