{"Number of Requests": 256, "Number of Errored Requests": 0, "Number of Completed Requests": 256, "Error Rate": 0.0, "Deadline Miss Rate": 0.70821388211503, "Number of Prompt Tokens (Mean)": 6475.9375, "Number of Prompt Tokens (P50)": 7793.166095210145, "Number of Prompt Tokens (P90)": 8078.831292220465, "Number of Prompt Tokens (P99)": 8160.024923752189, "Number of Output Tokens (Mean)": 184.85546875, "Number of Output Tokens (P50)": 160.9351025012422, "Number of Output Tokens (P90)": 308.8949992819657, "Number of Output Tokens (P99)": 455.32048804743, "Number of Total Tokens (Mean)": 6660.79296875, "Number of Total Tokens (P50)": 8030.503416967201, "Number of Total Tokens (P90)": 8192.730401697612, "Number of Total Tokens (P99)": 8192.730401697612, "Time per Output Token (Mean)": 0.05444655902439421, "Time per Output Token (P50)": 0.05084357619408898, "Time per Output Token (P90)": 0.07691907721635559, "Time per Output Token (P99)": 0.1106922740295588, "Time to First Token (Mean)": 0.6554735446055702, "Time to First Token (P50)": 0.5740718679568646, "Time to First Token (P90)": 1.0460273525850758, "Time to First Token (P99)": 1.8312516625620425, "Time Between Tokens (Mean)": 0.0534295155941569, "Time Between Tokens (P50)": 0.030167150843845223, "Time Between Tokens (P90)": 0.036846243702924095, "Time Between Tokens (P99)": 0.5194416894544359, "End to End Latency (Mean)": 10.478782179254722, "End to End Latency (P50)": 9.650408592699073, "End to End Latency (P90)": 18.301819277924036, "End to End Latency (P99)": 25.713099811602593, "Normalized End to End Latency (Mean)": 0.059031065065232015, "Normalized End to End Latency (P50)": 0.0547487102120296, "Normalized End to End Latency (P90)": 0.0828269878621278, "Normalized End to End Latency (P99)": 0.11706789480646827, "Output Throughput (Mean)": 18.413400412096767, "Output Throughput (P50)": 18.15598877486481, "Output Throughput (P90)": 25.003118897839112, "Output Throughput (P99)": 30.174603765126243, "Deadline Miss Rate with 0.03s TBT Deadline, 0.3s TTFT Deadline, 0.0s TTFT Slack, Using Predictions for TTFT: False  (Mean)": 0.6659374882870442, "Deadline Miss Rate with 0.03s TBT Deadline, 0.3s TTFT Deadline, 0.0s TTFT Slack, Using Predictions for TTFT: False  (P50)": 0.7225269141045048, "Deadline Miss Rate with 0.03s TBT Deadline, 0.3s TTFT Deadline, 0.0s TTFT Slack, Using Predictions for TTFT: False  (P90)": 0.9694750783202029, "Deadline Miss Rate with 0.03s TBT Deadline, 0.3s TTFT Deadline, 0.0s TTFT Slack, Using Predictions for TTFT: False  (P99)": 0.9890597806185508, "Min Deadline to Meet Target Deadline Miss Rate of 10.0% (Mean)": 0.08513848293862251, "Min Deadline to Meet Target Deadline Miss Rate of 10.0% (P50)": 0.05813418254203852, "Min Deadline to Meet Target Deadline Miss Rate of 10.0% (P90)": 0.1473416648620447, "Min Deadline to Meet Target Deadline Miss Rate of 10.0% (P99)": 0.3645830758080317}