{"Target TBT (ms)": [1, 2, 3, 4, 5, 6, 7, 8, 9, 10, 11, 12, 13, 14, 15, 16, 17, 18, 19, 20, 21, 22, 23, 24, 25, 26, 27, 28, 29, 30, 31, 32, 33, 34, 35, 36, 37, 38, 39, 40, 41, 42, 43, 44, 45, 46, 47, 48, 49, 50, 51, 52, 53, 54, 55, 56, 57, 58, 59, 60, 61, 62, 63, 64, 65, 66, 67, 68, 69, 70, 71, 72, 73, 74, 75, 76, 77, 78, 79, 80, 81, 82, 83, 84, 85, 86, 87, 88, 89, 90, 91, 92, 93, 94, 95, 96, 97, 98, 99, 100], "Miss Rate P(99)": [0.9999610077963674, 0.9999213294463537, 0.9998749865364592, 0.9998320804829355, 0.9997890005804247, 0.9997238230225618, 0.9996389421994949, 0.999560234046995, 0.9995077277698619, 0.9994399712786606, 0.9993148756980724, 0.9991300928902321, 0.9989593294189423, 0.9987648594765328, 0.9983090954679371, 0.9976810823585017, 0.9975735259544857, 0.9974726893569802, 0.9973631035871512, 0.9966857215028609, 0.996420847750865, 0.995682175309148, 0.9955483381693484, 0.9954527623406342, 0.9953226041098382, 0.9949005550416281, 0.994533268412894, 0.9925454478273722, 0.9904714392616613, 0.9894255729437069, 0.9828392219507611, 0.942897381954184, 0.8742746698163854, 0.8052118466727394, 0.7910035019925129, 0.7749295774647884, 0.7337293189688341, 0.7018239625167334, 0.676923076923077, 0.6659447004608293, 0.6539225305129311, 0.6473177343415608, 0.6409966216216215, 0.6315688845789345, 0.6221526908635794, 0.6101170568561872, 0.6032369405326705, 0.5961092176808802, 0.5861886194711831, 0.5764824078237409, 0.5700599582898852, 0.559929642602617, 0.5529925362624981, 0.5466722972972972, 0.5382974109168556, 0.5287070359359515, 0.5194802428373627, 0.5122284794851164, 0.5027795733678084, 0.495012938132204, 0.4915541077387572, 0.48235730170496643, 0.47309523809523796, 0.4672501769702688, 0.4585712134899125, 0.4543371171557077, 0.44688836477987404, 0.4424626006904486, 0.4366780989710925, 0.42903890921183896, 0.4231918505942274, 0.418126554296767, 0.4129837461300309, 0.40596386409444274, 0.40239890710382503, 0.3969539100448662, 0.3914030650762493, 0.3857431108036433, 0.3779360730593606, 0.3779360730593606, 0.3713653308480893, 0.3694256756756756, 0.3694256756756756, 0.3674588924588924, 0.36067914335327017, 0.3537381796690306, 0.3516865079365078, 0.346629778672032, 0.34454858648292613, 0.34243723208818116, 0.33723602484472026, 0.33509384775808115, 0.33509384775808115, 0.3329201680672268, 0.3329201680672268, 0.3271164021164021, 0.3271164021164021, 0.3197653039152065, 0.3197653039152065, 0.3197653039152065]}