{"tpot_based_throughput": 18.366633592987224, "tbt_based_throughput": 1.923840430264532, "deadline_based_throughput": 3.9424555747334074}