{"Number of Requests": 256, "Number of Errored Requests": 0, "Number of Completed Requests": 256, "Error Rate": 0.0, "Deadline Miss Rate": 0.11921989824759752, "Number of Prompt Tokens (Mean)": 6475.9375, "Number of Prompt Tokens (P50)": 7793.166095210145, "Number of Prompt Tokens (P90)": 8078.831292220465, "Number of Prompt Tokens (P99)": 8160.024923752189, "Number of Output Tokens (Mean)": 184.85546875, "Number of Output Tokens (P50)": 160.9351025012422, "Number of Output Tokens (P90)": 308.8949992819657, "Number of Output Tokens (P99)": 455.32048804743, "Number of Total Tokens (Mean)": 6660.79296875, "Number of Total Tokens (P50)": 8030.503416967201, "Number of Total Tokens (P90)": 8192.730401697612, "Number of Total Tokens (P99)": 8192.730401697612, "Time per Output Token (Mean)": 0.022643779270001357, "Time per Output Token (P50)": 0.01998043359922357, "Time per Output Token (P90)": 0.03597246089764227, "Time per Output Token (P99)": 0.05166361651498372, "Time to First Token (Mean)": 0.4542774462233865, "Time to First Token (P50)": 0.4408719656554126, "Time to First Token (P90)": 0.726875108577369, "Time to First Token (P99)": 1.0714356980731432, "Time Between Tokens (Mean)": 0.02221434714327263, "Time Between Tokens (P50)": 0.01385648497995479, "Time Between Tokens (P90)": 0.017544726691017927, "Time Between Tokens (P99)": 0.40454156079522985, "End to End Latency (Mean)": 4.538506653224999, "End to End Latency (P50)": 3.99482575168175, "End to End Latency (P90)": 7.9327534145685865, "End to End Latency (P99)": 11.27965102021249, "Normalized End to End Latency (Mean)": 0.02600089763657104, "Normalized End to End Latency (P50)": 0.023028982284148392, "Normalized End to End Latency (P90)": 0.03827334463327591, "Normalized End to End Latency (P99)": 0.05871844098561578, "Output Throughput (Mean)": 43.4944328698322, "Output Throughput (P50)": 43.336739230849844, "Output Throughput (P90)": 59.7997131227849, "Output Throughput (P99)": 74.21757156391418, "Deadline Miss Rate with 0.03s TBT Deadline, 0.3s TTFT Deadline, 0.0s TTFT Slack, Using Predictions for TTFT: False  (Mean)": 0.12061484573158247, "Deadline Miss Rate with 0.03s TBT Deadline, 0.3s TTFT Deadline, 0.0s TTFT Slack, Using Predictions for TTFT: False  (P50)": 0.07243965742959788, "Deadline Miss Rate with 0.03s TBT Deadline, 0.3s TTFT Deadline, 0.0s TTFT Slack, Using Predictions for TTFT: False  (P90)": 0.30697133912037383, "Deadline Miss Rate with 0.03s TBT Deadline, 0.3s TTFT Deadline, 0.0s TTFT Slack, Using Predictions for TTFT: False  (P99)": 0.5236138909149227, "Min Deadline to Meet Target Deadline Miss Rate of 10.0% (Mean)": 0.03993131159890997, "Min Deadline to Meet Target Deadline Miss Rate of 10.0% (P50)": 0.025758213814027427, "Min Deadline to Meet Target Deadline Miss Rate of 10.0% (P90)": 0.07630617925495768, "Min Deadline to Meet Target Deadline Miss Rate of 10.0% (P99)": 0.20950639374832422}