{"Number of Requests": 256, "Number of Errored Requests": 0, "Number of Completed Requests": 256, "Error Rate": 0.0, "Deadline Miss Rate": 0.13087554174959543, "Number of Prompt Tokens (Mean)": 6475.9375, "Number of Prompt Tokens (P50)": 7793.166095210145, "Number of Prompt Tokens (P90)": 8078.831292220465, "Number of Prompt Tokens (P99)": 8160.024923752189, "Number of Output Tokens (Mean)": 184.85546875, "Number of Output Tokens (P50)": 160.9351025012422, "Number of Output Tokens (P90)": 308.8949992819657, "Number of Output Tokens (P99)": 455.32048804743, "Number of Total Tokens (Mean)": 6660.79296875, "Number of Total Tokens (P50)": 8030.503416967201, "Number of Total Tokens (P90)": 8192.730401697612, "Number of Total Tokens (P99)": 8192.730401697612, "Time per Output Token (Mean)": 0.023994647116155843, "Time per Output Token (P50)": 0.02151506740711458, "Time per Output Token (P90)": 0.0364067309824493, "Time per Output Token (P99)": 0.05249688301267856, "Time to First Token (Mean)": 0.4709340271788278, "Time to First Token (P50)": 0.45611935437441303, "Time to First Token (P90)": 0.7520138068708034, "Time to First Token (P99)": 1.1084908928883734, "Time Between Tokens (Mean)": 0.023632949738049393, "Time Between Tokens (P50)": 0.014831501156181702, "Time Between Tokens (P90)": 0.01772105418477893, "Time Between Tokens (P99)": 0.39337150393343134, "End to End Latency (Mean)": 4.815981079213088, "End to End Latency (P50)": 4.34488803491757, "End to End Latency (P90)": 8.158009453263125, "End to End Latency (P99)": 11.66975344703424, "Normalized End to End Latency (Mean)": 0.027466138623185456, "Normalized End to End Latency (P50)": 0.024748219473968578, "Normalized End to End Latency (P90)": 0.04104847620094892, "Normalized End to End Latency (P99)": 0.06099267937026638, "Output Throughput (Mean)": 40.48573597276721, "Output Throughput (P50)": 40.24560203434602, "Output Throughput (P90)": 53.7853340300857, "Output Throughput (P99)": 67.69422713421983, "Deadline Miss Rate with 0.03s TBT Deadline, 0.3s TTFT Deadline, 0.0s TTFT Slack, Using Predictions for TTFT: False  (Mean)": 0.1314242067062956, "Deadline Miss Rate with 0.03s TBT Deadline, 0.3s TTFT Deadline, 0.0s TTFT Slack, Using Predictions for TTFT: False  (P50)": 0.08672602085687463, "Deadline Miss Rate with 0.03s TBT Deadline, 0.3s TTFT Deadline, 0.0s TTFT Slack, Using Predictions for TTFT: False  (P90)": 0.331873678914055, "Deadline Miss Rate with 0.03s TBT Deadline, 0.3s TTFT Deadline, 0.0s TTFT Slack, Using Predictions for TTFT: False  (P99)": 0.530996042333594, "Min Deadline to Meet Target Deadline Miss Rate of 10.0% (Mean)": 0.04267800336183265, "Min Deadline to Meet Target Deadline Miss Rate of 10.0% (P50)": 0.02773662061654186, "Min Deadline to Meet Target Deadline Miss Rate of 10.0% (P90)": 0.07894519935012845, "Min Deadline to Meet Target Deadline Miss Rate of 10.0% (P99)": 0.21980796394052537}