{"Target TBT (ms)": [1, 2, 3, 4, 5, 6, 7, 8, 9, 10, 11, 12, 13, 14, 15, 16, 17, 18, 19, 20, 21, 22, 23, 24, 25, 26, 27, 28, 29, 30, 31, 32, 33, 34, 35, 36, 37, 38, 39, 40, 41, 42, 43, 44, 45, 46, 47, 48, 49, 50, 51, 52, 53, 54, 55, 56, 57, 58, 59, 60, 61, 62, 63, 64, 65, 66, 67, 68, 69, 70, 71, 72, 73, 74, 75, 76, 77, 78, 79, 80, 81, 82, 83, 84, 85, 86, 87, 88, 89, 90, 91, 92, 93, 94, 95, 96, 97, 98, 99, 100], "Miss Rate P(99)": [0.9998972983869142, 0.9996363054279107, 0.9992123664144665, 0.9986724003100147, 0.9981798228268608, 0.9979147857490104, 0.9970307753269052, 0.9954384705796694, 0.9946904024767802, 0.994471916971917, 0.9940884904569115, 0.9937809897578253, 0.9936072548141514, 0.9916568047337277, 0.987029106029106, 0.9833337959172345, 0.9728830645161289, 0.8861121913280184, 0.6813468088713529, 0.6620191810121777, 0.6472142617886781, 0.6306047376505779, 0.610155642023346, 0.597813793103448, 0.5827531888735206, 0.5692661990997591, 0.5496315789473681, 0.5358537747082637, 0.5215487382483915, 0.5068410462776657, 0.4932655826558262, 0.4800724637681155, 0.4686460527271403, 0.45352974828375264, 0.446476063829787, 0.4356735897850329, 0.4227420856610799, 0.4173955233536032, 0.40663491211592634, 0.3965354330708661, 0.38903858948769127, 0.3783534136546184, 0.3686013249021378, 0.3619211065573769, 0.3528083381586564, 0.34455797003644195, 0.3348975682878078, 0.32994082006481584, 0.32527472527472495, 0.31514302059496535, 0.3124999999999998, 0.30469616519174014, 0.30333333333333307, 0.2953187492425158, 0.29250642044759667, 0.2910810810810809, 0.2842465753424655, 0.27925636007827775, 0.2737103174603172, 0.2692043094496364, 0.2692043094496364, 0.2604271857560455, 0.25830454424661164, 0.2551509054325955, 0.253551452254195, 0.2460714285714285, 0.24444099378881984, 0.24198192166052895, 0.235097207493814, 0.23168772756478903, 0.22962578860945462, 0.22787910369984365, 0.21967890706578488, 0.2193125, 0.2152990081296535, 0.2132635253054101, 0.2132635253054101, 0.2051020408163265, 0.2051020408163265, 0.2028571428571428, 0.19868940557139717, 0.19639786131628253, 0.1940767781441356, 0.1940767781441356, 0.18963914707490423, 0.18963914707490423, 0.18963914707490423, 0.18196612105062795, 0.17990790899241593, 0.17990790899241593, 0.17990790899241593, 0.17476456226020218, 0.17476456226020218, 0.17476456226020218, 0.16947802197802186, 0.16770089285714276, 0.16412218291664996, 0.16412218291664996, 0.16412218291664996, 0.16412218291664996]}