{"Target TBT (ms)": [1, 2, 3, 4, 5, 6, 7, 8, 9, 10, 11, 12, 13, 14, 15, 16, 17, 18, 19, 20, 21, 22, 23, 24, 25, 26, 27, 28, 29, 30, 31, 32, 33, 34, 35, 36, 37, 38, 39, 40, 41, 42, 43, 44, 45, 46, 47, 48, 49, 50, 51, 52, 53, 54, 55, 56, 57, 58, 59, 60, 61, 62, 63, 64, 65, 66, 67, 68, 69, 70, 71, 72, 73, 74, 75, 76, 77, 78, 79, 80, 81, 82, 83, 84, 85, 86, 87, 88, 89, 90, 91, 92, 93, 94, 95, 96, 97, 98, 99, 100], "Miss Rate P(99)": [0.9998632046299971, 0.9995928049279739, 0.9992113392971168, 0.9987785351366824, 0.9981413805832411, 0.9980251965607614, 0.996736195992985, 0.9955499902742657, 0.9939890481211656, 0.9931923361717881, 0.9903066546137265, 0.9889140271493213, 0.9876704545454545, 0.9820303885975528, 0.9806774068322981, 0.9748136990645314, 0.9626481513229327, 0.9042582417582418, 0.6993585055643878, 0.6550478177708223, 0.637212787212787, 0.6197239844469454, 0.6059409340659339, 0.5899651661307609, 0.5730192307692306, 0.558321917808219, 0.5420609499405141, 0.5197004608294926, 0.5068788819875772, 0.4922334886270206, 0.4796767525571113, 0.4652136941733211, 0.45581477858964736, 0.4438432574255439, 0.4337686218288347, 0.42312445980985286, 0.41519886363636344, 0.404456601355063, 0.39180236686390524, 0.38280571679430264, 0.3715315725561627, 0.36573670781680884, 0.35643688131441975, 0.3471447333858681, 0.3413942307692307, 0.337573051948052, 0.3316648321408915, 0.32099570766971647, 0.31778632478632474, 0.31043911245704964, 0.305747317050058, 0.3011842105263158, 0.29532634971796934, 0.28424299299299294, 0.2806622851365015, 0.27516432165964877, 0.26597156398104266, 0.2638446874420821, 0.2560984510583083, 0.2542157003444317, 0.24800724637681157, 0.24583333333333324, 0.24004329004329, 0.23295214637579167, 0.23085976965043437, 0.22980579328505585, 0.22625540405719985, 0.22625540405719985, 0.22415176332943335, 0.22415176332943335, 0.21967573045093722, 0.2138099733928418, 0.208841756597927, 0.20473684210526305, 0.20473684210526305, 0.2028571428571428, 0.2009574468085106, 0.2009574468085106, 0.2009574468085106, 0.1921624331550801, 0.19022177419354833, 0.19022177419354833, 0.18767750801649105, 0.18767750801649105, 0.18767750801649105, 0.18552873986735444, 0.18307863295359816, 0.17797852689909946, 0.17797852689909946, 0.17597512719050304, 0.17394846532777564, 0.16947802197802186, 0.16742896606156266, 0.16742896606156266, 0.1620503597122301, 0.1620503597122301, 0.1620503597122301, 0.1620503597122301, 0.1620503597122301, 0.15974713319611875]}