{"tpot_based_throughput": 41.67596194097348, "tbt_based_throughput": 2.5417908766148773, "deadline_based_throughput": 6.0668133363110766}