{"tpot_based_throughput": 44.16223935395833, "tbt_based_throughput": 2.473656370422155, "deadline_based_throughput": 6.3116850764530446}