{"Target TBT (ms)": [1, 2, 3, 4, 5, 6, 7, 8, 9, 10, 11, 12, 13, 14, 15, 16, 17, 18, 19, 20, 21, 22, 23, 24, 25, 26, 27, 28, 29, 30, 31, 32, 33, 34, 35, 36, 37, 38, 39, 40, 41, 42, 43, 44, 45, 46, 47, 48, 49, 50, 51, 52, 53, 54, 55, 56, 57, 58, 59, 60, 61, 62, 63, 64, 65, 66, 67, 68, 69, 70, 71, 72, 73, 74, 75, 76, 77, 78, 79, 80, 81, 82, 83, 84, 85, 86, 87, 88, 89, 90, 91, 92, 93, 94, 95, 96, 97, 98, 99, 100], "Miss Rate P(99)": [0.9998246292690709, 0.9993596282953987, 0.9990066146940704, 0.9986601300178077, 0.9982808060612438, 0.997983622756431, 0.9974621860593353, 0.9967258121374625, 0.9956311975591152, 0.9947285928625014, 0.9945924520823306, 0.9926002166847238, 0.98434293162697, 0.9773239675016926, 0.9620600629117455, 0.8877041799484936, 0.7362389735364875, 0.5736315086782375, 0.5394324853228961, 0.5143186248449405, 0.4900349650349649, 0.4712806384191525, 0.4477374301675976, 0.4262220538082605, 0.4102671857029106, 0.3980182926829268, 0.385839900057659, 0.37449651046859417, 0.3652093596059113, 0.35288093329771125, 0.3440926535087718, 0.3291491596638653, 0.31712566844919765, 0.31145183175033886, 0.3058457711442784, 0.3058457711442784, 0.2881567489114656, 0.27590144230769204, 0.27590144230769204, 0.27590144230769204, 0.26321195144724535, 0.2565939278937378, 0.2500645161290321, 0.2500645161290321, 0.24326859776168527, 0.2364335898293742, 0.2364335898293742, 0.22441173190587668, 0.22034654963680345, 0.21498940677966072, 0.21413713405238802, 0.19926447326795294, 0.19181034482758616, 0.18814856590396387, 0.17715160542866595, 0.17323308270676688, 0.16478551871006974, 0.16478551871006974, 0.16478551871006974, 0.16478551871006974, 0.15815957886044588, 0.1527307852965746, 0.14264752791068575, 0.13705217859063995, 0.13420454545454522, 0.12708333333333327, 0.12420159680638711, 0.12128514056224882, 0.12128514056224882, 0.1183333333333331, 0.1183333333333331, 0.1183333333333331, 0.1079555913483662, 0.1079555913483662, 0.1079555913483662, 0.10493112628776462, 0.10349116692705185, 0.10349116692705185, 0.10349116692705185, 0.10349116692705185, 0.10030237058538918, 0.10030237058538918, 0.09262820512820506, 0.09262820512820506, 0.09262820512820506, 0.08939826302729516, 0.08939826302729516, 0.08939826302729516, 0.08939826302729516, 0.08939826302729516, 0.07815126050420167, 0.07815126050420167, 0.07815126050420167, 0.07815126050420167, 0.06806493506493486, 0.06806493506493486, 0.06806493506493486, 0.06535294117647045, 0.06535294117647045, 0.06535294117647045]}