{"tpot_based_throughput": 56.31894922549209, "tbt_based_throughput": 3.655260204658508, "deadline_based_throughput": 12.656332890749834}