{"Number of Requests": 256, "Number of Errored Requests": 0, "Number of Completed Requests": 256, "Error Rate": 0.0, "Deadline Miss Rate": 0.05040077726499879, "Number of Prompt Tokens (Mean)": 6475.9375, "Number of Prompt Tokens (P50)": 7793.166095210145, "Number of Prompt Tokens (P90)": 8078.831292220465, "Number of Prompt Tokens (P99)": 8160.024923752189, "Number of Output Tokens (Mean)": 184.85546875, "Number of Output Tokens (P50)": 160.9351025012422, "Number of Output Tokens (P90)": 308.8949992819657, "Number of Output Tokens (P99)": 455.32048804743, "Number of Total Tokens (Mean)": 6660.79296875, "Number of Total Tokens (P50)": 8030.503416967201, "Number of Total Tokens (P90)": 8192.730401697612, "Number of Total Tokens (P99)": 8192.730401697612, "Time per Output Token (Mean)": 0.01816769031715047, "Time per Output Token (P50)": 0.01668905999516812, "Time per Output Token (P90)": 0.025400111268076248, "Time per Output Token (P99)": 0.036699153056495896, "Time to First Token (Mean)": 0.33633687060557804, "Time to First Token (P50)": 0.3481921307622794, "Time to First Token (P90)": 0.5040898624290469, "Time to First Token (P99)": 0.6777338432672046, "Time Between Tokens (Mean)": 0.018039370318883894, "Time Between Tokens (P50)": 0.012765590709203124, "Time Between Tokens (P90)": 0.01513111745501912, "Time Between Tokens (P99)": 0.29670974577145753, "End to End Latency (Mean)": 3.652973756538813, "End to End Latency (P50)": 3.3434389476503608, "End to End Latency (P90)": 6.31545696065555, "End to End Latency (P99)": 9.365195822050945, "Normalized End to End Latency (Mean)": 0.020649089236154904, "Normalized End to End Latency (P50)": 0.01877926722247083, "Normalized End to End Latency (P90)": 0.028524221208712196, "Normalized End to End Latency (P99)": 0.04154402542933529, "Output Throughput (Mean)": 52.13211199300849, "Output Throughput (P50)": 52.93161635500444, "Output Throughput (P90)": 66.48663160792259, "Output Throughput (P99)": 75.56558401733116, "Deadline Miss Rate with 0.03s TBT Deadline, 0.3s TTFT Deadline, 0.0s TTFT Slack, Using Predictions for TTFT: False  (Mean)": 0.057350602859740765, "Deadline Miss Rate with 0.03s TBT Deadline, 0.3s TTFT Deadline, 0.0s TTFT Slack, Using Predictions for TTFT: False  (P50)": 0.02298297033153271, "Deadline Miss Rate with 0.03s TBT Deadline, 0.3s TTFT Deadline, 0.0s TTFT Slack, Using Predictions for TTFT: False  (P90)": 0.14971809302031183, "Deadline Miss Rate with 0.03s TBT Deadline, 0.3s TTFT Deadline, 0.0s TTFT Slack, Using Predictions for TTFT: False  (P99)": 0.38945739077276176, "Min Deadline to Meet Target Deadline Miss Rate of 10.0% (Mean)": 0.024224986469537614, "Min Deadline to Meet Target Deadline Miss Rate of 10.0% (P50)": 0.01779208038288807, "Min Deadline to Meet Target Deadline Miss Rate of 10.0% (P90)": 0.04255314335389525, "Min Deadline to Meet Target Deadline Miss Rate of 10.0% (P99)": 0.07584971279604816}