{"Target TBT (ms)": [1, 2, 3, 4, 5, 6, 7, 8, 9, 10, 11, 12, 13, 14, 15, 16, 17, 18, 19, 20, 21, 22, 23, 24, 25, 26, 27, 28, 29, 30, 31, 32, 33, 34, 35, 36, 37, 38, 39, 40, 41, 42, 43, 44, 45, 46, 47, 48, 49, 50, 51, 52, 53, 54, 55, 56, 57, 58, 59, 60, 61, 62, 63, 64, 65, 66, 67, 68, 69, 70, 71, 72, 73, 74, 75, 76, 77, 78, 79, 80, 81, 82, 83, 84, 85, 86, 87, 88, 89, 90, 91, 92, 93, 94, 95, 96, 97, 98, 99, 100], "Miss Rate P(99)": [0.999835241076705, 0.9993651437847867, 0.9990057479426547, 0.998657553672722, 0.9982772732073081, 0.9979818617107612, 0.9972505609573672, 0.9961674347158218, 0.9939102916895982, 0.9928965517241379, 0.9925566209290791, 0.9922170594092267, 0.9749218261413383, 0.9667673662007078, 0.9536410347271438, 0.8706440110216651, 0.7021800149700596, 0.571832884097035, 0.5341667919987966, 0.5140901771336553, 0.4878893935345978, 0.46793271265340664, 0.4494444444444443, 0.4268588362068964, 0.4139063867016622, 0.4002016129032257, 0.38810273286593217, 0.3777591643673629, 0.3652093596059113, 0.3556330585499893, 0.34049315321983714, 0.3350469924812029, 0.32633736559139764, 0.30073529411764677, 0.29880952380952347, 0.2968646864686465, 0.2870990566037733, 0.27291993720565116, 0.2687252180808878, 0.2624469375379015, 0.26031697653154495, 0.2559901447489987, 0.25157173980703346, 0.24279787234042519, 0.22912300055157167, 0.22912300055157167, 0.22441173190587668, 0.2220172684458394, 0.20770494251157198, 0.20770494251157198, 0.19797979797979776, 0.19222233611808703, 0.18043983314852935, 0.17441037735849046, 0.1682857142857142, 0.15566810707671586, 0.15111356681400875, 0.15111356681400875, 0.14572140995126354, 0.13658155289213111, 0.13105912930474314, 0.12806472703497848, 0.12578918523931293, 0.12578918523931293, 0.12045488165680454, 0.11812499999999986, 0.11338102409638552, 0.11031105554292633, 0.10789594053744994, 0.10789594053744994, 0.10512540266912099, 0.10234254399506017, 0.10234254399506017, 0.09955735031451421, 0.09955735031451421, 0.0939195564991743, 0.0939195564991743, 0.09052449477077917, 0.09052449477077917, 0.08791547958214621, 0.08479455327281404, 0.08479455327281404, 0.08163461538461522, 0.07843492985002395, 0.0757922499492796, 0.0757922499492796, 0.0757922499492796, 0.07255206206614923, 0.06927059790425283, 0.06927059790425283, 0.066593597485317, 0.066593597485317, 0.066593597485317, 0.06327006327006296, 0.06039388243335575, 0.06039388243335575, 0.06039388243335575, 0.05768188854489134, 0.05768188854489134, 0.05768188854489134]}