{"tpot_based_throughput": 55.04277002432115, "tbt_based_throughput": 3.371780341478824, "deadline_based_throughput": 13.467797281310233}