{"Number of Requests": 256, "Number of Errored Requests": 0, "Number of Completed Requests": 256, "Error Rate": 0.0, "Deadline Miss Rate": 0.13341743034170594, "Number of Prompt Tokens (Mean)": 6475.9375, "Number of Prompt Tokens (P50)": 7793.166095210145, "Number of Prompt Tokens (P90)": 8078.831292220465, "Number of Prompt Tokens (P99)": 8160.024923752189, "Number of Output Tokens (Mean)": 184.85546875, "Number of Output Tokens (P50)": 160.9351025012422, "Number of Output Tokens (P90)": 308.8949992819657, "Number of Output Tokens (P99)": 455.32048804743, "Number of Total Tokens (Mean)": 6660.79296875, "Number of Total Tokens (P50)": 8030.503416967201, "Number of Total Tokens (P90)": 8192.730401697612, "Number of Total Tokens (P99)": 8192.730401697612, "Time per Output Token (Mean)": 0.024176383342835773, "Time per Output Token (P50)": 0.02160130005580778, "Time per Output Token (P90)": 0.036479617330762514, "Time per Output Token (P99)": 0.053024485635102384, "Time to First Token (Mean)": 0.4791014976497081, "Time to First Token (P50)": 0.46254993652167997, "Time to First Token (P90)": 0.7733677608293648, "Time to First Token (P99)": 1.119631415305287, "Time Between Tokens (Mean)": 0.02380234041425243, "Time Between Tokens (P50)": 0.014861193851189074, "Time Between Tokens (P90)": 0.017756531770734444, "Time Between Tokens (P99)": 0.3981203999530817, "End to End Latency (Mean)": 4.855291951859158, "End to End Latency (P50)": 4.362302398369781, "End to End Latency (P90)": 8.27302485316726, "End to End Latency (P99)": 11.73998246750052, "Normalized End to End Latency (Mean)": 0.027697752675873547, "Normalized End to End Latency (P50)": 0.02489715520083118, "Normalized End to End Latency (P90)": 0.04154402542933529, "Normalized End to End Latency (P99)": 0.06148257795005675, "Output Throughput (Mean)": 40.198335213546045, "Output Throughput (P50)": 40.004851316295785, "Output Throughput (P90)": 53.35676776573205, "Output Throughput (P99)": 67.42399096825105, "Deadline Miss Rate with 0.03s TBT Deadline, 0.3s TTFT Deadline, 0.0s TTFT Slack, Using Predictions for TTFT: False  (Mean)": 0.13381064212456534, "Deadline Miss Rate with 0.03s TBT Deadline, 0.3s TTFT Deadline, 0.0s TTFT Slack, Using Predictions for TTFT: False  (P50)": 0.0909903975919381, "Deadline Miss Rate with 0.03s TBT Deadline, 0.3s TTFT Deadline, 0.0s TTFT Slack, Using Predictions for TTFT: False  (P90)": 0.328571479539346, "Deadline Miss Rate with 0.03s TBT Deadline, 0.3s TTFT Deadline, 0.0s TTFT Slack, Using Predictions for TTFT: False  (P99)": 0.5267650192423886, "Min Deadline to Meet Target Deadline Miss Rate of 10.0% (Mean)": 0.0434429470257994, "Min Deadline to Meet Target Deadline Miss Rate of 10.0% (P50)": 0.028296937709456103, "Min Deadline to Meet Target Deadline Miss Rate of 10.0% (P90)": 0.08053999870261405, "Min Deadline to Meet Target Deadline Miss Rate of 10.0% (P99)": 0.22969544715067292}