{"Target TBT (ms)": [1, 2, 3, 4, 5, 6, 7, 8, 9, 10, 11, 12, 13, 14, 15, 16, 17, 18, 19, 20, 21, 22, 23, 24, 25, 26, 27, 28, 29, 30, 31, 32, 33, 34, 35, 36, 37, 38, 39, 40, 41, 42, 43, 44, 45, 46, 47, 48, 49, 50, 51, 52, 53, 54, 55, 56, 57, 58, 59, 60, 61, 62, 63, 64, 65, 66, 67, 68, 69, 70, 71, 72, 73, 74, 75, 76, 77, 78, 79, 80, 81, 82, 83, 84, 85, 86, 87, 88, 89, 90, 91, 92, 93, 94, 95, 96, 97, 98, 99, 100], "Miss Rate P(99)": [0.9998986986532233, 0.9996196189040242, 0.9992346275055094, 0.9988808581104637, 0.9985641460116427, 0.9982946882456686, 0.9981432473672021, 0.9972566964285714, 0.9964327765104128, 0.9954687780459105, 0.995326657634008, 0.9944706594071385, 0.9937268005403916, 0.9925872410032716, 0.9868584372425938, 0.9822492218449349, 0.9735543637250121, 0.8888367534820181, 0.6892009132420089, 0.6647790615181919, 0.644860097323601, 0.6339491306390977, 0.620219797596458, 0.6059948979591836, 0.5937077566784679, 0.579140871282616, 0.5632828282828282, 0.5500428706164792, 0.5384186529433006, 0.5256567675613932, 0.5140864086408639, 0.5027709456277144, 0.4923943277883826, 0.4786653012459461, 0.4640305050141112, 0.4554534732137311, 0.44528682279578924, 0.4329715015459063, 0.42621002861764296, 0.41698545258620645, 0.4097588760205046, 0.40143868968570123, 0.3907462229481418, 0.38656419529837216, 0.37884615384615344, 0.369663298334254, 0.3568911685994645, 0.3531016949152541, 0.34458879480338694, 0.34144144144144123, 0.3285087719298245, 0.3268722466960351, 0.31485714285714284, 0.3133035714285714, 0.3098970398970398, 0.2967647058823529, 0.29532634971796934, 0.29203036053130926, 0.28064516129032235, 0.27558139534883713, 0.27249253094323517, 0.26054280484370584, 0.2588678993391628, 0.2588678993391628, 0.253551452254195, 0.2460714285714285, 0.24444099378881984, 0.24278085991678225, 0.23478860294117646, 0.23218739467475563, 0.23168772756478903, 0.22721751556598957, 0.22248128957973515, 0.2172817211055276, 0.2172817211055276, 0.2151041666666666, 0.2119194392839047, 0.20928021184400578, 0.20928021184400578, 0.2028571428571428, 0.20105386416861815, 0.20105386416861815, 0.19683308494783905, 0.19683308494783905, 0.19683308494783905, 0.19022177419354833, 0.1879301075268816, 0.1879301075268816, 0.1839102564102564, 0.1839102564102564, 0.1839102564102564, 0.1839102564102564, 0.17990790899241593, 0.17476456226020218, 0.17476456226020218, 0.1705640889830508, 0.1705640889830508, 0.1705640889830508, 0.1702921621874707, 0.1702921621874707]}