{"tpot_based_throughput": 41.36267967873418, "tbt_based_throughput": 2.510180411460733, "deadline_based_throughput": 5.988338438784444}