{"Number of Requests": 256, "Number of Errored Requests": 0, "Number of Completed Requests": 256, "Error Rate": 0.0, "Deadline Miss Rate": 0.1270787398632236, "Number of Prompt Tokens (Mean)": 6475.9375, "Number of Prompt Tokens (P50)": 7793.166095210145, "Number of Prompt Tokens (P90)": 8078.831292220465, "Number of Prompt Tokens (P99)": 8160.024923752189, "Number of Output Tokens (Mean)": 184.85546875, "Number of Output Tokens (P50)": 160.9351025012422, "Number of Output Tokens (P90)": 308.8949992819657, "Number of Output Tokens (P99)": 455.32048804743, "Number of Total Tokens (Mean)": 6660.79296875, "Number of Total Tokens (P50)": 8030.503416967201, "Number of Total Tokens (P90)": 8192.730401697612, "Number of Total Tokens (P99)": 8192.730401697612, "Time per Output Token (Mean)": 0.0238452348600417, "Time per Output Token (P50)": 0.02142917900018838, "Time per Output Token (P90)": 0.036261394876068394, "Time per Output Token (P99)": 0.05187068491076683, "Time to First Token (Mean)": 0.4646147245460952, "Time to First Token (P50)": 0.451580889462895, "Time to First Token (P90)": 0.7430435672784798, "Time to First Token (P99)": 1.073580714485702, "Time Between Tokens (Mean)": 0.023484875801780204, "Time Between Tokens (P50)": 0.014831501156181702, "Time Between Tokens (P90)": 0.017615046166413306, "Time Between Tokens (P99)": 0.39023708524878337, "End to End Latency (Mean)": 4.782437573617926, "End to End Latency (P50)": 4.301655662290029, "End to End Latency (P90)": 8.060698341786706, "End to End Latency (P99)": 11.646437256330875, "Normalized End to End Latency (Mean)": 0.02727459129206581, "Normalized End to End Latency (P50)": 0.024649424285245334, "Normalized End to End Latency (P90)": 0.04023566164519613, "Normalized End to End Latency (P99)": 0.06062781884857096, "Output Throughput (Mean)": 40.646141411243626, "Output Throughput (P50)": 40.487801599381925, "Output Throughput (P90)": 53.57062233207311, "Output Throughput (P99)": 67.28927769958321, "Deadline Miss Rate with 0.03s TBT Deadline, 0.3s TTFT Deadline, 0.0s TTFT Slack, Using Predictions for TTFT: False  (Mean)": 0.12849566022301814, "Deadline Miss Rate with 0.03s TBT Deadline, 0.3s TTFT Deadline, 0.0s TTFT Slack, Using Predictions for TTFT: False  (P50)": 0.08500873001835729, "Deadline Miss Rate with 0.03s TBT Deadline, 0.3s TTFT Deadline, 0.0s TTFT Slack, Using Predictions for TTFT: False  (P90)": 0.3100564534021066, "Deadline Miss Rate with 0.03s TBT Deadline, 0.3s TTFT Deadline, 0.0s TTFT Slack, Using Predictions for TTFT: False  (P99)": 0.532059097473401, "Min Deadline to Meet Target Deadline Miss Rate of 10.0% (Mean)": 0.041768730704664636, "Min Deadline to Meet Target Deadline Miss Rate of 10.0% (P50)": 0.027460636538635508, "Min Deadline to Meet Target Deadline Miss Rate of 10.0% (P90)": 0.07831615706965818, "Min Deadline to Meet Target Deadline Miss Rate of 10.0% (P99)": 0.21718603056266375}