{"Number of Requests": 256, "Number of Errored Requests": 0, "Number of Completed Requests": 256, "Error Rate": 0.0, "Deadline Miss Rate": 0.12920604738735716, "Number of Prompt Tokens (Mean)": 6475.9375, "Number of Prompt Tokens (P50)": 7793.166095210145, "Number of Prompt Tokens (P90)": 8078.831292220465, "Number of Prompt Tokens (P99)": 8160.024923752189, "Number of Output Tokens (Mean)": 184.85546875, "Number of Output Tokens (P50)": 160.9351025012422, "Number of Output Tokens (P90)": 308.8949992819657, "Number of Output Tokens (P99)": 455.32048804743, "Number of Total Tokens (Mean)": 6660.79296875, "Number of Total Tokens (P50)": 8030.503416967201, "Number of Total Tokens (P90)": 8192.730401697612, "Number of Total Tokens (P99)": 8192.730401697612, "Time per Output Token (Mean)": 0.023923866468596344, "Time per Output Token (P50)": 0.02142917900018838, "Time per Output Token (P90)": 0.0364067309824493, "Time per Output Token (P99)": 0.05197453012580341, "Time to First Token (Mean)": 0.470007970242591, "Time to First Token (P50)": 0.45248495530766547, "Time to First Token (P90)": 0.7610923378229978, "Time to First Token (P99)": 1.1018598583175088, "Time Between Tokens (Mean)": 0.023556892335999637, "Time Between Tokens (P50)": 0.014831501156181702, "Time Between Tokens (P90)": 0.017650311524103825, "Time Between Tokens (P99)": 0.3941590344718366, "End to End Latency (Mean)": 4.801071452971087, "End to End Latency (P50)": 4.327543189812955, "End to End Latency (P90)": 8.093005717598098, "End to End Latency (P99)": 11.66975344703424, "Normalized End to End Latency (Mean)": 0.02737913922917213, "Normalized End to End Latency (P50)": 0.024748219473968578, "Normalized End to End Latency (P90)": 0.04104847620094892, "Normalized End to End Latency (P99)": 0.06062781884857096, "Output Throughput (Mean)": 40.55199025894191, "Output Throughput (P50)": 40.32617381019056, "Output Throughput (P90)": 53.89301237649229, "Output Throughput (P99)": 67.82975111246652, "Deadline Miss Rate with 0.03s TBT Deadline, 0.3s TTFT Deadline, 0.0s TTFT Slack, Using Predictions for TTFT: False  (Mean)": 0.13005330532254442, "Deadline Miss Rate with 0.03s TBT Deadline, 0.3s TTFT Deadline, 0.0s TTFT Slack, Using Predictions for TTFT: False  (P50)": 0.08742261190496955, "Deadline Miss Rate with 0.03s TBT Deadline, 0.3s TTFT Deadline, 0.0s TTFT Slack, Using Predictions for TTFT: False  (P90)": 0.31949908138474076, "Deadline Miss Rate with 0.03s TBT Deadline, 0.3s TTFT Deadline, 0.0s TTFT Slack, Using Predictions for TTFT: False  (P99)": 0.5267650192423886, "Min Deadline to Meet Target Deadline Miss Rate of 10.0% (Mean)": 0.042303858202533975, "Min Deadline to Meet Target Deadline Miss Rate of 10.0% (P50)": 0.028015378381472934, "Min Deadline to Meet Target Deadline Miss Rate of 10.0% (P90)": 0.08037907962428716, "Min Deadline to Meet Target Deadline Miss Rate of 10.0% (P99)": 0.21980796394052537}