{"Target TBT (ms)": [1, 2, 3, 4, 5, 6, 7, 8, 9, 10, 11, 12, 13, 14, 15, 16, 17, 18, 19, 20, 21, 22, 23, 24, 25, 26, 27, 28, 29, 30, 31, 32, 33, 34, 35, 36, 37, 38, 39, 40, 41, 42, 43, 44, 45, 46, 47, 48, 49, 50, 51, 52, 53, 54, 55, 56, 57, 58, 59, 60, 61, 62, 63, 64, 65, 66, 67, 68, 69, 70, 71, 72, 73, 74, 75, 76, 77, 78, 79, 80, 81, 82, 83, 84, 85, 86, 87, 88, 89, 90, 91, 92, 93, 94, 95, 96, 97, 98, 99, 100], "Miss Rate P(99)": [0.9998670076343092, 0.999584086715328, 0.9991943257122475, 0.9986318438198969, 0.9981036454470594, 0.9979104282445244, 0.9977944515818796, 0.9958262189337886, 0.9951211689237348, 0.9945419711281411, 0.9942967075784142, 0.9941593552336258, 0.9939941879237972, 0.9915685820203892, 0.9879461571862788, 0.9837094907407407, 0.974402537287845, 0.8645345016429352, 0.6798537319165278, 0.66074070197474, 0.6426244586670753, 0.6314196625091708, 0.6096812749003981, 0.593160681070253, 0.5730839975475168, 0.559300048947626, 0.5427291886195994, 0.5312961141170682, 0.512504987365341, 0.5055418719211822, 0.48515306122448976, 0.46772964857651234, 0.45514681750612934, 0.4454122380351888, 0.434674721189591, 0.4230113636363636, 0.4094421906693711, 0.40144640541041315, 0.39098520064509995, 0.37600585313068685, 0.36943147590361414, 0.36043528803926606, 0.35235484212756907, 0.3453280109249431, 0.3369963369963366, 0.33205128205128176, 0.32466133004926073, 0.3233766233766231, 0.3157923465869912, 0.3118013507219374, 0.305333333333333, 0.301198198198198, 0.29594594594594564, 0.2931265356265354, 0.29025539300768644, 0.28340382551606563, 0.27835935011150037, 0.2697867762128324, 0.2697867762128324, 0.26670286993154285, 0.2610006007609637, 0.25570456230204186, 0.25410008125677136, 0.2449791955617198, 0.2449791955617198, 0.24204433497536945, 0.23669665992767447, 0.22978642257818455, 0.22854137447405323, 0.2271786230139624, 0.22322094342681142, 0.2195772058823529, 0.2152990081296535, 0.20920384718140528, 0.20698174006444675, 0.2028571428571428, 0.2028571428571428, 0.2009574468085106, 0.1988235294117647, 0.1988235294117647, 0.19176136363636354, 0.19176136363636354, 0.18767750801649105, 0.18767750801649105, 0.18767750801649105, 0.18552873986735444, 0.17990790899241593, 0.17990790899241593, 0.17797852689909946, 0.17394846532777564, 0.17394846532777564, 0.17394846532777564, 0.1727379003974748, 0.16412218291664996, 0.16412218291664996, 0.1620503597122301, 0.1620503597122301, 0.1620503597122301, 0.15974713319611875, 0.15974713319611875]}