{"Target TBT (ms)": [1, 2, 3, 4, 5, 6, 7, 8, 9, 10, 11, 12, 13, 14, 15, 16, 17, 18, 19, 20, 21, 22, 23, 24, 25, 26, 27, 28, 29, 30, 31, 32, 33, 34, 35, 36, 37, 38, 39, 40, 41, 42, 43, 44, 45, 46, 47, 48, 49, 50, 51, 52, 53, 54, 55, 56, 57, 58, 59, 60, 61, 62, 63, 64, 65, 66, 67, 68, 69, 70, 71, 72, 73, 74, 75, 76, 77, 78, 79, 80, 81, 82, 83, 84, 85, 86, 87, 88, 89, 90, 91, 92, 93, 94, 95, 96, 97, 98, 99, 100], "Miss Rate P(99)": [0.9998944507365295, 0.9996008700874388, 0.9993702681931937, 0.999067810861269, 0.9988237122170367, 0.9985438624631191, 0.9983837478236013, 0.9977058323484895, 0.9958253159290655, 0.9954329654276903, 0.9946488058268872, 0.9945313881520778, 0.9944520195133775, 0.9915983417779825, 0.986251280425345, 0.9837094907407407, 0.9657717282717281, 0.8568912003328479, 0.6820398970398969, 0.6656408450704224, 0.6494964069484523, 0.638088229281655, 0.6219367588932806, 0.606442407471463, 0.5932456140350876, 0.5709881422924901, 0.5597222222222221, 0.5443410374029639, 0.5311600971417896, 0.5193733451015003, 0.5083269220905778, 0.4967561761546722, 0.48567708333333304, 0.47366707366707345, 0.4571397703420172, 0.4510479797979795, 0.4373346626786306, 0.4233604845446947, 0.418416017009213, 0.4019468116367908, 0.3920481927710842, 0.3845091077493052, 0.3753496503496502, 0.37031039499919155, 0.36221804511278183, 0.3554322033898304, 0.34694930982484623, 0.33982387475538156, 0.33253275109170305, 0.3234295151439611, 0.3154910714285714, 0.3086469097289919, 0.3072561692126909, 0.2988101604278074, 0.29025539300768644, 0.28340382551606563, 0.27985159817351585, 0.27685315580591463, 0.2697867762128324, 0.26670286993154285, 0.26457016850974197, 0.25570456230204186, 0.25570456230204186, 0.25024955558594275, 0.2449791955617198, 0.24204433497536945, 0.23669665992767447, 0.23531019088669947, 0.22842367111809372, 0.22592625109745385, 0.22160804020100502, 0.22031249999999997, 0.2172817211055276, 0.21005942275042444, 0.21005942275042444, 0.20784690220174087, 0.2075219142383321, 0.19915416811998599, 0.19723415446655562, 0.19723415446655562, 0.19723415446655562, 0.19683308494783905, 0.19497620306716018, 0.1859684684684684, 0.1859684684684684, 0.18398550724637677, 0.18398550724637677, 0.1839102564102564, 0.1839102564102564, 0.17920329670329663, 0.1727379003974748, 0.1727379003974748, 0.1727379003974748, 0.1723412181039299, 0.1702921621874707, 0.1679378531073446, 0.1679378531073446, 0.1679378531073446, 0.16537733169207453, 0.1582498555191677]}