{"tpot_based_throughput": 41.93710004826733, "tbt_based_throughput": 2.564093209312187, "deadline_based_throughput": 6.3521374263433685}