{"tpot_based_throughput": 41.79926356438455, "tbt_based_throughput": 2.5384123450524405, "deadline_based_throughput": 6.253908175158671}