{"Number of Requests": 256, "Number of Errored Requests": 0, "Number of Completed Requests": 256, "Error Rate": 0.0, "Deadline Miss Rate": 0.06405267883867105, "Number of Prompt Tokens (Mean)": 6475.9375, "Number of Prompt Tokens (P50)": 7793.166095210145, "Number of Prompt Tokens (P90)": 8078.831292220465, "Number of Prompt Tokens (P99)": 8160.024923752189, "Number of Output Tokens (Mean)": 184.8515625, "Number of Output Tokens (P50)": 160.9351025012422, "Number of Output Tokens (P90)": 308.8949992819657, "Number of Output Tokens (P99)": 455.32048804743, "Number of Total Tokens (Mean)": 6660.7890625, "Number of Total Tokens (P50)": 8030.503416967201, "Number of Total Tokens (P90)": 8192.730401697612, "Number of Total Tokens (P99)": 8192.730401697612, "Time per Output Token (Mean)": 0.020931054785811826, "Time per Output Token (P50)": 0.01966329046667553, "Time per Output Token (P90)": 0.028753330269078968, "Time per Output Token (P99)": 0.04204555707316023, "Time to First Token (Mean)": 0.360229933848359, "Time to First Token (P50)": 0.36095541238831663, "Time to First Token (P90)": 0.5482627148053126, "Time to First Token (P99)": 1.001, "Time Between Tokens (Mean)": 0.020694709644069616, "Time Between Tokens (P50)": 0.014772293625825215, "Time Between Tokens (P90)": 0.016992183099781375, "Time Between Tokens (P99)": 0.2885171024118929, "End to End Latency (Mean)": 4.165550508361207, "End to End Latency (P50)": 3.8305176383131108, "End to End Latency (P90)": 7.021663457091203, "End to End Latency (P99)": 10.370863415444274, "Normalized End to End Latency (Mean)": 0.023570180574600558, "Normalized End to End Latency (P50)": 0.02160130005580778, "Normalized End to End Latency (P90)": 0.0319047094529386, "Normalized End to End Latency (P99)": 0.05013672539256133, "Output Throughput (Mean)": 45.53795463293716, "Output Throughput (P50)": 46.20096926673978, "Output Throughput (P90)": 57.225571289293, "Output Throughput (P99)": 69.89547526973487, "Deadline Miss Rate with 0.03s TBT Deadline, 0.3s TTFT Deadline, 0.0s TTFT Slack, Using Predictions for TTFT: False  (Mean)": 0.06980601528333341, "Deadline Miss Rate with 0.03s TBT Deadline, 0.3s TTFT Deadline, 0.0s TTFT Slack, Using Predictions for TTFT: False  (P50)": 0.033674930169957415, "Deadline Miss Rate with 0.03s TBT Deadline, 0.3s TTFT Deadline, 0.0s TTFT Slack, Using Predictions for TTFT: False  (P90)": 0.18843520780869435, "Deadline Miss Rate with 0.03s TBT Deadline, 0.3s TTFT Deadline, 0.0s TTFT Slack, Using Predictions for TTFT: False  (P99)": 0.42358512297224105, "Min Deadline to Meet Target Deadline Miss Rate of 10.0% (Mean)": 0.028559297157674274, "Min Deadline to Meet Target Deadline Miss Rate of 10.0% (P50)": 0.02092100106236009, "Min Deadline to Meet Target Deadline Miss Rate of 10.0% (P90)": 0.0459132502547391, "Min Deadline to Meet Target Deadline Miss Rate of 10.0% (P99)": 0.1152097129659515}