{"Target TBT (ms)": [1, 2, 3, 4, 5, 6, 7, 8, 9, 10, 11, 12, 13, 14, 15, 16, 17, 18, 19, 20, 21, 22, 23, 24, 25, 26, 27, 28, 29, 30, 31, 32, 33, 34, 35, 36, 37, 38, 39, 40, 41, 42, 43, 44, 45, 46, 47, 48, 49, 50, 51, 52, 53, 54, 55, 56, 57, 58, 59, 60, 61, 62, 63, 64, 65, 66, 67, 68, 69, 70, 71, 72, 73, 74, 75, 76, 77, 78, 79, 80, 81, 82, 83, 84, 85, 86, 87, 88, 89, 90, 91, 92, 93, 94, 95, 96, 97, 98, 99, 100], "Miss Rate P(99)": [0.999826778659656, 0.9995326213035944, 0.9991574732870281, 0.9987090445967894, 0.9982758061902447, 0.9980477150537634, 0.9977868454289324, 0.9956418604651163, 0.9948325358851674, 0.9943453510436433, 0.9937122968309581, 0.9934324499030381, 0.9932723503965393, 0.9921294016252155, 0.974861300115147, 0.9439082862060486, 0.832751082891657, 0.7122714760918485, 0.6021500495212939, 0.5779339742426988, 0.5592129629629626, 0.5351361333896155, 0.5140290493563705, 0.49402777777777734, 0.4746323529411762, 0.4465610859728507, 0.42761324041811843, 0.4110348360655737, 0.39124452782989355, 0.37852870813397127, 0.3590079934412788, 0.35135155485279723, 0.33842418546365916, 0.3327638888888888, 0.32810126582278476, 0.3173789173789173, 0.31309523809523804, 0.3046619141727836, 0.2878187420314492, 0.2812121866897146, 0.27668269230769205, 0.26341380482828947, 0.2546174946662599, 0.2543757541344307, 0.24370157068062792, 0.24147368421052595, 0.23467776584317918, 0.23015089014329104, 0.22785114045618213, 0.22785114045618213, 0.21748243559718916, 0.21132172131147503, 0.20889423076923036, 0.19905959797813536, 0.19905959797813536, 0.19657801418439683, 0.19406870319743216, 0.18382999511480191, 0.18382999511480191, 0.18126381724392013, 0.18126381724392013, 0.1786684782608692, 0.1754999999999996, 0.1660052049446972, 0.16248768472906386, 0.1589025198938991, 0.15693573667711594, 0.15693573667711594, 0.1470958950774994, 0.13864809081527343, 0.13864809081527343, 0.13475552787293665, 0.13475552787293665, 0.13394997394476277, 0.13190789473684192, 0.12211826347305384, 0.12211826347305384, 0.11920180722891555, 0.11920180722891555, 0.11920180722891555, 0.11920180722891555, 0.11920180722891555, 0.11624999999999981, 0.11326219512195097, 0.10827702702702668, 0.10111793611793596, 0.09773036487322179, 0.09773036487322179, 0.09773036487322179, 0.09773036487322179, 0.09773036487322179, 0.09773036487322179, 0.09172852598091186, 0.09172852598091186, 0.08910791847644486, 0.08910791847644486, 0.08910791847644486, 0.08687214611872134, 0.08687214611872134, 0.08339080459770096]}