{"tpot_based_throughput": 47.77590093920406, "tbt_based_throughput": 3.462856498245569, "deadline_based_throughput": 11.357192215544394}