{"Number of Requests": 512, "Number of Errored Requests": 0, "Number of Completed Requests": 512, "Error Rate": 0.0, "Deadline Miss Rate": 0.0003924646781789639, "Number of Prompt Tokens (Mean)": 683.056640625, "Number of Prompt Tokens (P50)": 436.5930503518891, "Number of Prompt Tokens (P90)": 1644.1880723859645, "Number of Prompt Tokens (P99)": 4670.4108177561075, "Number of Output Tokens (Mean)": 218.896484375, "Number of Output Tokens (P50)": 159.97238261315115, "Number of Output Tokens (P90)": 512.3467181125903, "Number of Output Tokens (P99)": 722.7054174123614, "Number of Total Tokens (Mean)": 901.953125, "Number of Total Tokens (P50)": 650.0190427513235, "Number of Total Tokens (P90)": 2016.264934207726, "Number of Total Tokens (P99)": 5255.352477057046, "Time per Output Token (Mean)": 0.005418500384954215, "Time per Output Token (P50)": 0.0054019123979731284, "Time per Output Token (P90)": 0.006005964591249252, "Time per Output Token (P99)": 0.007048065114519901, "Time to First Token (Mean)": 0.05269380056688533, "Time to First Token (P50)": 0.0459132502547391, "Time to First Token (P90)": 0.0643768350782817, "Time to First Token (P99)": 0.17118660017665313, "Time Between Tokens (Mean)": 0.005588482460315528, "Time Between Tokens (P50)": 0.005326812525105936, "Time Between Tokens (P90)": 0.005678874463792414, "Time Between Tokens (P99)": 0.0077582218066907845, "End to End Latency (Mean)": 1.2704044816609894, "End to End Latency (P50)": 0.9617502157681314, "End to End Latency (P90)": 2.8320472131426966, "End to End Latency (P99)": 4.2759229949387665, "Normalized End to End Latency (Mean)": 0.006686701150278965, "Normalized End to End Latency (P50)": 0.005863537356840318, "Normalized End to End Latency (P90)": 0.007914948336177091, "Normalized End to End Latency (P99)": 0.016163464281624563, "Output Throughput (Mean)": 160.71163065050493, "Output Throughput (P50)": 170.20459481438218, "Output Throughput (P90)": 183.64439240665055, "Output Throughput (P99)": 188.85910238188015, "Deadline Miss Rate with 0.03s TBT Deadline, 0.3s TTFT Deadline, 0.0s TTFT Slack, Using Predictions for TTFT: False  (Mean)": 0.0010968147565784874, "Deadline Miss Rate with 0.03s TBT Deadline, 0.3s TTFT Deadline, 0.0s TTFT Slack, Using Predictions for TTFT: False  (P50)": 0, "Deadline Miss Rate with 0.03s TBT Deadline, 0.3s TTFT Deadline, 0.0s TTFT Slack, Using Predictions for TTFT: False  (P90)": 0, "Deadline Miss Rate with 0.03s TBT Deadline, 0.3s TTFT Deadline, 0.0s TTFT Slack, Using Predictions for TTFT: False  (P99)": 0, "Min Deadline to Meet Target Deadline Miss Rate of 10.0% (Mean)": 0.0033444669338995986, "Min Deadline to Meet Target Deadline Miss Rate of 10.0% (P50)": 0.004165152759848989, "Min Deadline to Meet Target Deadline Miss Rate of 10.0% (P90)": 0.005294947330512906, "Min Deadline to Meet Target Deadline Miss Rate of 10.0% (P99)": 0.0055887354771758145}