{"tpot_based_throughput": 184.55290743851242, "tbt_based_throughput": 128.78517615311122, "deadline_based_throughput": 109.61493172032465}