{"Number of Requests": 256, "Number of Errored Requests": 0, "Number of Completed Requests": 256, "Error Rate": 0.0, "Deadline Miss Rate": 0.05335270496599875, "Number of Prompt Tokens (Mean)": 6475.9375, "Number of Prompt Tokens (P50)": 7793.166095210145, "Number of Prompt Tokens (P90)": 8078.831292220465, "Number of Prompt Tokens (P99)": 8160.024923752189, "Number of Output Tokens (Mean)": 184.84765625, "Number of Output Tokens (P50)": 160.9351025012422, "Number of Output Tokens (P90)": 308.8949992819657, "Number of Output Tokens (P99)": 455.32048804743, "Number of Total Tokens (Mean)": 6660.78515625, "Number of Total Tokens (P50)": 8030.503416967201, "Number of Total Tokens (P90)": 8192.730401697612, "Number of Total Tokens (P99)": 8192.730401697612, "Time per Output Token (Mean)": 0.018754425641014538, "Time per Output Token (P50)": 0.017231746775903854, "Time per Output Token (P90)": 0.025913227725275052, "Time per Output Token (P99)": 0.0375154813824459, "Time to First Token (Mean)": 0.3417163603822928, "Time to First Token (P50)": 0.3516915210261385, "Time to First Token (P90)": 0.5184038439210604, "Time to First Token (P99)": 0.7082199179121906, "Time Between Tokens (Mean)": 0.018628379420414922, "Time Between Tokens (P50)": 0.013207083793213397, "Time Between Tokens (P90)": 0.015811750982145337, "Time Between Tokens (P99)": 0.3002917127329587, "End to End Latency (Mean)": 3.7667913249897538, "End to End Latency (P50)": 3.4178097080559167, "End to End Latency (P90)": 6.507791324173759, "End to End Latency (P99)": 9.592679482417966, "Normalized End to End Latency (Mean)": 0.021278747260590026, "Normalized End to End Latency (P50)": 0.01942874101419474, "Normalized End to End Latency (P90)": 0.02921708384319103, "Normalized End to End Latency (P99)": 0.04298080969782792, "Output Throughput (Mean)": 50.57328755741933, "Output Throughput (P50)": 51.470087499205164, "Output Throughput (P90)": 64.78025760405994, "Output Throughput (P99)": 74.06928470764261, "Deadline Miss Rate with 0.03s TBT Deadline, 0.3s TTFT Deadline, 0.0s TTFT Slack, Using Predictions for TTFT: False  (Mean)": 0.05992782634607312, "Deadline Miss Rate with 0.03s TBT Deadline, 0.3s TTFT Deadline, 0.0s TTFT Slack, Using Predictions for TTFT: False  (P50)": 0.02354123417528636, "Deadline Miss Rate with 0.03s TBT Deadline, 0.3s TTFT Deadline, 0.0s TTFT Slack, Using Predictions for TTFT: False  (P90)": 0.14971809302031183, "Deadline Miss Rate with 0.03s TBT Deadline, 0.3s TTFT Deadline, 0.0s TTFT Slack, Using Predictions for TTFT: False  (P99)": 0.4176962475999589, "Min Deadline to Meet Target Deadline Miss Rate of 10.0% (Mean)": 0.02556613588328482, "Min Deadline to Meet Target Deadline Miss Rate of 10.0% (P50)": 0.018370634647081274, "Min Deadline to Meet Target Deadline Miss Rate of 10.0% (P90)": 0.0428092297904313, "Min Deadline to Meet Target Deadline Miss Rate of 10.0% (P99)": 0.11047111064488437}