{"Target TBT (ms)": [1, 2, 3, 4, 5, 6, 7, 8, 9, 10, 11, 12, 13, 14, 15, 16, 17, 18, 19, 20, 21, 22, 23, 24, 25, 26, 27, 28, 29, 30, 31, 32, 33, 34, 35, 36, 37, 38, 39, 40, 41, 42, 43, 44, 45, 46, 47, 48, 49, 50, 51, 52, 53, 54, 55, 56, 57, 58, 59, 60, 61, 62, 63, 64, 65, 66, 67, 68, 69, 70, 71, 72, 73, 74, 75, 76, 77, 78, 79, 80, 81, 82, 83, 84, 85, 86, 87, 88, 89, 90, 91, 92, 93, 94, 95, 96, 97, 98, 99, 100], "Miss Rate P(99)": [0.9998233949493768, 0.9994180928698629, 0.9991148756930768, 0.9987411825563532, 0.9982486865148862, 0.9977378494788083, 0.9974993593709961, 0.996475280871254, 0.9939766144604162, 0.9925083612040134, 0.9920827123695976, 0.9913735633230725, 0.9846683673469386, 0.975406626506024, 0.9667871485943774, 0.9139899403438998, 0.7916950133055649, 0.6017333232338532, 0.5426704130783826, 0.518167984910206, 0.49602592573464854, 0.4790195218249616, 0.4548992966751917, 0.43352953240360925, 0.41696714223951564, 0.40341135458167315, 0.3908684546615581, 0.38350775193798453, 0.37449651046859417, 0.35905388471177924, 0.3536967418546365, 0.3420195139911634, 0.33697176514584887, 0.31662640901771333, 0.3115196078431372, 0.3115196078431372, 0.30002816108138547, 0.29418238993710677, 0.2881410256410256, 0.2881410256410256, 0.27559577677224734, 0.2696231617647058, 0.26321195144724535, 0.26297021091541617, 0.24897959183673457, 0.24897959183673457, 0.24326859776168527, 0.24326859776168527, 0.2364335898293742, 0.22932035519125682, 0.22229166666666653, 0.22229166666666653, 0.22229166666666653, 0.20778171788810076, 0.1943291620465704, 0.18662838392124673, 0.17963054187192098, 0.17963054187192098, 0.17524867374005276, 0.17118297787522385, 0.16848436246992737, 0.16528668805132268, 0.16528668805132268, 0.1571929824561399, 0.15441176470588186, 0.15335913312693453, 0.13745917256396253, 0.13745917256396253, 0.13132280892759907, 0.12840635268346076, 0.12545454545454504, 0.12545454545454504, 0.12545454545454504, 0.12279069767441825, 0.11980289279636941, 0.11980289279636941, 0.11677842773576783, 0.11533846837505504, 0.11533846837505504, 0.11533846837505504, 0.11371662360034399, 0.11371662360034399, 0.10925925925925883, 0.10769230769230724, 0.10769230769230724, 0.09707242848447928, 0.09707242848447928, 0.09707242848447928, 0.0900314712824546, 0.0900314712824546, 0.0900314712824546, 0.08675958188153288, 0.08675958188153288, 0.08675958188153288, 0.08675958188153288, 0.08675958188153288, 0.08675958188153288, 0.08344492268452067, 0.08344492268452067, 0.08344492268452067]}