{"tpot_based_throughput": 53.32074781394925, "tbt_based_throughput": 3.332353180285996, "deadline_based_throughput": 12.155673244262594}