{"Number of Requests": 512, "Number of Errored Requests": 0, "Number of Completed Requests": 512, "Error Rate": 0.0, "Deadline Miss Rate": 0.0028658446310357226, "Number of Prompt Tokens (Mean)": 6537.701171875, "Number of Prompt Tokens (P50)": 7840.065665426578, "Number of Prompt Tokens (P90)": 8095.005128641327, "Number of Prompt Tokens (P99)": 8160.024923752189, "Number of Output Tokens (Mean)": 184.326171875, "Number of Output Tokens (P50)": 170.88677687557998, "Number of Output Tokens (P90)": 308.2778264562278, "Number of Output Tokens (P99)": 434.8501656627444, "Number of Total Tokens (Mean)": 6722.02734375, "Number of Total Tokens (P50)": 8078.831292220465, "Number of Total Tokens (P90)": 8192.730401697612, "Number of Total Tokens (P99)": 8192.730401697612, "Time per Output Token (Mean)": 0.007473732545924449, "Time per Output Token (P50)": 0.006690931552625862, "Time per Output Token (P90)": 0.010556621168571614, "Time per Output Token (P99)": 0.017650311524103825, "Time to First Token (Mean)": 0.19636804281435616, "Time to First Token (P50)": 0.21631902132589584, "Time to First Token (P90)": 0.24341171449791046, "Time to First Token (P99)": 0.3832756562127839, "Time Between Tokens (Mean)": 0.007423547096639764, "Time Between Tokens (P50)": 0.005758937869112104, "Time Between Tokens (P90)": 0.0067311978334072455, "Time Between Tokens (P99)": 0.033339858905148255, "End to End Latency (Mean)": 1.5572985137750948, "End to End Latency (P50)": 1.3512088015045334, "End to End Latency (P90)": 2.640583257602467, "End to End Latency (P99)": 4.051146657413629, "Normalized End to End Latency (Mean)": 0.008965767414042937, "Normalized End to End Latency (P50)": 0.007946671544214669, "Normalized End to End Latency (P90)": 0.012638570917227877, "Normalized End to End Latency (P99)": 0.022891222038540864, "Output Throughput (Mean)": 121.78643046829748, "Output Throughput (P50)": 125.83872309759909, "Output Throughput (P90)": 157.11863951343716, "Output Throughput (P99)": 176.091055785056, "Deadline Miss Rate with 0.03s TBT Deadline, 0.3s TTFT Deadline, 0.0s TTFT Slack, Using Predictions for TTFT: False  (Mean)": 0.004079118369965521, "Deadline Miss Rate with 0.03s TBT Deadline, 0.3s TTFT Deadline, 0.0s TTFT Slack, Using Predictions for TTFT: False  (P50)": 0, "Deadline Miss Rate with 0.03s TBT Deadline, 0.3s TTFT Deadline, 0.0s TTFT Slack, Using Predictions for TTFT: False  (P90)": 0.007277250686896177, "Deadline Miss Rate with 0.03s TBT Deadline, 0.3s TTFT Deadline, 0.0s TTFT Slack, Using Predictions for TTFT: False  (P99)": 0.0629760098170069, "Min Deadline to Meet Target Deadline Miss Rate of 10.0% (Mean)": 0.00733960448801337, "Min Deadline to Meet Target Deadline Miss Rate of 10.0% (P50)": 0.006151851429625353, "Min Deadline to Meet Target Deadline Miss Rate of 10.0% (P90)": 0.011831356055865461, "Min Deadline to Meet Target Deadline Miss Rate of 10.0% (P99)": 0.02377782759137498}