{"Target TBT (ms)": [1, 2, 3, 4, 5, 6, 7, 8, 9, 10, 11, 12, 13, 14, 15, 16, 17, 18, 19, 20, 21, 22, 23, 24, 25, 26, 27, 28, 29, 30, 31, 32, 33, 34, 35, 36, 37, 38, 39, 40, 41, 42, 43, 44, 45, 46, 47, 48, 49, 50, 51, 52, 53, 54, 55, 56, 57, 58, 59, 60, 61, 62, 63, 64, 65, 66, 67, 68, 69, 70, 71, 72, 73, 74, 75, 76, 77, 78, 79, 80, 81, 82, 83, 84, 85, 86, 87, 88, 89, 90, 91, 92, 93, 94, 95, 96, 97, 98, 99, 100], "Miss Rate P(99)": [0.9993995093910091, 0.9983732818604095, 0.9970128964164541, 0.9953180092568517, 0.9947113938692886, 0.9857627118644068, 0.978408205987021, 0.9766517231717567, 0.974137587238285, 0.9647922705314009, 0.9474597637549017, 0.4188706607450372, 0.36050224887556204, 0.3229049700874367, 0.2967484407484407, 0.2842626913779206, 0.25236884057971004, 0.23005736714975822, 0.21620481927710808, 0.19431537598204232, 0.19111179319282423, 0.16212499999999996, 0.15099447111887085, 0.14445366399403312, 0.13329734219269096, 0.12917265087853314, 0.11815877712031556, 0.11815877712031556, 0.10611977401129938, 0.10611977401129938, 0.10062733693394245, 0.10062733693394245, 0.09445117845117813, 0.09177539608574056, 0.08073689182805839, 0.07976722628489, 0.07976722628489, 0.07803629443980294, 0.07095528455284525, 0.06763888888888867, 0.06763888888888867, 0.05527777777777774, 0.05527777777777774, 0.05527777777777774, 0.05448261238337561, 0.049538167938931246, 0.04873076923076908, 0.04873076923076908, 0.04873076923076908, 0.04183640303358608, 0.04183640303358608, 0.04183640303358608, 0.03777915632754334, 0.03777915632754334, 0.03185253456221193, 0.02824908424908421, 0.025937395937395934, 0.025937395937395934, 0.024977375565610777, 0.023016237745097985, 0.019488017429193885, 0.018481481481481477, 0.018481481481481477, 0.018481481481481477, 0.018481481481481477, 0.018481481481481477, 0.017776021080368857, 0.01446997929606625, 0.01446997929606625, 0.01446997929606625, 0.011491676007805028, 0.011491676007805028, 0.011491676007805028, 0.011491676007805028, 0.010339123242348999, 0.007668455575432309, 0.007668455575432309, 0.007668455575432309, 0.007668455575432309, 0.007668455575432309, 0.006972075543504113, 0.006972075543504113, 0.006778105979233795, 0.006778105979233795, 0.006778105979233795, 0.006778105979233795, 0.006440369540873443, 0.006440369540873443, 0.0052081804842259586, 0.0052081804842259586, 0.0052081804842259586, 0.0052081804842259586, 0.0052081804842259586, 0.0052081804842259586, 0.005160399142338757, 0.005160399142338757, 0.0034496124031007224, 0.0034496124031007224, 0.0034496124031007224, 0.0]}