{"tpot_based_throughput": 133.8019515490042, "tbt_based_throughput": 29.958000262958244, "deadline_based_throughput": 30.926379788129985}