{"Number of Requests": 256, "Number of Errored Requests": 0, "Number of Completed Requests": 256, "Error Rate": 0.0, "Deadline Miss Rate": 0.7146012182524134, "Number of Prompt Tokens (Mean)": 6475.9375, "Number of Prompt Tokens (P50)": 7793.166095210145, "Number of Prompt Tokens (P90)": 8078.831292220465, "Number of Prompt Tokens (P99)": 8160.024923752189, "Number of Output Tokens (Mean)": 184.85546875, "Number of Output Tokens (P50)": 160.9351025012422, "Number of Output Tokens (P90)": 308.8949992819657, "Number of Output Tokens (P99)": 455.32048804743, "Number of Total Tokens (Mean)": 6660.79296875, "Number of Total Tokens (P50)": 8030.503416967201, "Number of Total Tokens (P90)": 8192.730401697612, "Number of Total Tokens (P99)": 8192.730401697612, "Time per Output Token (Mean)": 0.05456347888034121, "Time per Output Token (P50)": 0.050945365135418495, "Time per Output Token (P90)": 0.07661201533830812, "Time per Output Token (P99)": 0.11025038914509439, "Time to First Token (Mean)": 0.6560854720822249, "Time to First Token (P50)": 0.5786828638290472, "Time to First Token (P90)": 1.0565401057749682, "Time to First Token (P99)": 1.8459604374181477, "Time Between Tokens (Mean)": 0.05357652455282865, "Time Between Tokens (P50)": 0.0302275455402293, "Time Between Tokens (P90)": 0.036699153056495896, "Time Between Tokens (P99)": 0.5194416894544359, "End to End Latency (Mean)": 10.50642250773842, "End to End Latency (P50)": 9.650408592699073, "End to End Latency (P90)": 18.448821104444963, "End to End Latency (P99)": 25.713099811602593, "Normalized End to End Latency (Mean)": 0.059147096338540324, "Normalized End to End Latency (P50)": 0.054968143700421024, "Normalized End to End Latency (P90)": 0.0828269878621278, "Normalized End to End Latency (P99)": 0.11706789480646827, "Output Throughput (Mean)": 18.355854907633542, "Output Throughput (P50)": 18.08350985009381, "Output Throughput (P90)": 24.903306147561054, "Output Throughput (P99)": 30.235013382273646, "Deadline Miss Rate with 0.03s TBT Deadline, 0.3s TTFT Deadline, 0.0s TTFT Slack, Using Predictions for TTFT: False  (Mean)": 0.6727212718110882, "Deadline Miss Rate with 0.03s TBT Deadline, 0.3s TTFT Deadline, 0.0s TTFT Slack, Using Predictions for TTFT: False  (P50)": 0.735650157800279, "Deadline Miss Rate with 0.03s TBT Deadline, 0.3s TTFT Deadline, 0.0s TTFT Slack, Using Predictions for TTFT: False  (P90)": 0.9694750783202029, "Deadline Miss Rate with 0.03s TBT Deadline, 0.3s TTFT Deadline, 0.0s TTFT Slack, Using Predictions for TTFT: False  (P99)": 0.9910398802794488, "Min Deadline to Meet Target Deadline Miss Rate of 10.0% (Mean)": 0.08513848293862253, "Min Deadline to Meet Target Deadline Miss Rate of 10.0% (P50)": 0.05848403626551822, "Min Deadline to Meet Target Deadline Miss Rate of 10.0% (P90)": 0.14704727592126143, "Min Deadline to Meet Target Deadline Miss Rate of 10.0% (P99)": 0.366777150636501}