{"Target TBT (ms)": [1, 2, 3, 4, 5, 6, 7, 8, 9, 10, 11, 12, 13, 14, 15, 16, 17, 18, 19, 20, 21, 22, 23, 24, 25, 26, 27, 28, 29, 30, 31, 32, 33, 34, 35, 36, 37, 38, 39, 40, 41, 42, 43, 44, 45, 46, 47, 48, 49, 50, 51, 52, 53, 54, 55, 56, 57, 58, 59, 60, 61, 62, 63, 64, 65, 66, 67, 68, 69, 70, 71, 72, 73, 74, 75, 76, 77, 78, 79, 80, 81, 82, 83, 84, 85, 86, 87, 88, 89, 90, 91, 92, 93, 94, 95, 96, 97, 98, 99, 100], "Miss Rate P(99)": [0.9999610674529065, 0.9999214333985136, 0.9998812562871693, 0.9998062380814072, 0.9997408285113479, 0.9996805614040242, 0.9996341815209683, 0.9995600019493585, 0.9995079431872871, 0.9994013756066062, 0.9992900181214135, 0.99925430734129, 0.99921696161296, 0.999181859483542, 0.9990385894323812, 0.9988388273857381, 0.9987710293138864, 0.9979652859409294, 0.9976156420014815, 0.9975379987093921, 0.9974483122156927, 0.9965799800390147, 0.9961307653168118, 0.9960570762958649, 0.9945298435464139, 0.9944001107905849, 0.9942906029331885, 0.9941961479752177, 0.993226764101393, 0.9901642115431055, 0.9854164015778089, 0.9525777899443378, 0.8845226007821897, 0.8051306507342354, 0.7889290839512079, 0.770172040014975, 0.7226084551750673, 0.685563143940665, 0.6757872622733302, 0.6639941690962099, 0.6566396174467468, 0.6451073619631901, 0.6387367584745761, 0.6291158536585365, 0.6228376879894656, 0.6102121212121211, 0.6025850340136053, 0.594417488357572, 0.5861886194711831, 0.578460825089928, 0.5711996336996336, 0.559929642602617, 0.5529925362624981, 0.5458328621508537, 0.5384397163120566, 0.5297584415584414, 0.5205664480313984, 0.5133508139407843, 0.5027795733678084, 0.49621315635369884, 0.4927750637843395, 0.48468758927478245, 0.47309523809523796, 0.4672501769702688, 0.4585712134899125, 0.4543371171557077, 0.4456559527195726, 0.4412051018441173, 0.4366780989710925, 0.42903890921183896, 0.42151401230348595, 0.418126554296767, 0.4129837461300309, 0.40596386409444274, 0.40239890710382503, 0.3969539100448662, 0.3914030650762493, 0.38380102040816305, 0.3779360730593606, 0.37602298850574706, 0.3713653308480893, 0.3694256756756756, 0.3674588924588924, 0.3674588924588924, 0.36067914335327017, 0.3516865079365078, 0.3516865079365078, 0.34454858648292613, 0.34454858648292613, 0.34243723208818116, 0.34243723208818116, 0.33509384775808115, 0.33509384775808115, 0.3329201680672268, 0.3329201680672268, 0.3271164021164021, 0.3271164021164021, 0.3197653039152065, 0.3197653039152065, 0.31716247139588094]}