{"tpot_based_throughput": 18.327277155348163, "tbt_based_throughput": 1.9245994775053412, "deadline_based_throughput": 3.995054586861279}