{"Number of Requests": 256, "Number of Errored Requests": 0, "Number of Completed Requests": 256, "Error Rate": 0.0, "Deadline Miss Rate": 0.12972691032375844, "Number of Prompt Tokens (Mean)": 6475.9375, "Number of Prompt Tokens (P50)": 7793.166095210145, "Number of Prompt Tokens (P90)": 8078.831292220465, "Number of Prompt Tokens (P99)": 8160.024923752189, "Number of Output Tokens (Mean)": 184.85546875, "Number of Output Tokens (P50)": 160.9351025012422, "Number of Output Tokens (P90)": 308.8949992819657, "Number of Output Tokens (P99)": 455.32048804743, "Number of Total Tokens (Mean)": 6660.79296875, "Number of Total Tokens (P50)": 8030.503416967201, "Number of Total Tokens (P90)": 8192.730401697612, "Number of Total Tokens (P99)": 8192.730401697612, "Time per Output Token (Mean)": 0.023981044040169187, "Time per Output Token (P50)": 0.021472080259448016, "Time per Output Token (P90)": 0.036333990261205665, "Time per Output Token (P99)": 0.05270729115059698, "Time to First Token (Mean)": 0.4687455697733185, "Time to First Token (P50)": 0.457947486227485, "Time to First Token (P90)": 0.7505112817821505, "Time to First Token (P99)": 1.0887165531867162, "Time Between Tokens (Mean)": 0.02362417737699864, "Time Between Tokens (P50)": 0.014861193851189074, "Time Between Tokens (P90)": 0.017685647483111043, "Time Between Tokens (P99)": 0.39494814164795633, "End to End Latency (Mean)": 4.812179775254549, "End to End Latency (P50)": 4.336206939942711, "End to End Latency (P90)": 8.093005717598098, "End to End Latency (P99)": 11.69311631679807, "Normalized End to End Latency (Mean)": 0.02743595364895817, "Normalized End to End Latency (P50)": 0.024748219473968578, "Normalized End to End Latency (P90)": 0.04072139833818039, "Normalized End to End Latency (P99)": 0.06123713876207167, "Output Throughput (Mean)": 40.48868521556763, "Output Throughput (P50)": 40.32617381019056, "Output Throughput (P90)": 53.7853340300857, "Output Throughput (P99)": 67.1548335882953, "Deadline Miss Rate with 0.03s TBT Deadline, 0.3s TTFT Deadline, 0.0s TTFT Slack, Using Predictions for TTFT: False  (Mean)": 0.13059833768683057, "Deadline Miss Rate with 0.03s TBT Deadline, 0.3s TTFT Deadline, 0.0s TTFT Slack, Using Predictions for TTFT: False  (P50)": 0.08552031579155878, "Deadline Miss Rate with 0.03s TBT Deadline, 0.3s TTFT Deadline, 0.0s TTFT Slack, Using Predictions for TTFT: False  (P90)": 0.31949908138474076, "Deadline Miss Rate with 0.03s TBT Deadline, 0.3s TTFT Deadline, 0.0s TTFT Slack, Using Predictions for TTFT: False  (P99)": 0.5267650192423886, "Min Deadline to Meet Target Deadline Miss Rate of 10.0% (Mean)": 0.04261694109547827, "Min Deadline to Meet Target Deadline Miss Rate of 10.0% (P50)": 0.028015378381472934, "Min Deadline to Meet Target Deadline Miss Rate of 10.0% (P90)": 0.07942029456495353, "Min Deadline to Meet Target Deadline Miss Rate of 10.0% (P99)": 0.2189304879142918}