{"Target TBT (ms)": [1, 2, 3, 4, 5, 6, 7, 8, 9, 10, 11, 12, 13, 14, 15, 16, 17, 18, 19, 20, 21, 22, 23, 24, 25, 26, 27, 28, 29, 30, 31, 32, 33, 34, 35, 36, 37, 38, 39, 40, 41, 42, 43, 44, 45, 46, 47, 48, 49, 50, 51, 52, 53, 54, 55, 56, 57, 58, 59, 60, 61, 62, 63, 64, 65, 66, 67, 68, 69, 70, 71, 72, 73, 74, 75, 76, 77, 78, 79, 80, 81, 82, 83, 84, 85, 86, 87, 88, 89, 90, 91, 92, 93, 94, 95, 96, 97, 98, 99, 100], "Miss Rate P(99)": [0.9998944556086783, 0.9997680631995236, 0.9993027320789127, 0.9990162086275844, 0.9987765515325534, 0.9984564870941119, 0.9982281826712543, 0.9977541294958321, 0.9962689935309161, 0.9954479594300893, 0.9946196819939837, 0.9939113709801508, 0.9936887986625268, 0.9922680104961832, 0.9879829484135549, 0.9870190292564339, 0.9764069136385087, 0.8971689895470383, 0.683702791461412, 0.6615260819368154, 0.6454578308669683, 0.6315603710087825, 0.6159035409035406, 0.6023257068853872, 0.5848390607992534, 0.566190476190476, 0.5554850034674064, 0.5381944444444443, 0.526316823899371, 0.5084447941253605, 0.4940217391304347, 0.47665816326530586, 0.46238521836506147, 0.4544540671326521, 0.4431579369535574, 0.4297930328724781, 0.42359769747361675, 0.409628957451099, 0.39979770189351016, 0.39465832078313245, 0.3829268292682926, 0.366510691823899, 0.36088889458309814, 0.3528425809163511, 0.3457792207792204, 0.3375320512820509, 0.33510558069381563, 0.32527472527472495, 0.322721674876847, 0.31644736842105226, 0.3138272810848078, 0.3060469897209982, 0.30333333333333307, 0.2953187492425158, 0.2953187492425158, 0.2910810810810809, 0.2842465753424655, 0.28279502324996836, 0.2737103174603172, 0.27072028423772593, 0.2692043094496364, 0.2620874500735756, 0.2604271857560455, 0.25673519791736193, 0.24768626110731362, 0.24768626110731362, 0.24444099378881984, 0.2441428571428571, 0.235097207493814, 0.2334185848252344, 0.22962578860945462, 0.22787910369984365, 0.22312709539774458, 0.2193125, 0.2193125, 0.2132635253054101, 0.21124401913875596, 0.2084968558224108, 0.2051020408163265, 0.2028571428571428, 0.2028571428571428, 0.19716434336023467, 0.1940767781441356, 0.1940767781441356, 0.19176136363636354, 0.18963914707490423, 0.18963914707490423, 0.18513513513513505, 0.18307692307692305, 0.17990790899241593, 0.17990790899241593, 0.17990790899241593, 0.17990790899241593, 0.16947802197802186, 0.16770089285714276, 0.16770089285714276, 0.16770089285714276, 0.16412218291664996, 0.16412218291664996, 0.16412218291664996]}