{"tpot_based_throughput": 41.699602332782554, "tbt_based_throughput": 2.5308014129696077, "deadline_based_throughput": 6.05272384038622}