{"Number of Requests": 256, "Number of Errored Requests": 0, "Number of Completed Requests": 256, "Error Rate": 0.0, "Deadline Miss Rate": 0.05545434525835319, "Number of Prompt Tokens (Mean)": 6475.9375, "Number of Prompt Tokens (P50)": 7793.166095210145, "Number of Prompt Tokens (P90)": 8078.831292220465, "Number of Prompt Tokens (P99)": 8160.024923752189, "Number of Output Tokens (Mean)": 185.3125, "Number of Output Tokens (P50)": 163.8581639514108, "Number of Output Tokens (P90)": 308.2778264562278, "Number of Output Tokens (P99)": 455.32048804743, "Number of Total Tokens (Mean)": 6661.25, "Number of Total Tokens (P50)": 8030.503416967201, "Number of Total Tokens (P90)": 8192.730401697612, "Number of Total Tokens (P99)": 8209.132264363674, "Time per Output Token (Mean)": 0.01836938168342048, "Time per Output Token (P50)": 0.016424159799691102, "Time per Output Token (P90)": 0.027405770131964907, "Time per Output Token (P99)": 0.03881293999215408, "Time to First Token (Mean)": 0.34300786512858394, "Time to First Token (P50)": 0.34888921210514684, "Time to First Token (P90)": 0.5163343695635656, "Time to First Token (P99)": 0.6983739185921765, "Time Between Tokens (Mean)": 0.018226566058092215, "Time Between Tokens (P50)": 0.012919700659469575, "Time Between Tokens (P90)": 0.01635859435694328, "Time Between Tokens (P99)": 0.29493481681683503, "End to End Latency (Mean)": 3.713783425497013, "End to End Latency (P50)": 3.3434389476503608, "End to End Latency (P90)": 6.520819935433368, "End to End Latency (P99)": 9.845359843713084, "Normalized End to End Latency (Mean)": 0.020987654218209528, "Normalized End to End Latency (P50)": 0.018854534751150547, "Normalized End to End Latency (P90)": 0.03040945605993523, "Normalized End to End Latency (P99)": 0.04402482758078329, "Output Throughput (Mean)": 52.48582367632714, "Output Throughput (P50)": 52.93161635500444, "Output Throughput (P90)": 69.75582397049466, "Output Throughput (P99)": 87.44421002830843, "Deadline Miss Rate with 0.03s TBT Deadline, 0.3s TTFT Deadline, 0.0s TTFT Slack, Using Predictions for TTFT: False  (Mean)": 0.06139658151440384, "Deadline Miss Rate with 0.03s TBT Deadline, 0.3s TTFT Deadline, 0.0s TTFT Slack, Using Predictions for TTFT: False  (P50)": 0.024698772482012597, "Deadline Miss Rate with 0.03s TBT Deadline, 0.3s TTFT Deadline, 0.0s TTFT Slack, Using Predictions for TTFT: False  (P90)": 0.15865851137017192, "Deadline Miss Rate with 0.03s TBT Deadline, 0.3s TTFT Deadline, 0.0s TTFT Slack, Using Predictions for TTFT: False  (P99)": 0.43041699645892095, "Min Deadline to Meet Target Deadline Miss Rate of 10.0% (Mean)": 0.02541736599798505, "Min Deadline to Meet Target Deadline Miss Rate of 10.0% (P50)": 0.01807904334652525, "Min Deadline to Meet Target Deadline Miss Rate of 10.0% (P90)": 0.04255314335389525, "Min Deadline to Meet Target Deadline Miss Rate of 10.0% (P99)": 0.11270277586550731}