{"Target TBT (ms)": [1, 2, 3, 4, 5, 6, 7, 8, 9, 10, 11, 12, 13, 14, 15, 16, 17, 18, 19, 20, 21, 22, 23, 24, 25, 26, 27, 28, 29, 30, 31, 32, 33, 34, 35, 36, 37, 38, 39, 40, 41, 42, 43, 44, 45, 46, 47, 48, 49, 50, 51, 52, 53, 54, 55, 56, 57, 58, 59, 60, 61, 62, 63, 64, 65, 66, 67, 68, 69, 70, 71, 72, 73, 74, 75, 76, 77, 78, 79, 80, 81, 82, 83, 84, 85, 86, 87, 88, 89, 90, 91, 92, 93, 94, 95, 96, 97, 98, 99, 100], "Miss Rate P(99)": [0.9996809483723083, 0.9991636661211128, 0.9986473390720589, 0.998042492241585, 0.9978093693349871, 0.9966100146198831, 0.9953971419076105, 0.9944949418692436, 0.9940037822022407, 0.9938045540796964, 0.9932046826413023, 0.9883061527057079, 0.971197573517596, 0.9652099824098503, 0.9068644067796608, 0.816045363855927, 0.7545573868095584, 0.6124468085106379, 0.5580068842353887, 0.5387886865609635, 0.5181203847347188, 0.49713508322663214, 0.4763529411764702, 0.45555245029911146, 0.4383262500402458, 0.4178502415458935, 0.4023822869955156, 0.39165485750275547, 0.3767194092827003, 0.3661790060851925, 0.34856609536738475, 0.33986062717770005, 0.3332570556826846, 0.3225315126050417, 0.31712566844919765, 0.31712566844919765, 0.3084098737083809, 0.2881567489114656, 0.2881567489114656, 0.2881567489114656, 0.27590144230769204, 0.27590144230769204, 0.2694902319902316, 0.26321195144724535, 0.26321195144724535, 0.2566825396825396, 0.2500645161290321, 0.24322950819672098, 0.23258130081300774, 0.22982240437158435, 0.22229166666666653, 0.221267507002801, 0.218319209039548, 0.21129310344827576, 0.20152542372881355, 0.19674281503316127, 0.18268996032956958, 0.18268996032956958, 0.18268996032956958, 0.1786483990147781, 0.17395593869731768, 0.1687717938783413, 0.1630284434054154, 0.15394736842105217, 0.15123308270676641, 0.14460714285714252, 0.14460714285714252, 0.13499477533960272, 0.13499477533960272, 0.13499477533960272, 0.12903836048344686, 0.12903836048344686, 0.12621035940803343, 0.12621035940803343, 0.12621035940803343, 0.12068543451652347, 0.12068543451652347, 0.11779069767441816, 0.11779069767441816, 0.11486170359157785, 0.11486170359157785, 0.1104043392504927, 0.1104043392504927, 0.10744047619047573, 0.09677672955974809, 0.09677672955974809, 0.09677672955974809, 0.09677672955974809, 0.09375776748389972, 0.09375776748389972, 0.09375776748389972, 0.09375776748389972, 0.09375776748389972, 0.09375776748389972, 0.08302826691380881, 0.08302826691380881, 0.08302826691380881, 0.08302826691380881, 0.08302826691380881, 0.08302826691380881]}