{"tpot_based_throughput": 54.438413727477986, "tbt_based_throughput": 3.3907465054563946, "deadline_based_throughput": 11.664043474635285}