{"Number of Requests": 256, "Number of Errored Requests": 0, "Number of Completed Requests": 256, "Error Rate": 0.0, "Deadline Miss Rate": 0.06423649255967243, "Number of Prompt Tokens (Mean)": 6475.9375, "Number of Prompt Tokens (P50)": 7793.166095210145, "Number of Prompt Tokens (P90)": 8078.831292220465, "Number of Prompt Tokens (P99)": 8160.024923752189, "Number of Output Tokens (Mean)": 184.76171875, "Number of Output Tokens (P50)": 160.9351025012422, "Number of Output Tokens (P90)": 308.8949992819657, "Number of Output Tokens (P99)": 455.32048804743, "Number of Total Tokens (Mean)": 6660.69921875, "Number of Total Tokens (P50)": 8030.503416967201, "Number of Total Tokens (P90)": 8192.730401697612, "Number of Total Tokens (P99)": 8192.730401697612, "Time per Output Token (Mean)": 0.0195256260205954, "Time per Output Token (P50)": 0.017685647483111043, "Time per Output Token (P90)": 0.028638546630064335, "Time per Output Token (P99)": 0.04146102038352242, "Time to First Token (Mean)": 0.36429752484741584, "Time to First Token (P50)": 0.3624021260184165, "Time to First Token (P90)": 0.55710547462353, "Time to First Token (P99)": 0.7610923378229978, "Time Between Tokens (Mean)": 0.019342003171750322, "Time Between Tokens (P50)": 0.013339817236495882, "Time Between Tokens (P90)": 0.01635859435694328, "Time Between Tokens (P99)": 0.3137995457275673, "End to End Latency (Mean)": 3.9188439358558753, "End to End Latency (P50)": 3.5644149238541125, "End to End Latency (P90)": 6.814141871873477, "End to End Latency (P99)": 9.904609594027022, "Normalized End to End Latency (Mean)": 0.022228513254955524, "Normalized End to End Latency (P50)": 0.020140918204014143, "Normalized End to End Latency (P90)": 0.03096178247814911, "Normalized End to End Latency (P99)": 0.045456405630066955, "Output Throughput (Mean)": 49.05404145107975, "Output Throughput (P50)": 49.55091867664183, "Output Throughput (P90)": 64.90994780947346, "Output Throughput (P99)": 74.81369364413838, "Deadline Miss Rate with 0.03s TBT Deadline, 0.3s TTFT Deadline, 0.0s TTFT Slack, Using Predictions for TTFT: False  (Mean)": 0.07069396153865667, "Deadline Miss Rate with 0.03s TBT Deadline, 0.3s TTFT Deadline, 0.0s TTFT Slack, Using Predictions for TTFT: False  (P50)": 0.033339858905148255, "Deadline Miss Rate with 0.03s TBT Deadline, 0.3s TTFT Deadline, 0.0s TTFT Slack, Using Predictions for TTFT: False  (P90)": 0.1596133243311087, "Deadline Miss Rate with 0.03s TBT Deadline, 0.3s TTFT Deadline, 0.0s TTFT Slack, Using Predictions for TTFT: False  (P99)": 0.43041699645892095, "Min Deadline to Meet Target Deadline Miss Rate of 10.0% (Mean)": 0.02841052727237451, "Min Deadline to Meet Target Deadline Miss Rate of 10.0% (P50)": 0.019781624897208798, "Min Deadline to Meet Target Deadline Miss Rate of 10.0% (P90)": 0.04817083562857485, "Min Deadline to Meet Target Deadline Miss Rate of 10.0% (P99)": 0.1149795237292563}