{"Target TBT (ms)": [1, 2, 3, 4, 5, 6, 7, 8, 9, 10, 11, 12, 13, 14, 15, 16, 17, 18, 19, 20, 21, 22, 23, 24, 25, 26, 27, 28, 29, 30, 31, 32, 33, 34, 35, 36, 37, 38, 39, 40, 41, 42, 43, 44, 45, 46, 47, 48, 49, 50, 51, 52, 53, 54, 55, 56, 57, 58, 59, 60, 61, 62, 63, 64, 65, 66, 67, 68, 69, 70, 71, 72, 73, 74, 75, 76, 77, 78, 79, 80, 81, 82, 83, 84, 85, 86, 87, 88, 89, 90, 91, 92, 93, 94, 95, 96, 97, 98, 99, 100], "Miss Rate P(99)": [0.9998321795816234, 0.9994089577985991, 0.9989438172959317, 0.9984551252360423, 0.9978529953199556, 0.99750512395081, 0.9960596478174604, 0.9948552631578947, 0.9931202166490051, 0.9913406256999926, 0.9893912717737404, 0.988505448884276, 0.9837094907407407, 0.9777917640712102, 0.9653392831845871, 0.9535115768386176, 0.8607423580786026, 0.7072135416666666, 0.5708908612754766, 0.5502776659401074, 0.5262069922308545, 0.5030612244897958, 0.4833603238866395, 0.4628158844765341, 0.4476198242645407, 0.4298604437387704, 0.42233296419342903, 0.4127881156459562, 0.39927987813322235, 0.38656518382707705, 0.37911764705882345, 0.3652093596059113, 0.3563462545835515, 0.3521287976037655, 0.34049315321983714, 0.33078534031413603, 0.3257301740812379, 0.31970515970515956, 0.29682466635987104, 0.29299191374663053, 0.29299191374663053, 0.2830415231534633, 0.279053923463471, 0.2749853572823113, 0.2645550527903467, 0.25802564102564096, 0.25591752577319576, 0.24946073298429297, 0.24726315789473657, 0.24726315789473657, 0.24726315789473657, 0.22892287234042552, 0.22892287234042552, 0.22436155913978484, 0.2173326502732238, 0.21493818681318652, 0.21493818681318652, 0.20755786766425052, 0.20755786766425052, 0.20755786766425052, 0.20513694604443383, 0.20268912529550806, 0.1900097703957009, 0.1843749999999998, 0.1843749999999998, 0.17687499999999998, 0.17166666666666655, 0.17166666666666655, 0.17166666666666655, 0.16808176100628927, 0.16320754716981123, 0.16034482758620677, 0.16034482758620677, 0.15174071618037116, 0.1452162382700937, 0.1429824561403508, 0.13800996574275923, 0.13764276868033573, 0.13764276868033573, 0.13764276868033573, 0.13764276868033573, 0.12999260355029574, 0.12767857142857136, 0.12533682634730536, 0.12533682634730536, 0.12533682634730536, 0.12533682634730536, 0.12533682634730536, 0.1225150602409638, 0.1225150602409638, 0.1225150602409638, 0.11181818181818175, 0.11181818181818175, 0.10939024390243901, 0.10939024390243901, 0.10341189674522995, 0.10341189674522995, 0.10341189674522995, 0.10341189674522995, 0.10341189674522995]}