{"tpot_based_throughput": 51.214747170985035, "tbt_based_throughput": 3.186138192861526, "deadline_based_throughput": 10.074318634544984}