{"Number of Requests": 512, "Number of Errored Requests": 0, "Number of Completed Requests": 512, "Error Rate": 0.0, "Deadline Miss Rate": 0.008528470350404313, "Number of Prompt Tokens (Mean)": 6537.701171875, "Number of Prompt Tokens (P50)": 7840.065665426578, "Number of Prompt Tokens (P90)": 8095.005128641327, "Number of Prompt Tokens (P99)": 8160.024923752189, "Number of Output Tokens (Mean)": 184.283203125, "Number of Output Tokens (P50)": 170.88677687557998, "Number of Output Tokens (P90)": 308.2778264562278, "Number of Output Tokens (P99)": 434.8501656627444, "Number of Total Tokens (Mean)": 6721.984375, "Number of Total Tokens (P50)": 8078.831292220465, "Number of Total Tokens (P90)": 8192.730401697612, "Number of Total Tokens (P99)": 8192.730401697612, "Time per Output Token (Mean)": 0.012932085207741868, "Time per Output Token (P50)": 0.013075671070196661, "Time per Output Token (P90)": 0.016992183099781375, "Time per Output Token (P99)": 0.024209703857776026, "Time to First Token (Mean)": 0.22864621148528386, "Time to First Token (P50)": 0.2292365151883339, "Time to First Token (P90)": 0.3008928973430347, "Time to First Token (P99)": 0.4814269639527997, "Time Between Tokens (Mean)": 0.012802091531949835, "Time Between Tokens (P50)": 0.011367441797760437, "Time Between Tokens (P90)": 0.011878776273103181, "Time Between Tokens (P99)": 0.14043631677728274, "End to End Latency (Mean)": 2.575054554160488, "End to End Latency (P50)": 2.3279773062949447, "End to End Latency (P90)": 4.414965390703957, "End to End Latency (P99)": 6.252617093104983, "Normalized End to End Latency (Mean)": 0.01463478636535447, "Normalized End to End Latency (P50)": 0.014364406338656776, "Normalized End to End Latency (P90)": 0.01931251754843599, "Normalized End to End Latency (P99)": 0.02921708384319103, "Output Throughput (Mean)": 75.60825930200402, "Output Throughput (P50)": 69.61645169482934, "Output Throughput (P90)": 112.73061955949834, "Output Throughput (P99)": 158.69770862157714, "Deadline Miss Rate with 0.03s TBT Deadline, 0.3s TTFT Deadline, 0.0s TTFT Slack, Using Predictions for TTFT: False  (Mean)": 0.012146083161617903, "Deadline Miss Rate with 0.03s TBT Deadline, 0.3s TTFT Deadline, 0.0s TTFT Slack, Using Predictions for TTFT: False  (P50)": 0, "Deadline Miss Rate with 0.03s TBT Deadline, 0.3s TTFT Deadline, 0.0s TTFT Slack, Using Predictions for TTFT: False  (P90)": 0.036625828075364034, "Deadline Miss Rate with 0.03s TBT Deadline, 0.3s TTFT Deadline, 0.0s TTFT Slack, Using Predictions for TTFT: False  (P99)": 0.1691446365789772, "Min Deadline to Meet Target Deadline Miss Rate of 10.0% (Mean)": 0.013742815782539034, "Min Deadline to Meet Target Deadline Miss Rate of 10.0% (P50)": 0.012118743552489568, "Min Deadline to Meet Target Deadline Miss Rate of 10.0% (P90)": 0.019781624897208798, "Min Deadline to Meet Target Deadline Miss Rate of 10.0% (P99)": 0.0428092297904313}