{"Target TBT (ms)": [1, 2, 3, 4, 5, 6, 7, 8, 9, 10, 11, 12, 13, 14, 15, 16, 17, 18, 19, 20, 21, 22, 23, 24, 25, 26, 27, 28, 29, 30, 31, 32, 33, 34, 35, 36, 37, 38, 39, 40, 41, 42, 43, 44, 45, 46, 47, 48, 49, 50, 51, 52, 53, 54, 55, 56, 57, 58, 59, 60, 61, 62, 63, 64, 65, 66, 67, 68, 69, 70, 71, 72, 73, 74, 75, 76, 77, 78, 79, 80, 81, 82, 83, 84, 85, 86, 87, 88, 89, 90, 91, 92, 93, 94, 95, 96, 97, 98, 99, 100], "Miss Rate P(99)": [0.9996272163540483, 0.9991861777581184, 0.9985775248933144, 0.997872340425532, 0.9975556364518869, 0.9946713628522139, 0.9927807598954443, 0.9923836555973186, 0.9920727921775571, 0.9918055755846167, 0.9827398131584177, 0.5977024170572554, 0.5206995654872748, 0.4970359281437122, 0.46614148903305486, 0.4446841004184094, 0.4141954191621928, 0.37455462184873906, 0.33851310736349943, 0.30478026533996677, 0.2770225283397905, 0.25324824087710673, 0.24187430478309233, 0.2322538363171354, 0.2123467767545252, 0.2123467767545252, 0.21060521415269998, 0.19443812709030087, 0.19443812709030087, 0.18910079575596808, 0.17609722222222202, 0.15905122655122655, 0.15905122655122655, 0.15905122655122655, 0.15905122655122655, 0.1494677419354838, 0.1386122760198245, 0.1386122760198245, 0.1386122760198245, 0.13098057073466907, 0.11818543451652383, 0.11522170542635646, 0.1066354609929078, 0.10625979843225082, 0.10432937181663825, 0.1011536358665937, 0.1011536358665937, 0.09660522273425497, 0.09375440658049344, 0.0857652338214454, 0.0857652338214454, 0.0857652338214454, 0.0857652338214454, 0.0811994654193116, 0.07651031894934329, 0.07651031894934329, 0.07537977745524897, 0.07537977745524897, 0.07472736124634832, 0.06807137834036552, 0.06807137834036552, 0.05680731364275666, 0.056251956181533634, 0.056251956181533634, 0.05533730158730156, 0.05533730158730156, 0.05533730158730156, 0.05533730158730156, 0.053283666969972665, 0.053283666969972665, 0.053283666969972665, 0.04451923076923073, 0.04451923076923073, 0.04134139784946232, 0.04134139784946232, 0.04134139784946232, 0.038443548387096745, 0.038443548387096745, 0.03801436593966297, 0.03801436593966297, 0.03801436593966297, 0.03196876807403118, 0.03196876807403118, 0.03196876807403118, 0.028558652729384435, 0.028558652729384435, 0.027903328252032452, 0.027903328252032452, 0.027903328252032452, 0.027903328252032452, 0.027903328252032452, 0.027903328252032452, 0.027903328252032452, 0.027903328252032452, 0.027903328252032452, 0.027903328252032452, 0.027903328252032452, 0.020040540540540514, 0.020040540540540514, 0.020040540540540514]}