{"tpot_based_throughput": 77.3270500415002, "tbt_based_throughput": 7.114055877623786, "deadline_based_throughput": 21.027167735083417}