{"Number of Requests": 621, "Number of Errored Requests": 0, "Number of Completed Requests": 621, "Error Rate": 0.0, "Deadline Miss Rate": 0.09794825194892151, "Number of Prompt Tokens (Mean)": 6548.608695652174, "Number of Prompt Tokens (P50)": 7871.488742819985, "Number of Prompt Tokens (P90)": 8095.005128641327, "Number of Prompt Tokens (P99)": 8160.024923752189, "Number of Output Tokens (Mean)": 184.39613526570048, "Number of Output Tokens (P50)": 171.91518000381075, "Number of Output Tokens (P90)": 313.8770712229126, "Number of Output Tokens (P99)": 455.32048804743, "Number of Total Tokens (Mean)": 6733.004830917875, "Number of Total Tokens (P50)": 8192.730401697612, "Number of Total Tokens (P90)": 8192.730401697612, "Number of Total Tokens (P99)": 8192.730401697612, "Time per Output Token (Mean)": 0.022155940872641302, "Time per Output Token (P50)": 0.02034333786500421, "Time per Output Token (P90)": 0.031777345470455784, "Time per Output Token (P99)": 0.04924233767516848, "Time to First Token (Mean)": 0.4299795236790946, "Time to First Token (P50)": 0.44263898579128574, "Time to First Token (P90)": 0.6736796137075555, "Time to First Token (P99)": 0.9130172266954232, "Time Between Tokens (Mean)": 0.021849642289774023, "Time Between Tokens (P50)": 0.01439316390890434, "Time Between Tokens (P90)": 0.016391344295595824, "Time Between Tokens (P99)": 0.350287564259524, "End to End Latency (Mean)": 4.437119476561661, "End to End Latency (P50)": 3.99482575168175, "End to End Latency (P90)": 7.530791679462657, "End to End Latency (P99)": 10.538131865064955, "Normalized End to End Latency (Mean)": 0.025362362867675053, "Normalized End to End Latency (P50)": 0.023400409619434216, "Normalized End to End Latency (P90)": 0.03692000995658359, "Normalized End to End Latency (P99)": 0.05409565165979882, "Output Throughput (Mean)": 43.36030097056492, "Output Throughput (P50)": 42.734251932474436, "Output Throughput (P90)": 58.26495833910286, "Output Throughput (P99)": 78.64947505203868, "Deadline Miss Rate with 0.03s TBT Deadline, 0.3s TTFT Deadline, 0.0s TTFT Slack, Using Predictions for TTFT: False  (Mean)": 0.10632354505052963, "Deadline Miss Rate with 0.03s TBT Deadline, 0.3s TTFT Deadline, 0.0s TTFT Slack, Using Predictions for TTFT: False  (P50)": 0.06424821003317024, "Deadline Miss Rate with 0.03s TBT Deadline, 0.3s TTFT Deadline, 0.0s TTFT Slack, Using Predictions for TTFT: False  (P90)": 0.27008975850178046, "Deadline Miss Rate with 0.03s TBT Deadline, 0.3s TTFT Deadline, 0.0s TTFT Slack, Using Predictions for TTFT: False  (P99)": 0.49410821108627984, "Min Deadline to Meet Target Deadline Miss Rate of 10.0% (Mean)": 0.03549990734838288, "Min Deadline to Meet Target Deadline Miss Rate of 10.0% (P50)": 0.025758213814027427, "Min Deadline to Meet Target Deadline Miss Rate of 10.0% (P90)": 0.06322841842107449, "Min Deadline to Meet Target Deadline Miss Rate of 10.0% (P99)": 0.1715293160929227}