{"Target TBT (ms)": [1, 2, 3, 4, 5, 6, 7, 8, 9, 10, 11, 12, 13, 14, 15, 16, 17, 18, 19, 20, 21, 22, 23, 24, 25, 26, 27, 28, 29, 30, 31, 32, 33, 34, 35, 36, 37, 38, 39, 40, 41, 42, 43, 44, 45, 46, 47, 48, 49, 50, 51, 52, 53, 54, 55, 56, 57, 58, 59, 60, 61, 62, 63, 64, 65, 66, 67, 68, 69, 70, 71, 72, 73, 74, 75, 76, 77, 78, 79, 80, 81, 82, 83, 84, 85, 86, 87, 88, 89, 90, 91, 92, 93, 94, 95, 96, 97, 98, 99, 100], "Miss Rate P(99)": [0.9998716367070886, 0.9995320104665611, 0.9991741508806355, 0.998804950917627, 0.9982191098171899, 0.9979854110318827, 0.997611637925774, 0.9955805819462704, 0.9950097994874114, 0.9943882637800884, 0.9940404904476761, 0.9939015151515151, 0.9936613639166358, 0.9873417721518988, 0.976033003081613, 0.9141709592593923, 0.7922456928838927, 0.6652173913043474, 0.6422543188898325, 0.6223527093596055, 0.600943561069369, 0.5858511142721665, 0.5637162586315125, 0.5461538461538458, 0.524096458725627, 0.508163265306122, 0.5017668089833031, 0.4790378006872852, 0.4673783663145363, 0.45472527472527413, 0.445937143787656, 0.43353767560664036, 0.4183988764044936, 0.409704184704184, 0.3929150179008855, 0.3815530153724867, 0.3745762711864406, 0.3497493734335837, 0.3333333333333333, 0.32491919844861, 0.32106979778212646, 0.3150291909924934, 0.30866807610993646, 0.3022499134648664, 0.29699510831586295, 0.2916748636322985, 0.2889847259658577, 0.28352685050798254, 0.27800074321813406, 0.27520537714712434, 0.26953242835595775, 0.266666666666666, 0.2608813822558723, 0.2608813822558723, 0.25199999999999934, 0.2490050251256276, 0.2490050251256276, 0.24597979797979766, 0.2367346938775503, 0.2367346938775503, 0.2367346938775503, 0.23046496949295148, 0.23046496949295148, 0.2245602904374177, 0.2178571428571423, 0.21412175648702564, 0.21034136546184729, 0.20787878787878777, 0.19986449864498615, 0.1914630942999737, 0.19095372712393976, 0.19095372712393976, 0.19095372712393976, 0.1898112076715609, 0.18126148193508837, 0.18126148193508837, 0.17662658032685769, 0.17662658032685769, 0.17341614906832287, 0.17341614906832287, 0.17136745607333842, 0.17136745607333842, 0.16505747126436746, 0.16491228070175398, 0.15719806763285016, 0.15504553734061918, 0.15504553734061918, 0.15504553734061918, 0.15411477411477378, 0.15411477411477378, 0.15229806689660683, 0.13878968253968252, 0.13838383838383828, 0.13838383838383828, 0.13604126370083808, 0.13604126370083808, 0.13604126370083808, 0.13604126370083808, 0.13480519480519443, 0.13480519480519443]}