{"tpot_based_throughput": 45.134621262454424, "tbt_based_throughput": 2.854262954260037, "deadline_based_throughput": 7.9450194361102495}