{"Number of Requests": 512, "Number of Errored Requests": 0, "Number of Completed Requests": 512, "Error Rate": 0.0, "Deadline Miss Rate": 0.0029601841892384416, "Number of Prompt Tokens (Mean)": 683.056640625, "Number of Prompt Tokens (P50)": 436.5930503518891, "Number of Prompt Tokens (P90)": 1644.1880723859645, "Number of Prompt Tokens (P99)": 4670.4108177561075, "Number of Output Tokens (Mean)": 219.1171875, "Number of Output Tokens (P50)": 159.97238261315115, "Number of Output Tokens (P90)": 513.372437267971, "Number of Output Tokens (P99)": 722.7054174123614, "Number of Total Tokens (Mean)": 902.173828125, "Number of Total Tokens (P50)": 650.0190427513235, "Number of Total Tokens (P90)": 2016.264934207726, "Number of Total Tokens (P99)": 5255.352477057046, "Time per Output Token (Mean)": 0.021401062708296403, "Time per Output Token (P50)": 0.021644545901765355, "Time per Output Token (P90)": 0.023494198742368702, "Time per Output Token (P99)": 0.02509713134714314, "Time to First Token (Mean)": 0.11708267928224814, "Time to First Token (P50)": 0.09603896533096172, "Time to First Token (P90)": 0.14646026143356622, "Time to First Token (P99)": 0.42443314123644965, "Time Between Tokens (Mean)": 0.022101408412401224, "Time Between Tokens (P50)": 0.020506737348862922, "Time Between Tokens (P90)": 0.022572977732040426, "Time Between Tokens (P99)": 0.07600156407291711, "End to End Latency (Mean)": 4.937779721984043, "End to End Latency (P50)": 3.550185736762067, "End to End Latency (P90)": 11.078433624182619, "End to End Latency (P99)": 16.232256897404195, "Normalized End to End Latency (Mean)": 0.024045690380701666, "Normalized End to End Latency (P50)": 0.022618168878651118, "Normalized End to End Latency (P90)": 0.026278564424957015, "Normalized End to End Latency (P99)": 0.0406400369029393, "Output Throughput (Mean)": 42.76202165032955, "Output Throughput (P50)": 44.212199730451246, "Output Throughput (P90)": 46.758720900655646, "Output Throughput (P99)": 47.79881216100805, "Deadline Miss Rate with 0.03s TBT Deadline, 0.3s TTFT Deadline, 0.0s TTFT Slack, Using Predictions for TTFT: False  (Mean)": 0.004760772449184023, "Deadline Miss Rate with 0.03s TBT Deadline, 0.3s TTFT Deadline, 0.0s TTFT Slack, Using Predictions for TTFT: False  (P50)": 0, "Deadline Miss Rate with 0.03s TBT Deadline, 0.3s TTFT Deadline, 0.0s TTFT Slack, Using Predictions for TTFT: False  (P90)": 0, "Deadline Miss Rate with 0.03s TBT Deadline, 0.3s TTFT Deadline, 0.0s TTFT Slack, Using Predictions for TTFT: False  (P99)": 0.08777300278395654, "Min Deadline to Meet Target Deadline Miss Rate of 10.0% (Mean)": 0.018024945988518264, "Min Deadline to Meet Target Deadline Miss Rate of 10.0% (P50)": 0.02034333786500421, "Min Deadline to Meet Target Deadline Miss Rate of 10.0% (P90)": 0.02208179488046369, "Min Deadline to Meet Target Deadline Miss Rate of 10.0% (P99)": 0.02773662061654186}