{"Target TBT (ms)": [1, 2, 3, 4, 5, 6, 7, 8, 9, 10, 11, 12, 13, 14, 15, 16, 17, 18, 19, 20, 21, 22, 23, 24, 25, 26, 27, 28, 29, 30, 31, 32, 33, 34, 35, 36, 37, 38, 39, 40, 41, 42, 43, 44, 45, 46, 47, 48, 49, 50, 51, 52, 53, 54, 55, 56, 57, 58, 59, 60, 61, 62, 63, 64, 65, 66, 67, 68, 69, 70, 71, 72, 73, 74, 75, 76, 77, 78, 79, 80, 81, 82, 83, 84, 85, 86, 87, 88, 89, 90, 91, 92, 93, 94, 95, 96, 97, 98, 99, 100], "Miss Rate P(99)": [0.9999318419440709, 0.9998632676795846, 0.9997757798290271, 0.9997248639437502, 0.9996550016124601, 0.999548238891137, 0.9994007608652496, 0.9993306580481371, 0.9993214217522486, 0.9992984663033855, 0.9988003244603364, 0.9979982258064516, 0.9976353175803614, 0.9975229964064347, 0.9965785131843062, 0.9958602889940221, 0.9949965408805032, 0.9939707647271734, 0.9914444693824113, 0.9874228552592403, 0.9802521562113103, 0.8860465116279066, 0.36391334977104595, 0.3249024054982799, 0.1784321175278622, 0.1651946472019463, 0.16239348370927265, 0.15980051480051394, 0.15706349206349085, 0.07493212669683233, 0.05675294117647033, 0.03943720930232551, 0.038188235294117426, 0.038188235294117426, 0.023332480818414297, 0.023332480818414297, 0.02308006535947707, 0.02308006535947707, 0.018630892941609262, 0.018630892941609262, 0.018630892941609262, 0.018630892941609262, 0.01164285714285711, 0.01164285714285711, 0.01164285714285711, 0.01164285714285711, 0.01164285714285711, 0.011019607843137233, 0.011019607843137233, 0.011019607843137233, 0.011019607843137233, 0.011019607843137233, 0.011019607843137233, 0.011019607843137233, 0.009403156768325293, 0.009403156768325293, 0.009403156768325293, 0.009403156768325293, 0.009403156768325293, 0.009403156768325293, 0.009403156768325293, 0.009403156768325293, 0.009403156768325293, 0.005404155429028041, 0.0031560283687942776, 0.0031560283687942776, 0.0031560283687942776, 0.0031560283687942776, 0.0031560283687942776, 0.0, 0.0, 0.0, 0.0, 0.0, 0.0, 0.0, 0.0, 0.0, 0.0, 0.0, 0.0, 0.0, 0.0, 0.0, 0.0, 0.0, 0.0, 0.0, 0.0, 0.0, 0.0, 0.0, 0.0, 0.0, 0.0, 0.0, 0.0, 0.0, 0.0, 0.0]}