{"tpot_based_throughput": 46.72665155138944, "tbt_based_throughput": 13.15143305183857, "deadline_based_throughput": 33.799226947395425}