{"Number of Requests": 256, "Number of Errored Requests": 0, "Number of Completed Requests": 256, "Error Rate": 0.0, "Deadline Miss Rate": 9.669139622376147e-05, "Number of Prompt Tokens (Mean)": 2274.9375, "Number of Prompt Tokens (P50)": 1738.8895294420502, "Number of Prompt Tokens (P90)": 5458.898826850627, "Number of Prompt Tokens (P99)": 6884.325540607284, "Number of Output Tokens (Mean)": 444.34765625, "Number of Output Tokens (P50)": 422.8432384455084, "Number of Output Tokens (P90)": 836.3119948137848, "Number of Output Tokens (P99)": 1001.2473012529721, "Number of Total Tokens (Mean)": 2719.28515625, "Number of Total Tokens (P50)": 2268.790333412844, "Number of Total Tokens (P90)": 6020.962450373618, "Number of Total Tokens (P99)": 7413.08877623367, "Time per Output Token (Mean)": 0.008517812428532499, "Time per Output Token (P50)": 0.008643029823101249, "Time per Output Token (P90)": 0.009648025007611067, "Time per Output Token (P99)": 0.010451580998058653, "Time to First Token (Mean)": 0.08714985189726576, "Time to First Token (P50)": 0.06849452981161297, "Time to First Token (P90)": 0.16414565545029647, "Time to First Token (P99)": 0.20453809668309694, "Time Between Tokens (Mean)": 0.008578444564053885, "Time Between Tokens (P50)": 0.008237963615308814, "Time Between Tokens (P90)": 0.009177485122600193, "Time Between Tokens (P99)": 0.03526015821238024, "End to End Latency (Mean)": 3.8904166531901865, "End to End Latency (P50)": 3.650995724656587, "End to End Latency (P90)": 7.455859025398745, "End to End Latency (P99)": 8.819809098882674, "Normalized End to End Latency (Mean)": 0.008999505461996389, "Normalized End to End Latency (P50)": 0.00890624935737269, "Normalized End to End Latency (P90)": 0.01020372909115209, "Normalized End to End Latency (P99)": 0.012613319027283364, "Output Throughput (Mean)": 114.01640387258675, "Output Throughput (P50)": 112.28059757525088, "Output Throughput (P90)": 135.23325951260148, "Output Throughput (P99)": 159.01542175195067, "Deadline Miss Rate with 0.03s TBT Deadline, 0.3s TTFT Deadline, 0.0s TTFT Slack, Using Predictions for TTFT: False  (Mean)": 5.744485294117647e-05, "Deadline Miss Rate with 0.03s TBT Deadline, 0.3s TTFT Deadline, 0.0s TTFT Slack, Using Predictions for TTFT: False  (P50)": 0, "Deadline Miss Rate with 0.03s TBT Deadline, 0.3s TTFT Deadline, 0.0s TTFT Slack, Using Predictions for TTFT: False  (P90)": 0, "Deadline Miss Rate with 0.03s TBT Deadline, 0.3s TTFT Deadline, 0.0s TTFT Slack, Using Predictions for TTFT: False  (P99)": 0, "Min Deadline to Meet Target Deadline Miss Rate of 10.0% (Mean)": 0.007331832926840968, "Min Deadline to Meet Target Deadline Miss Rate of 10.0% (P50)": 0.007851881332835802, "Min Deadline to Meet Target Deadline Miss Rate of 10.0% (P90)": 0.008995758681493436, "Min Deadline to Meet Target Deadline Miss Rate of 10.0% (P99)": 0.009571148697173173}