{"Target TBT (ms)": [1, 2, 3, 4, 5, 6, 7, 8, 9, 10, 11, 12, 13, 14, 15, 16, 17, 18, 19, 20, 21, 22, 23, 24, 25, 26, 27, 28, 29, 30, 31, 32, 33, 34, 35, 36, 37, 38, 39, 40, 41, 42, 43, 44, 45, 46, 47, 48, 49, 50, 51, 52, 53, 54, 55, 56, 57, 58, 59, 60, 61, 62, 63, 64, 65, 66, 67, 68, 69, 70, 71, 72, 73, 74, 75, 76, 77, 78, 79, 80, 81, 82, 83, 84, 85, 86, 87, 88, 89, 90, 91, 92, 93, 94, 95, 96, 97, 98, 99, 100], "Miss Rate P(99)": [1.0, 1.0, 1.0, 1.0, 1.0, 1.0, 1.0, 1.0, 0.8612022762856798, 0.12804227324732692, 0.07743863049095587, 0.054538081028578184, 0.03788610038610033, 0.03296562652364694, 0.030902889245585777, 0.016139897507774493, 0.013531095211887693, 0.011812818603585474, 0.009957764145581348, 0.00986473844832604, 0.009798320283030185, 0.009291064851218762, 0.007908443140742063, 0.007447283603997791, 0.006936537891666774, 0.006424620744215733, 0.005880437218075799, 0.005251882379536388, 0.005234562272466634, 0.004554794520547945, 0.004554794520547945, 0.0038428401663695637, 0.0038428401663695637, 0.0038428401663695637, 0.0038428401663695637, 0.0038428401663695637, 0.0024592538935168298, 0.0024592538935168298, 0.0013636363636363293, 0.0013636363636363293, 0.0013636363636363293, 0.0013636363636363293, 0.000682852807283746, 0.000682852807283746, 0.000682852807283746, 0.000682852807283746, 0.000682852807283746, 0.000682852807283746, 0.000682852807283746, 0.000682852807283746, 0.000682852807283746, 0.000682852807283746, 0.000682852807283746, 0.000682852807283746, 0.000682852807283746, 0.000682852807283746, 0.000682852807283746, 0.000682852807283746, 0.000682852807283746, 0.000682852807283746, 0.000682852807283746, 0.000682852807283746, 0.000682852807283746, 0.0, 0.0, 0.0, 0.0, 0.0, 0.0, 0.0, 0.0, 0.0, 0.0, 0.0, 0.0, 0.0, 0.0, 0.0, 0.0, 0.0, 0.0, 0.0, 0.0, 0.0, 0.0, 0.0, 0.0, 0.0, 0.0, 0.0, 0.0, 0.0, 0.0, 0.0, 0.0, 0.0, 0.0, 0.0, 0.0, 0.0]}