{"tpot_based_throughput": 117.40103558165417, "tbt_based_throughput": 28.377375822868903, "deadline_based_throughput": 94.84129568089091}