{"Number of Requests": 512, "Number of Errored Requests": 0, "Number of Completed Requests": 512, "Error Rate": 0.0, "Deadline Miss Rate": 2.695999137280276e-05, "Number of Prompt Tokens (Mean)": 2234.875, "Number of Prompt Tokens (P50)": 1657.3943359881944, "Number of Prompt Tokens (P90)": 5458.898826850627, "Number of Prompt Tokens (P99)": 7079.810742190998, "Number of Output Tokens (Mean)": 434.658203125, "Number of Output Tokens (P50)": 407.89162073672736, "Number of Output Tokens (P90)": 843.0293265124575, "Number of Output Tokens (P99)": 991.2847208430245, "Number of Total Tokens (Mean)": 2669.533203125, "Number of Total Tokens (P50)": 2111.1794506901215, "Number of Total Tokens (P90)": 5937.25625870512, "Number of Total Tokens (P99)": 7746.547080001839, "Time per Output Token (Mean)": 0.0060134161729874834, "Time per Output Token (P50)": 0.005958108538012278, "Time per Output Token (P90)": 0.00667756305801522, "Time per Output Token (P99)": 0.007262710725483796, "Time to First Token (Mean)": 0.08053105481121747, "Time to First Token (P50)": 0.057097128398211475, "Time to First Token (P90)": 0.15897614602756968, "Time to First Token (P99)": 0.19849308038169242, "Time Between Tokens (Mean)": 0.006052747060582896, "Time Between Tokens (P50)": 0.00570163546088076, "Time Between Tokens (P90)": 0.006102832937250115, "Time Between Tokens (P99)": 0.017650311524103825, "End to End Latency (Mean)": 2.705378112616927, "End to End Latency (P50)": 2.5728129026177378, "End to End Latency (P90)": 5.170658488718315, "End to End Latency (P99)": 6.328100518134338, "Normalized End to End Latency (Mean)": 0.006470451331313598, "Normalized End to End Latency (P50)": 0.006251072739337889, "Normalized End to End Latency (P90)": 0.00720484080869643, "Normalized End to End Latency (P99)": 0.010987445197816132, "Output Throughput (Mean)": 157.69977190830178, "Output Throughput (P50)": 159.97238261315115, "Output Throughput (P90)": 176.44359043127233, "Output Throughput (P99)": 184.38044133809115, "Deadline Miss Rate with 0.03s TBT Deadline, 0.3s TTFT Deadline, 0.0s TTFT Slack, Using Predictions for TTFT: False  (Mean)": 1.575100806451613e-05, "Deadline Miss Rate with 0.03s TBT Deadline, 0.3s TTFT Deadline, 0.0s TTFT Slack, Using Predictions for TTFT: False  (P50)": 0, "Deadline Miss Rate with 0.03s TBT Deadline, 0.3s TTFT Deadline, 0.0s TTFT Slack, Using Predictions for TTFT: False  (P90)": 0, "Deadline Miss Rate with 0.03s TBT Deadline, 0.3s TTFT Deadline, 0.0s TTFT Slack, Using Predictions for TTFT: False  (P99)": 0, "Min Deadline to Meet Target Deadline Miss Rate of 10.0% (Mean)": 0.005002029909665014, "Min Deadline to Meet Target Deadline Miss Rate of 10.0% (P50)": 0.0055887354771758145, "Min Deadline to Meet Target Deadline Miss Rate of 10.0% (P90)": 0.006151851429625353, "Min Deadline to Meet Target Deadline Miss Rate of 10.0% (P99)": 0.006441446310738462}