{"tpot_based_throughput": 166.2948266398128, "tbt_based_throughput": 56.6475584577908, "deadline_based_throughput": 132.5803183867943}