{"Number of Requests": 150, "Number of Errored Requests": 0, "Number of Completed Requests": 150, "Error Rate": 0.0, "Deadline Miss Rate": 0.7431661101188165, "Number of Prompt Tokens (Mean)": 6499.54, "Number of Prompt Tokens (P50)": 7887.247479041847, "Number of Prompt Tokens (P90)": 8078.831292220465, "Number of Prompt Tokens (P99)": 8143.721177650786, "Number of Output Tokens (Mean)": 185.33333333333334, "Number of Output Tokens (P50)": 159.01542175195067, "Number of Output Tokens (P90)": 310.13305415077633, "Number of Output Tokens (P99)": 455.32048804743, "Number of Total Tokens (Mean)": 6684.873333333333, "Number of Total Tokens (P50)": 8192.730401697612, "Number of Total Tokens (P90)": 8192.730401697612, "Number of Total Tokens (P99)": 8192.730401697612, "Time per Output Token (Mean)": 0.057306613331048376, "Time per Output Token (P50)": 0.05313064076149899, "Time per Output Token (P90)": 0.08134943941769897, "Time per Output Token (P99)": 0.10959086713497894, "Time to First Token (Mean)": 0.7118854443266658, "Time to First Token (P50)": 0.5763727549016947, "Time to First Token (P90)": 1.222624242426659, "Time to First Token (P99)": 1.8239412839793383, "Time Between Tokens (Mean)": 0.05555747528070589, "Time Between Tokens (P50)": 0.03040945605993523, "Time Between Tokens (P90)": 0.03692000995658359, "Time Between Tokens (P99)": 0.5215236179873911, "End to End Latency (Mean)": 10.95298005440345, "End to End Latency (P50)": 9.865070273830627, "End to End Latency (P90)": 18.708921138557923, "End to End Latency (P99)": 25.55928307312625, "Normalized End to End Latency (Mean)": 0.06184202938656298, "Normalized End to End Latency (P50)": 0.05686919597739268, "Normalized End to End Latency (P90)": 0.08794872451125174, "Normalized End to End Latency (P99)": 0.11406335678801822, "Output Throughput (Mean)": 17.77516591120751, "Output Throughput (P50)": 17.513998130093775, "Output Throughput (P90)": 25.20394615391064, "Output Throughput (P99)": 29.049481162991018, "Deadline Miss Rate with 0.03s TBT Deadline, 0.3s TTFT Deadline, 0.0s TTFT Slack, Using Predictions for TTFT: False  (Mean)": 0.7049411680064954, "Deadline Miss Rate with 0.03s TBT Deadline, 0.3s TTFT Deadline, 0.0s TTFT Slack, Using Predictions for TTFT: False  (P50)": 0.7297884327466929, "Deadline Miss Rate with 0.03s TBT Deadline, 0.3s TTFT Deadline, 0.0s TTFT Slack, Using Predictions for TTFT: False  (P90)": 0.9811788654388656, "Deadline Miss Rate with 0.03s TBT Deadline, 0.3s TTFT Deadline, 0.0s TTFT Slack, Using Predictions for TTFT: False  (P99)": 0.9930239441038321, "Min Deadline to Meet Target Deadline Miss Rate of 10.0% (Mean)": 0.09490998506458512, "Min Deadline to Meet Target Deadline Miss Rate of 10.0% (P50)": 0.06808479293600143, "Min Deadline to Meet Target Deadline Miss Rate of 10.0% (P90)": 0.20783702840652488, "Min Deadline to Meet Target Deadline Miss Rate of 10.0% (P99)": 0.30330969563094884}