{"Target TBT (ms)": [1, 2, 3, 4, 5, 6, 7, 8, 9, 10, 11, 12, 13, 14, 15, 16, 17, 18, 19, 20, 21, 22, 23, 24, 25, 26, 27, 28, 29, 30, 31, 32, 33, 34, 35, 36, 37, 38, 39, 40, 41, 42, 43, 44, 45, 46, 47, 48, 49, 50, 51, 52, 53, 54, 55, 56, 57, 58, 59, 60, 61, 62, 63, 64, 65, 66, 67, 68, 69, 70, 71, 72, 73, 74, 75, 76, 77, 78, 79, 80, 81, 82, 83, 84, 85, 86, 87, 88, 89, 90, 91, 92, 93, 94, 95, 96, 97, 98, 99, 100], "Miss Rate P(99)": [0.9999611569863973, 0.9999215977989191, 0.9998813027696569, 0.9998410174675931, 0.9997981210863606, 0.9997186171297232, 0.9996729829985498, 0.9996069696739553, 0.9995664052241467, 0.9994440466119513, 0.999361016517843, 0.9992703272190376, 0.9992257124220311, 0.999195546476948, 0.9991162595553444, 0.9989989021730957, 0.9986804887259261, 0.9984904293136451, 0.9981348094947591, 0.9980522662311148, 0.9970004003736821, 0.9968894530127407, 0.9967959765724471, 0.9967189723616209, 0.9966307946084579, 0.9965559989358872, 0.9964720955483171, 0.9960085085085085, 0.995906211645703, 0.992945408379179, 0.9896040992448759, 0.9456514851485144, 0.8686884030418248, 0.7937568571086356, 0.7838112492520443, 0.7518651476400835, 0.7112451526360716, 0.6833859671792221, 0.6747622617262796, 0.661737267430934, 0.6532779456193353, 0.6443267812246763, 0.6366733877524472, 0.62782675389127, 0.6160391907187323, 0.6086738842894234, 0.5976864389393239, 0.5911276223776223, 0.5817961225078663, 0.5731211166785969, 0.5657570370370368, 0.5563940940012367, 0.5474898648648647, 0.5429408482142856, 0.53440510252742, 0.524461667364893, 0.5184210526315788, 0.5101237403675162, 0.49942359767891664, 0.49135294117647044, 0.48477519379844947, 0.47644968553459105, 0.47109230948768804, 0.4656057537673476, 0.45830246913580236, 0.45118043478260866, 0.44322976601457603, 0.4360048095671389, 0.43127346021675916, 0.42645766129032253, 0.420074555074555, 0.41159663271080926, 0.4080526221585824, 0.40286448087431687, 0.3959246830723339, 0.3905018220467657, 0.38706081081081056, 0.3841578231292515, 0.374400222139948, 0.3700337837837837, 0.3700337837837837, 0.36780476280476276, 0.36128111132548707, 0.3568994522691704, 0.35460697399527175, 0.35460697399527175, 0.35228174603174595, 0.3454179754787718, 0.33711510791366894, 0.33469565217391295, 0.33469565217391295, 0.3322408759124087, 0.3322408759124087, 0.32975, 0.3249818840579709, 0.32245410628019316, 0.32245410628019316, 0.3198886004758814, 0.3198886004758814, 0.317345537757437]}