{"tpot_based_throughput": 17.449992974165266, "tbt_based_throughput": 1.9180210196393146, "deadline_based_throughput": 3.9772164604761198}