{"Number of Requests": 256, "Number of Errored Requests": 0, "Number of Completed Requests": 256, "Error Rate": 0.0, "Deadline Miss Rate": 0.14703891399403574, "Number of Prompt Tokens (Mean)": 6475.9375, "Number of Prompt Tokens (P50)": 7793.166095210145, "Number of Prompt Tokens (P90)": 8078.831292220465, "Number of Prompt Tokens (P99)": 8160.024923752189, "Number of Output Tokens (Mean)": 184.85546875, "Number of Output Tokens (P50)": 160.9351025012422, "Number of Output Tokens (P90)": 308.8949992819657, "Number of Output Tokens (P99)": 455.32048804743, "Number of Total Tokens (Mean)": 6660.79296875, "Number of Total Tokens (P50)": 8030.503416967201, "Number of Total Tokens (P90)": 8192.730401697612, "Number of Total Tokens (P99)": 8192.730401697612, "Time per Output Token (Mean)": 0.025027704806334095, "Time per Output Token (P50)": 0.022126002678022175, "Time per Output Token (P90)": 0.040558838028008345, "Time per Output Token (P99)": 0.05664217346552936, "Time to First Token (Mean)": 0.4902685118045724, "Time to First Token (P50)": 0.46070343163187777, "Time to First Token (P90)": 0.7969203235293059, "Time to First Token (P99)": 1.1629961351208513, "Time Between Tokens (Mean)": 0.024581610195529863, "Time Between Tokens (P50)": 0.014890945991031294, "Time Between Tokens (P90)": 0.019351181247231664, "Time Between Tokens (P99)": 0.37794718160340857, "End to End Latency (Mean)": 5.0097319769334945, "End to End Latency (P50)": 4.531259805843462, "End to End Latency (P90)": 8.714603848589803, "End to End Latency (P99)": 12.146005281788831, "Normalized End to End Latency (Mean)": 0.02862036173834308, "Normalized End to End Latency (P50)": 0.025400111268076248, "Normalized End to End Latency (P90)": 0.04527494311404125, "Normalized End to End Latency (P99)": 0.06450571763099099, "Output Throughput (Mean)": 39.70769922159665, "Output Throughput (P50)": 39.212701924648975, "Output Throughput (P90)": 55.202091220817465, "Output Throughput (P99)": 71.8802057988621, "Deadline Miss Rate with 0.03s TBT Deadline, 0.3s TTFT Deadline, 0.0s TTFT Slack, Using Predictions for TTFT: False  (Mean)": 0.1439855777724172, "Deadline Miss Rate with 0.03s TBT Deadline, 0.3s TTFT Deadline, 0.0s TTFT Slack, Using Predictions for TTFT: False  (P50)": 0.093761468682461, "Deadline Miss Rate with 0.03s TBT Deadline, 0.3s TTFT Deadline, 0.0s TTFT Slack, Using Predictions for TTFT: False  (P90)": 0.37719204237942566, "Deadline Miss Rate with 0.03s TBT Deadline, 0.3s TTFT Deadline, 0.0s TTFT Slack, Using Predictions for TTFT: False  (P99)": 0.562704479602684, "Min Deadline to Meet Target Deadline Miss Rate of 10.0% (Mean)": 0.04577441537751227, "Min Deadline to Meet Target Deadline Miss Rate of 10.0% (P50)": 0.029158708051296542, "Min Deadline to Meet Target Deadline Miss Rate of 10.0% (P90)": 0.0870736197905706, "Min Deadline to Meet Target Deadline Miss Rate of 10.0% (P99)": 0.2594993841317182}