{"Target TBT (ms)": [1, 2, 3, 4, 5, 6, 7, 8, 9, 10, 11, 12, 13, 14, 15, 16, 17, 18, 19, 20, 21, 22, 23, 24, 25, 26, 27, 28, 29, 30, 31, 32, 33, 34, 35, 36, 37, 38, 39, 40, 41, 42, 43, 44, 45, 46, 47, 48, 49, 50, 51, 52, 53, 54, 55, 56, 57, 58, 59, 60, 61, 62, 63, 64, 65, 66, 67, 68, 69, 70, 71, 72, 73, 74, 75, 76, 77, 78, 79, 80, 81, 82, 83, 84, 85, 86, 87, 88, 89, 90, 91, 92, 93, 94, 95, 96, 97, 98, 99, 100], "Miss Rate P(99)": [0.9999022413328998, 0.9996887193911989, 0.999287235502952, 0.9990346390267143, 0.998772698218353, 0.9984547554654045, 0.9981470467596391, 0.9976580796252927, 0.9962005357446567, 0.9948270805784243, 0.9944987922705314, 0.9942253873063468, 0.9939414748484682, 0.993277329749104, 0.9916495726495727, 0.9906542056074766, 0.9880460093319157, 0.9811301874868338, 0.962868019352661, 0.8181350514855322, 0.676832732151881, 0.6610501761401504, 0.6472550030946976, 0.6333266452648475, 0.6177780680556462, 0.6068211691456243, 0.5948005505775665, 0.5782945736434109, 0.5655554380984021, 0.5521466431095405, 0.5378636903751485, 0.5281484533913164, 0.517102000330633, 0.5076736548669186, 0.4967391304347825, 0.4786247422680411, 0.4700076219512195, 0.46243386243386236, 0.4525887774464624, 0.4387362637362636, 0.4291717269856691, 0.4185764631843925, 0.41138263831544164, 0.40519993677888394, 0.39567433137638597, 0.3879016064257026, 0.376571624871178, 0.3661992945326277, 0.361785714285714, 0.35325157933853557, 0.34669820157362286, 0.3391282929963587, 0.3315087719298244, 0.32672877662649513, 0.32203271291596147, 0.31556398758192467, 0.3099409837589162, 0.3015052356020941, 0.2964448793215915, 0.2929875073199296, 0.28596923536439656, 0.2824072910119421, 0.2770453500842653, 0.2725929346571229, 0.26710622328781397, 0.26336492890995256, 0.2589069833594083, 0.2544801900032387, 0.25214968152866235, 0.2459120879120879, 0.24278085991678225, 0.23869747899159655, 0.23378932968536248, 0.23099256292906176, 0.23099256292906176, 0.22818888568960546, 0.22264803272302294, 0.22132352941176467, 0.22026470588235295, 0.22026470588235295, 0.2173855112514804, 0.2115696684363417, 0.20918212989108512, 0.20918212989108512, 0.20918212989108512, 0.20627474870545226, 0.19771689497716893, 0.19771689497716893, 0.19497620306716018, 0.1925786442179884, 0.1925786442179884, 0.19164959016393432, 0.18600543478260867, 0.1859134615384615, 0.1822572509457755, 0.1816803278688524, 0.1816803278688524, 0.17933098591549287, 0.17933098591549287, 0.1715426450276243]}