{"tpot_based_throughput": 39.95572137909014, "tbt_based_throughput": 2.6438210724901086, "deadline_based_throughput": 5.558807896000257}