{"Number of Requests": 256, "Number of Errored Requests": 0, "Number of Completed Requests": 256, "Error Rate": 0.0, "Deadline Miss Rate": 0.05072068247518548, "Number of Prompt Tokens (Mean)": 6475.9375, "Number of Prompt Tokens (P50)": 7793.166095210145, "Number of Prompt Tokens (P90)": 8078.831292220465, "Number of Prompt Tokens (P99)": 8160.024923752189, "Number of Output Tokens (Mean)": 184.85546875, "Number of Output Tokens (P50)": 160.9351025012422, "Number of Output Tokens (P90)": 308.8949992819657, "Number of Output Tokens (P99)": 455.32048804743, "Number of Total Tokens (Mean)": 6660.79296875, "Number of Total Tokens (P50)": 8030.503416967201, "Number of Total Tokens (P90)": 8192.730401697612, "Number of Total Tokens (P99)": 8192.730401697612, "Time per Output Token (Mean)": 0.01716088404424973, "Time per Output Token (P50)": 0.015591928741227034, "Time per Output Token (P90)": 0.024698772482012597, "Time per Output Token (P99)": 0.03428656733728183, "Time to First Token (Mean)": 0.3366433067010348, "Time to First Token (P50)": 0.3474964421893278, "Time to First Token (P90)": 0.5071234944098811, "Time to First Token (P99)": 0.7210833038865138, "Time Between Tokens (Mean)": 0.01705340712745403, "Time Between Tokens (P50)": 0.012167315622267012, "Time Between Tokens (P90)": 0.014890945991031294, "Time Between Tokens (P99)": 0.25082470733001944, "End to End Latency (Mean)": 3.4721386976468693, "End to End Latency (P50)": 3.0679202028536436, "End to End Latency (P90)": 5.971511605862952, "End to End Latency (P99)": 9.16141129508, "Normalized End to End Latency (Mean)": 0.01966387232524246, "Normalized End to End Latency (P50)": 0.018187843717583342, "Normalized End to End Latency (P90)": 0.027903540655237234, "Normalized End to End Latency (P99)": 0.04229858883613699, "Output Throughput (Mean)": 55.74984710517106, "Output Throughput (P50)": 54.98172381112103, "Output Throughput (P90)": 74.21757156391418, "Output Throughput (P99)": 89.56825840413686, "Deadline Miss Rate with 0.03s TBT Deadline, 0.3s TTFT Deadline, 0.0s TTFT Slack, Using Predictions for TTFT: False  (Mean)": 0.057219870441141185, "Deadline Miss Rate with 0.03s TBT Deadline, 0.3s TTFT Deadline, 0.0s TTFT Slack, Using Predictions for TTFT: False  (P50)": 0.020547791878089864, "Deadline Miss Rate with 0.03s TBT Deadline, 0.3s TTFT Deadline, 0.0s TTFT Slack, Using Predictions for TTFT: False  (P90)": 0.1485251261086259, "Deadline Miss Rate with 0.03s TBT Deadline, 0.3s TTFT Deadline, 0.0s TTFT Slack, Using Predictions for TTFT: False  (P99)": 0.41106628655534155, "Min Deadline to Meet Target Deadline Miss Rate of 10.0% (Mean)": 0.0242727260595965, "Min Deadline to Meet Target Deadline Miss Rate of 10.0% (P50)": 0.017231746775903854, "Min Deadline to Meet Target Deadline Miss Rate of 10.0% (P90)": 0.043936865887315185, "Min Deadline to Meet Target Deadline Miss Rate of 10.0% (P99)": 0.11225286503361988}