{"Target TBT (ms)": [1, 2, 3, 4, 5, 6, 7, 8, 9, 10, 11, 12, 13, 14, 15, 16, 17, 18, 19, 20, 21, 22, 23, 24, 25, 26, 27, 28, 29, 30, 31, 32, 33, 34, 35, 36, 37, 38, 39, 40, 41, 42, 43, 44, 45, 46, 47, 48, 49, 50, 51, 52, 53, 54, 55, 56, 57, 58, 59, 60, 61, 62, 63, 64, 65, 66, 67, 68, 69, 70, 71, 72, 73, 74, 75, 76, 77, 78, 79, 80, 81, 82, 83, 84, 85, 86, 87, 88, 89, 90, 91, 92, 93, 94, 95, 96, 97, 98, 99, 100], "Miss Rate P(99)": [0.9998122595421137, 0.9993337578603836, 0.998766302177427, 0.9982960368424466, 0.9978783198951281, 0.9970010429591267, 0.9958327568315462, 0.9952796591653922, 0.9952027271085425, 0.9950664511494253, 0.9937658495350803, 0.992427646610815, 0.9806813339015554, 0.9723954849498327, 0.9393798898869891, 0.8748319773611601, 0.6231085703512174, 0.5385464930073659, 0.5097849075282361, 0.4918060200668893, 0.4792002417405316, 0.4531507656065957, 0.43802197802197784, 0.4232552353307069, 0.41011669775714704, 0.3975670163170163, 0.3868824771287825, 0.37955882352941167, 0.3652093596059113, 0.35374130928615677, 0.34404858299595126, 0.33626984126984105, 0.32785714285714285, 0.32263504611330684, 0.3115196078431372, 0.3115196078431372, 0.30002816108138547, 0.2821153846153845, 0.2821153846153845, 0.2821153846153845, 0.27559577677224734, 0.27559577677224734, 0.2566825396825396, 0.2566825396825396, 0.24897959183673457, 0.24326859776168527, 0.24326859776168527, 0.24326859776168527, 0.2287318840579707, 0.22229166666666653, 0.21872418879056044, 0.20970864481502774, 0.20170798360335718, 0.20170798360335718, 0.19759653270291536, 0.19340823225293258, 0.1785651665692575, 0.1785651665692575, 0.1759698275862066, 0.17334482758620656, 0.1642921960072593, 0.1642921960072593, 0.1642921960072593, 0.1616063279586246, 0.14600267379679116, 0.14318854222700345, 0.14318854222700345, 0.14318854222700345, 0.13705217859063995, 0.13705217859063995, 0.13132280892759907, 0.13132280892759907, 0.12840635268346076, 0.12840635268346076, 0.12574250490333397, 0.12574250490333397, 0.12279069767441825, 0.11980289279636941, 0.11980289279636941, 0.11980289279636941, 0.11980289279636941, 0.11677842773576783, 0.11677842773576783, 0.11677842773576783, 0.10769230769230724, 0.09876948318293653, 0.09707242848447928, 0.09707242848447928, 0.09707242848447928, 0.0900314712824546, 0.0900314712824546, 0.08612637362637342, 0.08612637362637342, 0.08612637362637342, 0.08612637362637342, 0.08612637362637342, 0.08612637362637342, 0.08281171442936121, 0.08281171442936121, 0.08281171442936121]}