{"tpot_based_throughput": 58.27205623098891, "tbt_based_throughput": 3.9825065937391786, "deadline_based_throughput": 11.761520621241457}