{"Number of Requests": 256, "Number of Errored Requests": 0, "Number of Completed Requests": 256, "Error Rate": 0.0, "Deadline Miss Rate": 0.05171925566343042, "Number of Prompt Tokens (Mean)": 6475.9375, "Number of Prompt Tokens (P50)": 7793.166095210145, "Number of Prompt Tokens (P90)": 8078.831292220465, "Number of Prompt Tokens (P99)": 8160.024923752189, "Number of Output Tokens (Mean)": 184.5546875, "Number of Output Tokens (P50)": 160.9351025012422, "Number of Output Tokens (P90)": 308.8949992819657, "Number of Output Tokens (P99)": 455.32048804743, "Number of Total Tokens (Mean)": 6660.4921875, "Number of Total Tokens (P50)": 8030.503416967201, "Number of Total Tokens (P90)": 8192.730401697612, "Number of Total Tokens (P99)": 8192.730401697612, "Time per Output Token (Mean)": 0.01725389231129346, "Time per Output Token (P50)": 0.015685761561915694, "Time per Output Token (P90)": 0.02460017468627383, "Time per Output Token (P99)": 0.03428656733728183, "Time to First Token (Mean)": 0.34193751458906263, "Time to First Token (P50)": 0.3474964421893278, "Time to First Token (P90)": 0.5142731565725064, "Time to First Token (P99)": 0.7371229308889683, "Time Between Tokens (Mean)": 0.01713289971186716, "Time Between Tokens (P50)": 0.012191674612501781, "Time Between Tokens (P90)": 0.014950629081493246, "Time Between Tokens (P99)": 0.25132685889624573, "End to End Latency (Mean)": 3.4869623433381776, "End to End Latency (P50)": 3.0556730286378344, "End to End Latency (P90)": 6.043601443110486, "End to End Latency (P99)": 9.234996558568573, "Normalized End to End Latency (Mean)": 0.019784596199452102, "Normalized End to End Latency (P50)": 0.018187843717583342, "Normalized End to End Latency (P90)": 0.027959403599491964, "Normalized End to End Latency (P99)": 0.04229858883613699, "Output Throughput (Mean)": 55.5006242819951, "Output Throughput (P50)": 54.54362460793902, "Output Throughput (P90)": 74.21757156391418, "Output Throughput (P99)": 89.92724906007459, "Deadline Miss Rate with 0.03s TBT Deadline, 0.3s TTFT Deadline, 0.0s TTFT Slack, Using Predictions for TTFT: False  (Mean)": 0.05831495515823095, "Deadline Miss Rate with 0.03s TBT Deadline, 0.3s TTFT Deadline, 0.0s TTFT Slack, Using Predictions for TTFT: False  (P50)": 0.020547791878089864, "Deadline Miss Rate with 0.03s TBT Deadline, 0.3s TTFT Deadline, 0.0s TTFT Slack, Using Predictions for TTFT: False  (P90)": 0.1485251261086259, "Deadline Miss Rate with 0.03s TBT Deadline, 0.3s TTFT Deadline, 0.0s TTFT Slack, Using Predictions for TTFT: False  (P99)": 0.41106628655534155, "Min Deadline to Meet Target Deadline Miss Rate of 10.0% (Mean)": 0.024509203563841668, "Min Deadline to Meet Target Deadline Miss Rate of 10.0% (P50)": 0.01779208038288807, "Min Deadline to Meet Target Deadline Miss Rate of 10.0% (P90)": 0.04367403388887171, "Min Deadline to Meet Target Deadline Miss Rate of 10.0% (P99)": 0.11270277586550731}