{"Target TBT (ms)": [1, 2, 3, 4, 5, 6, 7, 8, 9, 10, 11, 12, 13, 14, 15, 16, 17, 18, 19, 20, 21, 22, 23, 24, 25, 26, 27, 28, 29, 30, 31, 32, 33, 34, 35, 36, 37, 38, 39, 40, 41, 42, 43, 44, 45, 46, 47, 48, 49, 50, 51, 52, 53, 54, 55, 56, 57, 58, 59, 60, 61, 62, 63, 64, 65, 66, 67, 68, 69, 70, 71, 72, 73, 74, 75, 76, 77, 78, 79, 80, 81, 82, 83, 84, 85, 86, 87, 88, 89, 90, 91, 92, 93, 94, 95, 96, 97, 98, 99, 100], "Miss Rate P(99)": [0.9998366080775777, 0.9993494491371365, 0.9989967013188704, 0.9986547206436578, 0.9982719260989594, 0.9979754556143445, 0.9955350808040994, 0.9953992474916388, 0.9952994899516108, 0.9951810344827586, 0.9944496437628306, 0.9917277167277168, 0.981688024046828, 0.9732145975205168, 0.9382647093227275, 0.8532025819265142, 0.6518253805018506, 0.53356401384083, 0.5097849075282361, 0.48879098656651715, 0.4760649087221094, 0.44985172004744933, 0.43802197802197784, 0.42130531065892274, 0.41256253474152305, 0.39544313618108795, 0.3836948267679165, 0.37955882352941167, 0.368703007518797, 0.35790060240963845, 0.35109056424845897, 0.3360119047619047, 0.3299999999999999, 0.3254417413572343, 0.31452380952380954, 0.30905797101449267, 0.302994257588187, 0.2948380566801618, 0.28577784156142355, 0.28577784156142355, 0.27859233245537013, 0.27352941176470585, 0.2657272727272726, 0.26069230769230767, 0.26069230769230767, 0.24719387755102035, 0.24719387755102035, 0.24719387755102035, 0.24719387755102035, 0.24023809523809517, 0.21431857389304196, 0.21431857389304196, 0.2057446808510637, 0.19759653270291536, 0.19759653270291536, 0.19340823225293258, 0.1814397046759636, 0.1786684782608692, 0.17604347826086916, 0.17604347826086916, 0.173388305847076, 0.1707024377984413, 0.16109128754088559, 0.1571929824561399, 0.14600267379679116, 0.14318854222700345, 0.1403409090909087, 0.1403409090909087, 0.1403409090909087, 0.1403409090909087, 0.1403409090909087, 0.13400443880786253, 0.1310526315789468, 0.1310526315789468, 0.1310526315789468, 0.12279069767441825, 0.12279069767441825, 0.12279069767441825, 0.11980289279636941, 0.11853394091766142, 0.11853394091766142, 0.11517165005537047, 0.11517165005537047, 0.11214967203339239, 0.10293040293040259, 0.10254403131115425, 0.10254403131115425, 0.10254403131115425, 0.10254403131115425, 0.09970046082949269, 0.08941968040370042, 0.08941968040370042, 0.08941968040370042, 0.08941968040370042, 0.08941968040370042, 0.08941968040370042, 0.08941968040370042, 0.08941968040370042, 0.08941968040370042, 0.0859163279132789]}