{"tpot_based_throughput": 57.95793679235231, "tbt_based_throughput": 3.978118387938213, "deadline_based_throughput": 11.7262417223794}