{"Number of Requests": 256, "Number of Errored Requests": 0, "Number of Completed Requests": 256, "Error Rate": 0.0, "Deadline Miss Rate": 0.0004035683942225998, "Number of Prompt Tokens (Mean)": 6475.9375, "Number of Prompt Tokens (P50)": 7793.166095210145, "Number of Prompt Tokens (P90)": 8078.831292220465, "Number of Prompt Tokens (P99)": 8160.024923752189, "Number of Output Tokens (Mean)": 183.8515625, "Number of Output Tokens (P50)": 159.97238261315115, "Number of Output Tokens (P90)": 308.2778264562278, "Number of Output Tokens (P99)": 454.4107568025799, "Number of Total Tokens (Mean)": 6659.7890625, "Number of Total Tokens (P50)": 8030.503416967201, "Number of Total Tokens (P90)": 8192.730401697612, "Number of Total Tokens (P99)": 8192.730401697612, "Time per Output Token (Mean)": 0.005047229431616118, "Time per Output Token (P50)": 0.004668103983455903, "Time per Output Token (P90)": 0.006480211179837237, "Time per Output Token (P99)": 0.008625761032245905, "Time to First Token (Mean)": 0.15291582430290873, "Time to First Token (P50)": 0.17118660017665313, "Time to First Token (P90)": 0.18805871388699866, "Time to First Token (P99)": 0.27554593538799327, "Time Between Tokens (Mean)": 0.005058114155253171, "Time Between Tokens (P50)": 0.004309202978848563, "Time Between Tokens (P90)": 0.004956763511842779, "Time Between Tokens (P99)": 0.03294217136321616, "End to End Latency (Mean)": 1.0778196591527376, "End to End Latency (P50)": 0.9351947128530309, "End to End Latency (P90)": 1.809407959671299, "End to End Latency (P99)": 2.466992508849211, "Normalized End to End Latency (Mean)": 0.006221696137684548, "Normalized End to End Latency (P50)": 0.0057474314997432475, "Normalized End to End Latency (P90)": 0.008010499910893521, "Normalized End to End Latency (P99)": 0.013746075290919292, "Output Throughput (Mean)": 171.68534856925208, "Output Throughput (P50)": 173.64295686596404, "Output Throughput (P90)": 218.98457561057066, "Output Throughput (P99)": 238.17395840139497, "Deadline Miss Rate with 0.03s TBT Deadline, 0.3s TTFT Deadline, 0.0s TTFT Slack, Using Predictions for TTFT: False  (Mean)": 0.0006969371361438985, "Deadline Miss Rate with 0.03s TBT Deadline, 0.3s TTFT Deadline, 0.0s TTFT Slack, Using Predictions for TTFT: False  (P50)": 0, "Deadline Miss Rate with 0.03s TBT Deadline, 0.3s TTFT Deadline, 0.0s TTFT Slack, Using Predictions for TTFT: False  (P90)": 0, "Deadline Miss Rate with 0.03s TBT Deadline, 0.3s TTFT Deadline, 0.0s TTFT Slack, Using Predictions for TTFT: False  (P99)": 0.010748360894102584, "Min Deadline to Meet Target Deadline Miss Rate of 10.0% (Mean)": 0.004189901767151692, "Min Deadline to Meet Target Deadline Miss Rate of 10.0% (P50)": 0.003875803235793461, "Min Deadline to Meet Target Deadline Miss Rate of 10.0% (P90)": 0.0055887354771758145, "Min Deadline to Meet Target Deadline Miss Rate of 10.0% (P99)": 0.011831356055865461}