{"Target TBT (ms)": [1, 2, 3, 4, 5, 6, 7, 8, 9, 10, 11, 12, 13, 14, 15, 16, 17, 18, 19, 20, 21, 22, 23, 24, 25, 26, 27, 28, 29, 30, 31, 32, 33, 34, 35, 36, 37, 38, 39, 40, 41, 42, 43, 44, 45, 46, 47, 48, 49, 50, 51, 52, 53, 54, 55, 56, 57, 58, 59, 60, 61, 62, 63, 64, 65, 66, 67, 68, 69, 70, 71, 72, 73, 74, 75, 76, 77, 78, 79, 80, 81, 82, 83, 84, 85, 86, 87, 88, 89, 90, 91, 92, 93, 94, 95, 96, 97, 98, 99, 100], "Miss Rate P(99)": [1.0, 1.0, 1.0, 1.0, 0.8456241519674355, 0.37978100107524476, 0.31546374010431777, 0.2579396984924613, 0.21546736791776133, 0.1773902821316609, 0.14897660818713412, 0.12459319526627217, 0.11083615900728656, 0.10303030303030303, 0.0975609756097561, 0.08641975308641975, 0.082597498160412, 0.07638753651411878, 0.06900641025641013, 0.05289575289575287, 0.05289575289575287, 0.05158175158175157, 0.05128205128205128, 0.04807692307692301, 0.04423562412342214, 0.039191729323308264, 0.03896103896103896, 0.03896103896103896, 0.03896103896103896, 0.037715953770999615, 0.03364661654135335, 0.033066960595205246, 0.033066960595205246, 0.033066960595205246, 0.031503759398496166, 0.02808916567813364, 0.02705198776758409, 0.026473684210526312, 0.023635209479475193, 0.018189964157706087, 0.018189964157706087, 0.017799029403368537, 0.0173663111716209, 0.0173663111716209, 0.0173663111716209, 0.016694760500070214, 0.015291005291005279, 0.015291005291005279, 0.014580335731414864, 0.014580335731414864, 0.01416712783619258, 0.013808153477218215, 0.013236842105263156, 0.013236842105263156, 0.013002597695956627, 0.009927420958441027, 0.009927420958441027, 0.009116321762349795, 0.009116321762349795, 0.009116321762349795, 0.009116321762349795, 0.008759236453201967, 0.008759236453201967, 0.008759236453201967, 0.008759236453201967, 0.008759236453201967, 0.008759236453201967, 0.008759236453201967, 0.008759236453201967, 0.008759236453201967, 0.00798378795676787, 0.00798378795676787, 0.007343716201600689, 0.007343716201600689, 0.007343716201600689, 0.007343716201600689, 0.006811398190467302, 0.006622516556291391, 0.006622516556291391, 0.005921308920919346, 0.005921308920919346, 0.005921308920919346, 0.005921308920919346, 0.004787369493251835, 0.004787369493251835, 0.004787369493251835, 0.004787369493251835, 0.004787369493251835, 0.004787369493251835, 0.004787369493251835, 0.004787369493251835, 0.004787369493251835, 0.003940805571240346, 0.003940805571240346, 0.003940805571240346, 0.003940805571240346, 0.003940805571240346, 0.003940805571240346, 0.003940805571240346, 0.003940805571240346]}