{"tpot_based_throughput": 198.12850070495023, "tbt_based_throughput": 30.367826241280415, "deadline_based_throughput": 70.23087215587084}