{"Number of Requests": 512, "Number of Errored Requests": 0, "Number of Completed Requests": 512, "Error Rate": 0.0, "Deadline Miss Rate": 0.0029609576583054863, "Number of Prompt Tokens (Mean)": 6537.701171875, "Number of Prompt Tokens (P50)": 7840.065665426578, "Number of Prompt Tokens (P90)": 8095.005128641327, "Number of Prompt Tokens (P99)": 8160.024923752189, "Number of Output Tokens (Mean)": 184.3046875, "Number of Output Tokens (P50)": 170.88677687557998, "Number of Output Tokens (P90)": 308.2778264562278, "Number of Output Tokens (P99)": 434.8501656627444, "Number of Total Tokens (Mean)": 6722.005859375, "Number of Total Tokens (P50)": 8078.831292220465, "Number of Total Tokens (P90)": 8192.730401697612, "Number of Total Tokens (P99)": 8192.730401697612, "Time per Output Token (Mean)": 0.007146257579564346, "Time per Output Token (P50)": 0.006597911142084989, "Time per Output Token (P90)": 0.009381627192446609, "Time per Output Token (P99)": 0.014108160074140246, "Time to First Token (Mean)": 0.19670627191135281, "Time to First Token (P50)": 0.21502499273445652, "Time to First Token (P90)": 0.24147218858320788, "Time to First Token (P99)": 0.3981203999530817, "Time Between Tokens (Mean)": 0.007090832991586063, "Time Between Tokens (P50)": 0.00573594812012338, "Time Between Tokens (P90)": 0.00651920933739388, "Time Between Tokens (P99)": 0.032549227554047225, "End to End Latency (Mean)": 1.4964891975487262, "End to End Latency (P50)": 1.3404422511267173, "End to End Latency (P90)": 2.447335295916136, "End to End Latency (P99)": 3.6656289593914484, "Normalized End to End Latency (Mean)": 0.00865487873116592, "Normalized End to End Latency (P50)": 0.007804911080848714, "Normalized End to End Latency (P90)": 0.011527705262977854, "Normalized End to End Latency (P99)": 0.019545663917194606, "Output Throughput (Mean)": 124.29352816634459, "Output Throughput (P50)": 128.12432962288904, "Output Throughput (P90)": 157.7483729085478, "Output Throughput (P99)": 176.44359043127233, "Deadline Miss Rate with 0.03s TBT Deadline, 0.3s TTFT Deadline, 0.0s TTFT Slack, Using Predictions for TTFT: False  (Mean)": 0.004508512377471178, "Deadline Miss Rate with 0.03s TBT Deadline, 0.3s TTFT Deadline, 0.0s TTFT Slack, Using Predictions for TTFT: False  (P50)": 0, "Deadline Miss Rate with 0.03s TBT Deadline, 0.3s TTFT Deadline, 0.0s TTFT Slack, Using Predictions for TTFT: False  (P90)": 0.007248199814943368, "Deadline Miss Rate with 0.03s TBT Deadline, 0.3s TTFT Deadline, 0.0s TTFT Slack, Using Predictions for TTFT: False  (P99)": 0.08972540719819277, "Min Deadline to Meet Target Deadline Miss Rate of 10.0% (Mean)": 0.007143650124167025, "Min Deadline to Meet Target Deadline Miss Rate of 10.0% (P50)": 0.006151851429625353, "Min Deadline to Meet Target Deadline Miss Rate of 10.0% (P90)": 0.010122424881781077, "Min Deadline to Meet Target Deadline Miss Rate of 10.0% (P99)": 0.028015378381472934}