{"Target TBT (ms)": [1, 2, 3, 4, 5, 6, 7, 8, 9, 10, 11, 12, 13, 14, 15, 16, 17, 18, 19, 20, 21, 22, 23, 24, 25, 26, 27, 28, 29, 30, 31, 32, 33, 34, 35, 36, 37, 38, 39, 40, 41, 42, 43, 44, 45, 46, 47, 48, 49, 50, 51, 52, 53, 54, 55, 56, 57, 58, 59, 60, 61, 62, 63, 64, 65, 66, 67, 68, 69, 70, 71, 72, 73, 74, 75, 76, 77, 78, 79, 80, 81, 82, 83, 84, 85, 86, 87, 88, 89, 90, 91, 92, 93, 94, 95, 96, 97, 98, 99, 100], "Miss Rate P(99)": [0.9993691284103361, 0.9983974285714285, 0.997039265414778, 0.9958762685402031, 0.9946764801513405, 0.9773382157803409, 0.6158746572659615, 0.4971897810218975, 0.4544293478260867, 0.4192865126676601, 0.39888135593220325, 0.3579276895943562, 0.3333333333333333, 0.31553024351924586, 0.2836574420344051, 0.2511898395721925, 0.23548876625936124, 0.2017261904761904, 0.20011904761904734, 0.17824347454000797, 0.1765548780487797, 0.1583749999999995, 0.15326984126984058, 0.1411935483870963, 0.13751282051282007, 0.1269064966605945, 0.11401851851851819, 0.11401851851851819, 0.09940553339980032, 0.09881036136872366, 0.08502602472348716, 0.07531795946890284, 0.07475601821730635, 0.0687673700463201, 0.0687673700463201, 0.05987998843261998, 0.05987998843261998, 0.05723092750870523, 0.05723092750870523, 0.05723092750870523, 0.053446502057613164, 0.05298644338118022, 0.0522177165849364, 0.0522177165849364, 0.04578410566659276, 0.04139705882352938, 0.04139705882352938, 0.04139705882352938, 0.04139705882352938, 0.04139705882352938, 0.038373028644995165, 0.038373028644995165, 0.038373028644995165, 0.038373028644995165, 0.0359120234604105, 0.03156682027649761, 0.02914406268836644, 0.025974025974025976, 0.025974025974025976, 0.021862082670906176, 0.021862082670906176, 0.021832352941176445, 0.021832352941176445, 0.021832352941176445, 0.020741666666666655, 0.020741666666666655, 0.020741666666666655, 0.0196078431372549, 0.0196078431372549, 0.0196078431372549, 0.0196078431372549, 0.014626696832579176, 0.014626696832579176, 0.014437012263099213, 0.013885460944284462, 0.013885460944284462, 0.013071895424836602, 0.012816782627029275, 0.012816782627029275, 0.012816782627029275, 0.0071721084670724935, 0.006993006993006993, 0.006993006993006993, 0.006993006993006993, 0.006993006993006993, 0.006972075543504113, 0.006947460434302534, 0.006947460434302534, 0.006947460434302534, 0.006947460434302534, 0.006947460434302534, 0.006578947368421052, 0.006578947368421052, 0.006578947368421052, 0.006578947368421052, 0.006440369540873443, 0.006440369540873443, 0.006440369540873443, 0.006440369540873443, 0.0058552631578946465]}