{"tpot_based_throughput": 139.9333831542303, "tbt_based_throughput": 30.6966544828342, "deadline_based_throughput": 33.86754886120328}