{"Number of Requests": 512, "Number of Errored Requests": 0, "Number of Completed Requests": 512, "Error Rate": 0.0, "Deadline Miss Rate": 0.0037833553500660503, "Number of Prompt Tokens (Mean)": 6537.701171875, "Number of Prompt Tokens (P50)": 7840.065665426578, "Number of Prompt Tokens (P90)": 8095.005128641327, "Number of Prompt Tokens (P99)": 8160.024923752189, "Number of Output Tokens (Mean)": 184.2890625, "Number of Output Tokens (P50)": 170.88677687557998, "Number of Output Tokens (P90)": 308.2778264562278, "Number of Output Tokens (P99)": 434.8501656627444, "Number of Total Tokens (Mean)": 6721.990234375, "Number of Total Tokens (P50)": 8078.831292220465, "Number of Total Tokens (P90)": 8192.730401697612, "Number of Total Tokens (P99)": 8192.730401697612, "Time per Output Token (Mean)": 0.008110633220476471, "Time per Output Token (P50)": 0.0069919055128083735, "Time per Output Token (P90)": 0.01246286368631037, "Time per Output Token (P99)": 0.018297298853416077, "Time to First Token (Mean)": 0.2018641095728526, "Time to First Token (P50)": 0.21631902132589584, "Time to First Token (P90)": 0.27008975850178046, "Time to First Token (P99)": 0.4286987666509311, "Time Between Tokens (Mean)": 0.008012813674395372, "Time Between Tokens (P50)": 0.00581681617631342, "Time Between Tokens (P90)": 0.01145874609280157, "Time Between Tokens (P99)": 0.0364067309824493, "End to End Latency (Mean)": 1.6705252159399606, "End to End Latency (P50)": 1.452083794332939, "End to End Latency (P90)": 2.9358583362730246, "End to End Latency (P99)": 4.362302398369781, "Normalized End to End Latency (Mean)": 0.009643673000911089, "Normalized End to End Latency (P50)": 0.008287539993932908, "Normalized End to End Latency (P90)": 0.014537817659518063, "Normalized End to End Latency (P99)": 0.023213953100834992, "Output Throughput (Mean)": 115.92651170160082, "Output Throughput (P50)": 120.42186230541394, "Output Throughput (P90)": 155.55528241065605, "Output Throughput (P99)": 176.091055785056, "Deadline Miss Rate with 0.03s TBT Deadline, 0.3s TTFT Deadline, 0.0s TTFT Slack, Using Predictions for TTFT: False  (Mean)": 0.005580802310661407, "Deadline Miss Rate with 0.03s TBT Deadline, 0.3s TTFT Deadline, 0.0s TTFT Slack, Using Predictions for TTFT: False  (P50)": 0, "Deadline Miss Rate with 0.03s TBT Deadline, 0.3s TTFT Deadline, 0.0s TTFT Slack, Using Predictions for TTFT: False  (P90)": 0.009667340372991665, "Deadline Miss Rate with 0.03s TBT Deadline, 0.3s TTFT Deadline, 0.0s TTFT Slack, Using Predictions for TTFT: False  (P99)": 0.09642389065801434, "Min Deadline to Meet Target Deadline Miss Rate of 10.0% (Mean)": 0.008257203817866082, "Min Deadline to Meet Target Deadline Miss Rate of 10.0% (P50)": 0.006441446310738462, "Min Deadline to Meet Target Deadline Miss Rate of 10.0% (P90)": 0.01268922646132945, "Min Deadline to Meet Target Deadline Miss Rate of 10.0% (P99)": 0.03004672321615285}