{"Target TBT (ms)": [1, 2, 3, 4, 5, 6, 7, 8, 9, 10, 11, 12, 13, 14, 15, 16, 17, 18, 19, 20, 21, 22, 23, 24, 25, 26, 27, 28, 29, 30, 31, 32, 33, 34, 35, 36, 37, 38, 39, 40, 41, 42, 43, 44, 45, 46, 47, 48, 49, 50, 51, 52, 53, 54, 55, 56, 57, 58, 59, 60, 61, 62, 63, 64, 65, 66, 67, 68, 69, 70, 71, 72, 73, 74, 75, 76, 77, 78, 79, 80, 81, 82, 83, 84, 85, 86, 87, 88, 89, 90, 91, 92, 93, 94, 95, 96, 97, 98, 99, 100], "Miss Rate P(99)": [0.9994842116669945, 0.9988369064699051, 0.9976902340196808, 0.997303637406039, 0.9969221651950763, 0.9890665449717889, 0.9855007424517407, 0.9843022190553746, 0.98288457441142, 0.9775334275242132, 0.9670100515598146, 0.4666727716727715, 0.40449735449735413, 0.3675724921630092, 0.33895543615676355, 0.3175215189873415, 0.287993929359823, 0.2728773260767976, 0.24434150054155268, 0.21443243243243224, 0.18993545279383417, 0.1803573749187783, 0.1749338235294116, 0.16240943113772455, 0.1561064511209394, 0.1503613053613052, 0.14109564259871007, 0.13986853637160368, 0.1303726708074534, 0.1242763157894736, 0.1193785170473353, 0.11792638241172546, 0.1074928270042194, 0.10489440160911828, 0.10426113360323874, 0.09598232848232846, 0.09363704194992527, 0.09347490347490334, 0.08197784542533398, 0.08197784542533398, 0.08197784542533398, 0.08111121124729619, 0.0684722682119205, 0.0684722682119205, 0.06780404135338335, 0.06778749999999989, 0.06778749999999989, 0.05535048471290079, 0.05535048471290079, 0.05535048471290079, 0.05533730158730156, 0.05448261238337561, 0.05038848641026881, 0.049538167938931246, 0.049538167938931246, 0.049538167938931246, 0.04453048206629703, 0.04453048206629703, 0.03799789251844041, 0.03799789251844041, 0.032881051388674955, 0.032881051388674955, 0.032881051388674955, 0.030530232558139477, 0.028361904761904734, 0.028361904761904734, 0.02655384615384614, 0.02655384615384614, 0.02655384615384614, 0.02655384615384614, 0.02655384615384614, 0.02655384615384614, 0.02655384615384614, 0.02539863782051279, 0.022453577898550604, 0.022453577898550604, 0.01951366598579897, 0.01951366598579897, 0.01951366598579897, 0.01951366598579897, 0.01951366598579897, 0.01951366598579897, 0.01951366598579897, 0.01951366598579897, 0.01951366598579897, 0.01951366598579897, 0.01951366598579897, 0.01951366598579897, 0.013689917631112401, 0.013689917631112401, 0.013689917631112401, 0.013689917631112401, 0.013689917631112401, 0.0071721084670724935, 0.0071721084670724935, 0.0071721084670724935, 0.0071721084670724935, 0.0071721084670724935, 0.0071721084670724935, 0.0068811385674069055]}