{"tpot_based_throughput": 123.29493552677921, "tbt_based_throughput": 27.481511929612356, "deadline_based_throughput": 27.87804934811061}