{"Number of Requests": 256, "Number of Errored Requests": 0, "Number of Completed Requests": 256, "Error Rate": 0.0, "Deadline Miss Rate": 9.487993375655534e-05, "Number of Prompt Tokens (Mean)": 2274.9375, "Number of Prompt Tokens (P50)": 1738.8895294420502, "Number of Prompt Tokens (P90)": 5458.898826850627, "Number of Prompt Tokens (P99)": 6884.325540607284, "Number of Output Tokens (Mean)": 452.8515625, "Number of Output Tokens (P50)": 427.94792587688335, "Number of Output Tokens (P90)": 868.7034004475807, "Number of Output Tokens (P99)": 1001.2473012529721, "Number of Total Tokens (Mean)": 2727.7890625, "Number of Total Tokens (P50)": 2268.790333412844, "Number of Total Tokens (P90)": 6020.962450373618, "Number of Total Tokens (P99)": 7413.08877623367, "Time per Output Token (Mean)": 0.01227922792303794, "Time per Output Token (P50)": 0.012094530278658418, "Time per Output Token (P90)": 0.01405184013005181, "Time per Output Token (P99)": 0.015222177095846093, "Time to First Token (Mean)": 0.12426895733869969, "Time to First Token (P50)": 0.10177393370135109, "Time to First Token (P90)": 0.24635025201411817, "Time to First Token (P99)": 0.2943455364635546, "Time Between Tokens (Mean)": 0.01229841336737205, "Time Between Tokens (P50)": 0.011031483010194344, "Time Between Tokens (P90)": 0.01246286368631037, "Time Between Tokens (P99)": 0.044289770669018014, "End to End Latency (Mean)": 5.681374294333864, "End to End Latency (P50)": 5.285673540473237, "End to End Latency (P90)": 10.751016321791406, "End to End Latency (P99)": 12.465942689112822, "Normalized End to End Latency (Mean)": 0.012929104893705278, "Normalized End to End Latency (P50)": 0.012613319027283364, "Normalized End to End Latency (P90)": 0.014654586693083775, "Normalized End to End Latency (P99)": 0.01896800205900161, "Output Throughput (Mean)": 78.75367036506091, "Output Throughput (P50)": 79.12279058678082, "Output Throughput (P90)": 88.85457065633084, "Output Throughput (P99)": 93.03734865738271, "Deadline Miss Rate with 0.03s TBT Deadline, 0.3s TTFT Deadline, 0.0s TTFT Slack, Using Predictions for TTFT: False  (Mean)": 6.099716009605981e-05, "Deadline Miss Rate with 0.03s TBT Deadline, 0.3s TTFT Deadline, 0.0s TTFT Slack, Using Predictions for TTFT: False  (P50)": 0, "Deadline Miss Rate with 0.03s TBT Deadline, 0.3s TTFT Deadline, 0.0s TTFT Slack, Using Predictions for TTFT: False  (P90)": 0, "Deadline Miss Rate with 0.03s TBT Deadline, 0.3s TTFT Deadline, 0.0s TTFT Slack, Using Predictions for TTFT: False  (P99)": 0.001983281318635208, "Min Deadline to Meet Target Deadline Miss Rate of 10.0% (Mean)": 0.011099929872418802, "Min Deadline to Meet Target Deadline Miss Rate of 10.0% (P50)": 0.011276865023359462, "Min Deadline to Meet Target Deadline Miss Rate of 10.0% (P90)": 0.013554971024371348, "Min Deadline to Meet Target Deadline Miss Rate of 10.0% (P99)": 0.014108160074140246}