{"Target TBT (ms)": [1, 2, 3, 4, 5, 6, 7, 8, 9, 10, 11, 12, 13, 14, 15, 16, 17, 18, 19, 20, 21, 22, 23, 24, 25, 26, 27, 28, 29, 30, 31, 32, 33, 34, 35, 36, 37, 38, 39, 40, 41, 42, 43, 44, 45, 46, 47, 48, 49, 50, 51, 52, 53, 54, 55, 56, 57, 58, 59, 60, 61, 62, 63, 64, 65, 66, 67, 68, 69, 70, 71, 72, 73, 74, 75, 76, 77, 78, 79, 80, 81, 82, 83, 84, 85, 86, 87, 88, 89, 90, 91, 92, 93, 94, 95, 96, 97, 98, 99, 100], "Miss Rate P(99)": [0.9999095457974416, 0.9997791995586114, 0.9995936836272971, 0.9992716446090445, 0.9989861587784377, 0.9982420755430342, 0.9976184672248709, 0.9958811076297739, 0.994270820685915, 0.9920259148788751, 0.9818087210802442, 0.9449197860962566, 0.720988698781488, 0.16075268817204277, 0.11966413867822301, 0.10084301663248998, 0.08665413533834547, 0.07199999999999956, 0.0552293577981649, 0.03563218390804595, 0.027348965287049384, 0.022333945260347036, 0.01652243463666628, 0.01652243463666628, 0.01174549333191996, 0.011465740142210686, 0.008286957577018413, 0.007474630181249049, 0.005940738578309734, 0.005134286965406492, 0.004275923080219663, 0.004094856756147073, 0.0035826210826210773, 0.0035826210826210773, 0.0035826210826210773, 0.0035826210826210773, 0.0034549071618037055, 0.0034549071618037055, 0.0017502461235540169, 0.0017502461235540169, 0.0017502461235540169, 0.0017502461235540169, 0.0017502461235540169, 0.0009414225941422355, 0.0009414225941422355, 0.0009414225941422355, 0.0009414225941422355, 0.0004712041884816635, 0.0004712041884816635, 0.0, 0.0, 0.0, 0.0, 0.0, 0.0, 0.0, 0.0, 0.0, 0.0, 0.0, 0.0, 0.0, 0.0, 0.0, 0.0, 0.0, 0.0, 0.0, 0.0, 0.0, 0.0, 0.0, 0.0, 0.0, 0.0, 0.0, 0.0, 0.0, 0.0, 0.0, 0.0, 0.0, 0.0, 0.0, 0.0, 0.0, 0.0, 0.0, 0.0, 0.0, 0.0, 0.0, 0.0, 0.0, 0.0, 0.0, 0.0, 0.0, 0.0, 0.0]}