{"tpot_based_throughput": 81.43834500570092, "tbt_based_throughput": 22.59242697030457, "deadline_based_throughput": 61.94632782784693}