{"Number of Requests": 512, "Number of Errored Requests": 0, "Number of Completed Requests": 512, "Error Rate": 0.0, "Deadline Miss Rate": 4.5018277420632775e-06, "Number of Prompt Tokens (Mean)": 2234.875, "Number of Prompt Tokens (P50)": 1657.3943359881944, "Number of Prompt Tokens (P90)": 5458.898826850627, "Number of Prompt Tokens (P99)": 7079.810742190998, "Number of Output Tokens (Mean)": 433.849609375, "Number of Output Tokens (P50)": 407.89162073672736, "Number of Output Tokens (P90)": 826.336221897287, "Number of Output Tokens (P99)": 973.6012189425833, "Number of Total Tokens (Mean)": 2668.724609375, "Number of Total Tokens (P50)": 2111.1794506901215, "Number of Total Tokens (P90)": 5984.944824595679, "Number of Total Tokens (P99)": 7746.547080001839, "Time per Output Token (Mean)": 0.006026099439120269, "Time per Output Token (P50)": 0.005958108538012278, "Time per Output Token (P90)": 0.006690931552625862, "Time per Output Token (P99)": 0.007262710725483796, "Time to First Token (Mean)": 0.0806383252975138, "Time to First Token (P50)": 0.05686919597739268, "Time to First Token (P90)": 0.15676598646258555, "Time to First Token (P99)": 0.1996876192952873, "Time Between Tokens (Mean)": 0.006064791231916749, "Time Between Tokens (P50)": 0.00571305014648813, "Time Between Tokens (P90)": 0.006127293164994377, "Time Between Tokens (P99)": 0.017370153685716334, "End to End Latency (Mean)": 2.7057926862689783, "End to End Latency (P50)": 2.5728129026177378, "End to End Latency (P90)": 5.10898136913605, "End to End Latency (P99)": 6.353463621049604, "Normalized End to End Latency (Mean)": 0.006487007792828454, "Normalized End to End Latency (P50)": 0.006263587399476705, "Normalized End to End Latency (P90)": 0.007219264914419541, "Normalized End to End Latency (P99)": 0.01043069871834225, "Output Throughput (Mean)": 157.2824335619187, "Output Throughput (P50)": 159.65275747306492, "Output Throughput (P90)": 175.73922550376716, "Output Throughput (P99)": 183.64439240665055, "Deadline Miss Rate with 0.03s TBT Deadline, 0.3s TTFT Deadline, 0.0s TTFT Slack, Using Predictions for TTFT: False  (Mean)": 3.5771520146520146e-06, "Deadline Miss Rate with 0.03s TBT Deadline, 0.3s TTFT Deadline, 0.0s TTFT Slack, Using Predictions for TTFT: False  (P50)": 0, "Deadline Miss Rate with 0.03s TBT Deadline, 0.3s TTFT Deadline, 0.0s TTFT Slack, Using Predictions for TTFT: False  (P90)": 0, "Deadline Miss Rate with 0.03s TBT Deadline, 0.3s TTFT Deadline, 0.0s TTFT Slack, Using Predictions for TTFT: False  (P99)": 0, "Min Deadline to Meet Target Deadline Miss Rate of 10.0% (Mean)": 0.005011466805374331, "Min Deadline to Meet Target Deadline Miss Rate of 10.0% (P50)": 0.0055887354771758145, "Min Deadline to Meet Target Deadline Miss Rate of 10.0% (P90)": 0.006151851429625353, "Min Deadline to Meet Target Deadline Miss Rate of 10.0% (P99)": 0.006441446310738462}