{"tpot_based_throughput": 165.94482220259994, "tbt_based_throughput": 57.619859084561654, "deadline_based_throughput": 132.5803183867943}