{"Number of Requests": 256, "Number of Errored Requests": 0, "Number of Completed Requests": 256, "Error Rate": 0.0, "Deadline Miss Rate": 0.0007771483835313622, "Number of Prompt Tokens (Mean)": 2274.9375, "Number of Prompt Tokens (P50)": 1738.8895294420502, "Number of Prompt Tokens (P90)": 5458.898826850627, "Number of Prompt Tokens (P99)": 6884.325540607284, "Number of Output Tokens (Mean)": 452.15625, "Number of Output Tokens (P50)": 427.94792587688335, "Number of Output Tokens (P90)": 868.7034004475807, "Number of Output Tokens (P99)": 1001.2473012529721, "Number of Total Tokens (Mean)": 2727.09375, "Number of Total Tokens (P50)": 2268.790333412844, "Number of Total Tokens (P90)": 6020.962450373618, "Number of Total Tokens (P99)": 7413.08877623367, "Time per Output Token (Mean)": 0.014484274470679528, "Time per Output Token (P50)": 0.01442197905186511, "Time per Output Token (P90)": 0.01626073662495146, "Time per Output Token (P99)": 0.017579851268977924, "Time to First Token (Mean)": 0.14437864546380297, "Time to First Token (P50)": 0.11180475025116511, "Time to First Token (P90)": 0.28450600483850874, "Time to First Token (P99)": 0.39573882861822257, "Time Between Tokens (Mean)": 0.014572890324941537, "Time Between Tokens (P50)": 0.013207083793213397, "Time Between Tokens (P90)": 0.014278477915038083, "Time Between Tokens (P99)": 0.047028498075046575, "End to End Latency (Mean)": 6.71908612147854, "End to End Latency (P50)": 6.3789283795861165, "End to End Latency (P90)": 12.743232524960709, "End to End Latency (P99)": 15.07443713594293, "Normalized End to End Latency (Mean)": 0.015246092145071898, "Normalized End to End Latency (P50)": 0.014920757694717035, "Normalized End to End Latency (P90)": 0.016722471526689982, "Normalized End to End Latency (P99)": 0.021386363457730474, "Output Throughput (Mean)": 66.84632709932853, "Output Throughput (P50)": 66.88675068782601, "Output Throughput (P90)": 75.56558401733116, "Output Throughput (P99)": 83.34602972874508, "Deadline Miss Rate with 0.03s TBT Deadline, 0.3s TTFT Deadline, 0.0s TTFT Slack, Using Predictions for TTFT: False  (Mean)": 0.0018601630701965102, "Deadline Miss Rate with 0.03s TBT Deadline, 0.3s TTFT Deadline, 0.0s TTFT Slack, Using Predictions for TTFT: False  (P50)": 0, "Deadline Miss Rate with 0.03s TBT Deadline, 0.3s TTFT Deadline, 0.0s TTFT Slack, Using Predictions for TTFT: False  (P90)": 0.002043681247329785, "Deadline Miss Rate with 0.03s TBT Deadline, 0.3s TTFT Deadline, 0.0s TTFT Slack, Using Predictions for TTFT: False  (P99)": 0.014023764525396363, "Min Deadline to Meet Target Deadline Miss Rate of 10.0% (Mean)": 39062500.01306868, "Min Deadline to Meet Target Deadline Miss Rate of 10.0% (P50)": 0.013554971024371348, "Min Deadline to Meet Target Deadline Miss Rate of 10.0% (P90)": 0.014950629081493246, "Min Deadline to Meet Target Deadline Miss Rate of 10.0% (P99)": 0.01609893953850904}