{"Target TBT (ms)": [1, 2, 3, 4, 5, 6, 7, 8, 9, 10, 11, 12, 13, 14, 15, 16, 17, 18, 19, 20, 21, 22, 23, 24, 25, 26, 27, 28, 29, 30, 31, 32, 33, 34, 35, 36, 37, 38, 39, 40, 41, 42, 43, 44, 45, 46, 47, 48, 49, 50, 51, 52, 53, 54, 55, 56, 57, 58, 59, 60, 61, 62, 63, 64, 65, 66, 67, 68, 69, 70, 71, 72, 73, 74, 75, 76, 77, 78, 79, 80, 81, 82, 83, 84, 85, 86, 87, 88, 89, 90, 91, 92, 93, 94, 95, 96, 97, 98, 99, 100], "Miss Rate P(99)": [0.9999301938276627, 0.9998378977319002, 0.9997503905758974, 0.9996652618193094, 0.999502996316455, 0.9990676856008691, 0.9980742960588179, 0.9975172346414767, 0.9970669818425236, 0.9960755248335893, 0.9942720467223801, 0.9914366448002035, 0.9740341298826495, 0.6582883707486266, 0.2649782608695651, 0.19536055143160128, 0.15166666666666648, 0.13681553121888773, 0.11124999999999972, 0.09403183023872635, 0.07709302325581338, 0.06722935779816461, 0.040111228383534835, 0.036135693215339215, 0.036135693215339215, 0.02428037383177556, 0.018097527472527294, 0.017834352209352023, 0.015278365343937578, 0.015052092113692149, 0.015052092113692149, 0.015052092113692149, 0.010663305395494944, 0.00991079703429095, 0.00991079703429095, 0.0066096376722115215, 0.005936015582040901, 0.004750816533393378, 0.004750816533393378, 0.004094856756147073, 0.003889194362984675, 0.003889194362984675, 0.003889194362984675, 0.003889194362984675, 0.003889194362984675, 0.003889194362984675, 0.003130423174476033, 0.002472213518146452, 0.002472213518146452, 0.002472213518146452, 0.002472213518146452, 0.0022781076422141214, 0.0013585249260186583, 0.0013585249260186583, 0.0013585249260186583, 0.0013585249260186583, 0.0013585249260186583, 0.0013585249260186583, 0.0012376809362488403, 0.0012376809362488403, 0.0012376809362488403, 0.0012376809362488403, 0.0012376809362488403, 0.0012376809362488403, 0.0012376809362488403, 0.0012376809362488403, 0.0012376809362488403, 0.0012376809362488403, 0.0012376809362488403, 0.0, 0.0, 0.0, 0.0, 0.0, 0.0, 0.0, 0.0, 0.0, 0.0, 0.0, 0.0, 0.0, 0.0, 0.0, 0.0, 0.0, 0.0, 0.0, 0.0, 0.0, 0.0, 0.0, 0.0, 0.0, 0.0, 0.0, 0.0, 0.0, 0.0, 0.0]}