{"tpot_based_throughput": 69.04039287741313, "tbt_based_throughput": 21.24700058069446, "deadline_based_throughput": 49.382852730950724}