{"Number of Requests": 256, "Number of Errored Requests": 0, "Number of Completed Requests": 256, "Error Rate": 0.0, "Deadline Miss Rate": 0.0014134585839076423, "Number of Prompt Tokens (Mean)": 2274.9375, "Number of Prompt Tokens (P50)": 1738.8895294420502, "Number of Prompt Tokens (P90)": 5458.898826850627, "Number of Prompt Tokens (P99)": 6884.325540607284, "Number of Output Tokens (Mean)": 444.66015625, "Number of Output Tokens (P50)": 421.15524317027206, "Number of Output Tokens (P90)": 858.3412534158582, "Number of Output Tokens (P99)": 1001.2473012529721, "Number of Total Tokens (Mean)": 2719.59765625, "Number of Total Tokens (P50)": 2268.790333412844, "Number of Total Tokens (P90)": 6008.932555367876, "Number of Total Tokens (P99)": 7413.08877623367, "Time per Output Token (Mean)": 0.024748504342179553, "Time per Output Token (P50)": 0.02489715520083118, "Time per Output Token (P90)": 0.02633117416354552, "Time per Output Token (P99)": 0.02773662061654186, "Time to First Token (Mean)": 0.16697915681470477, "Time to First Token (P50)": 0.1412814678775116, "Time to First Token (P90)": 0.3020988796911206, "Time to First Token (P99)": 0.3426653866838716, "Time Between Tokens (Mean)": 0.024923973941649753, "Time Between Tokens (P50)": 0.022348372776335664, "Time Between Tokens (P90)": 0.023260427481417243, "Time Between Tokens (P99)": 0.08534944602973749, "End to End Latency (Mean)": 11.224948048684382, "End to End Latency (P50)": 10.47509236049357, "End to End Latency (P90)": 21.477385027032522, "End to End Latency (P99)": 25.15358861913759, "Normalized End to End Latency (Mean)": 0.025603655549284354, "Normalized End to End Latency (P50)": 0.025349361795013157, "Normalized End to End Latency (P90)": 0.027078866128275373, "Normalized End to End Latency (P99)": 0.03096178247814911, "Output Throughput (Mean)": 39.28868623502458, "Output Throughput (P50)": 39.448685457506215, "Output Throughput (P90)": 41.88805676971418, "Output Throughput (P99)": 43.59754137720183, "Deadline Miss Rate with 0.03s TBT Deadline, 0.3s TTFT Deadline, 0.0s TTFT Slack, Using Predictions for TTFT: False  (Mean)": 0.0023472376482419123, "Deadline Miss Rate with 0.03s TBT Deadline, 0.3s TTFT Deadline, 0.0s TTFT Slack, Using Predictions for TTFT: False  (P50)": 0, "Deadline Miss Rate with 0.03s TBT Deadline, 0.3s TTFT Deadline, 0.0s TTFT Slack, Using Predictions for TTFT: False  (P90)": 0.007033983066339041, "Deadline Miss Rate with 0.03s TBT Deadline, 0.3s TTFT Deadline, 0.0s TTFT Slack, Using Predictions for TTFT: False  (P99)": 0.01998043359922357, "Min Deadline to Meet Target Deadline Miss Rate of 10.0% (Mean)": 39062500.022494726, "Min Deadline to Meet Target Deadline Miss Rate of 10.0% (P50)": 0.0229370503108903, "Min Deadline to Meet Target Deadline Miss Rate of 10.0% (P90)": 0.024064880490925433, "Min Deadline to Meet Target Deadline Miss Rate of 10.0% (P99)": 0.02550191521924695}