{"Target TBT (ms)": [1, 2, 3, 4, 5, 6, 7, 8, 9, 10, 11, 12, 13, 14, 15, 16, 17, 18, 19, 20, 21, 22, 23, 24, 25, 26, 27, 28, 29, 30, 31, 32, 33, 34, 35, 36, 37, 38, 39, 40, 41, 42, 43, 44, 45, 46, 47, 48, 49, 50, 51, 52, 53, 54, 55, 56, 57, 58, 59, 60, 61, 62, 63, 64, 65, 66, 67, 68, 69, 70, 71, 72, 73, 74, 75, 76, 77, 78, 79, 80, 81, 82, 83, 84, 85, 86, 87, 88, 89, 90, 91, 92, 93, 94, 95, 96, 97, 98, 99, 100], "Miss Rate P(99)": [0.9999592219977554, 0.9999171750506262, 0.999869521460956, 0.9998193471548276, 0.9997734101767124, 0.9997058715805233, 0.9996734733143133, 0.9995417061504445, 0.9995083999822355, 0.9994899382739739, 0.9993198402540308, 0.9988920312820964, 0.9984073213423467, 0.997664636033424, 0.9968680630146796, 0.99634409553295, 0.9948316624004551, 0.9917471444553637, 0.9897425270138351, 0.9839150835553713, 0.9689066137203889, 0.8921795262615859, 0.2216171617161716, 0.18022929257020961, 0.14034954407294828, 0.11609369733737782, 0.09702702702702697, 0.07879417879417876, 0.07228661749209685, 0.06519691780821911, 0.05472972972972971, 0.05472972972972971, 0.049999999999999885, 0.043693982074263726, 0.043693982074263726, 0.0391975707455743, 0.03222804718217553, 0.03222804718217553, 0.028134920634920624, 0.028134920634920624, 0.0224099099099098, 0.01832112486318093, 0.01832112486318093, 0.01832112486318093, 0.013954171562867204, 0.007080334565259628, 0.007080334565259628, 0.006564845319954564, 0.006491753028754875, 0.006491753028754875, 0.00364361737525564, 0.00364361737525564, 0.00364361737525564, 0.00364361737525564, 0.00298879230858749, 0.0029768450330007698, 0.0029768450330007698, 0.0029768450330007698, 0.0029768450330007698, 0.0027282355194519826, 0.002107416879795387, 0.001984228473998283, 0.001984228473998283, 0.0012577344121846687, 0.0012577344121846687, 0.0004712041884816635, 0.0004712041884816635, 0.0004712041884816635, 0.0004712041884816635, 0.0004712041884816635, 0.0004712041884816635, 0.0004712041884816635, 0.0004712041884816635, 0.0004712041884816635, 0.0004712041884816635, 0.0004712041884816635, 0.0004712041884816635, 0.0004712041884816635, 0.0004712041884816635, 0.0, 0.0, 0.0, 0.0, 0.0, 0.0, 0.0, 0.0, 0.0, 0.0, 0.0, 0.0, 0.0, 0.0, 0.0, 0.0, 0.0, 0.0, 0.0, 0.0, 0.0]}