{"tpot_based_throughput": 40.406482192771236, "tbt_based_throughput": 11.706227252109512, "deadline_based_throughput": 37.79277001291762}