{"Number of Requests": 256, "Number of Errored Requests": 0, "Number of Completed Requests": 256, "Error Rate": 0.0, "Deadline Miss Rate": 0.08824560037377356, "Number of Prompt Tokens (Mean)": 6475.9375, "Number of Prompt Tokens (P50)": 7793.166095210145, "Number of Prompt Tokens (P90)": 8078.831292220465, "Number of Prompt Tokens (P99)": 8160.024923752189, "Number of Output Tokens (Mean)": 184.85546875, "Number of Output Tokens (P50)": 160.9351025012422, "Number of Output Tokens (P90)": 308.8949992819657, "Number of Output Tokens (P99)": 455.32048804743, "Number of Total Tokens (Mean)": 6660.79296875, "Number of Total Tokens (P50)": 8030.503416967201, "Number of Total Tokens (P90)": 8192.730401697612, "Number of Total Tokens (P99)": 8192.730401697612, "Time per Output Token (Mean)": 0.02116750973943053, "Time per Output Token (P50)": 0.019584794375487293, "Time per Output Token (P90)": 0.02980730828721308, "Time per Output Token (P99)": 0.047978537075465344, "Time to First Token (Mean)": 0.40466945753928485, "Time to First Token (P50)": 0.3704633235179314, "Time to First Token (P90)": 0.6524631331287278, "Time to First Token (P99)": 0.9521806380555277, "Time Between Tokens (Mean)": 0.02094000920337372, "Time Between Tokens (P50)": 0.014278477915038083, "Time Between Tokens (P90)": 0.01652300101856939, "Time Between Tokens (P99)": 0.30635800977148203, "End to End Latency (Mean)": 4.254604665254874, "End to End Latency (P50)": 3.869014993493735, "End to End Latency (P90)": 7.22104846412871, "End to End Latency (P99)": 10.601550743774519, "Normalized End to End Latency (Mean)": 0.024142638432208506, "Normalized End to End Latency (P50)": 0.022214683962622186, "Normalized End to End Latency (P90)": 0.03414969494958049, "Normalized End to End Latency (P99)": 0.053024485635102384, "Output Throughput (Mean)": 45.55069763976131, "Output Throughput (P50)": 44.925284630616794, "Output Throughput (P90)": 60.76420420719298, "Output Throughput (P99)": 88.14656963516714, "Deadline Miss Rate with 0.03s TBT Deadline, 0.3s TTFT Deadline, 0.0s TTFT Slack, Using Predictions for TTFT: False  (Mean)": 0.09233107890504344, "Deadline Miss Rate with 0.03s TBT Deadline, 0.3s TTFT Deadline, 0.0s TTFT Slack, Using Predictions for TTFT: False  (P50)": 0.05003655211505374, "Deadline Miss Rate with 0.03s TBT Deadline, 0.3s TTFT Deadline, 0.0s TTFT Slack, Using Predictions for TTFT: False  (P90)": 0.24147218858320788, "Deadline Miss Rate with 0.03s TBT Deadline, 0.3s TTFT Deadline, 0.0s TTFT Slack, Using Predictions for TTFT: False  (P99)": 0.47189406821467106, "Min Deadline to Meet Target Deadline Miss Rate of 10.0% (Mean)": 0.034039358007224164, "Min Deadline to Meet Target Deadline Miss Rate of 10.0% (P50)": 0.022618168878651118, "Min Deadline to Meet Target Deadline Miss Rate of 10.0% (P90)": 0.06272460883111167, "Min Deadline to Meet Target Deadline Miss Rate of 10.0% (P99)": 0.15993287052596578}