{"Target TBT (ms)": [1, 2, 3, 4, 5, 6, 7, 8, 9, 10, 11, 12, 13, 14, 15, 16, 17, 18, 19, 20, 21, 22, 23, 24, 25, 26, 27, 28, 29, 30, 31, 32, 33, 34, 35, 36, 37, 38, 39, 40, 41, 42, 43, 44, 45, 46, 47, 48, 49, 50, 51, 52, 53, 54, 55, 56, 57, 58, 59, 60, 61, 62, 63, 64, 65, 66, 67, 68, 69, 70, 71, 72, 73, 74, 75, 76, 77, 78, 79, 80, 81, 82, 83, 84, 85, 86, 87, 88, 89, 90, 91, 92, 93, 94, 95, 96, 97, 98, 99, 100], "Miss Rate P(99)": [0.9998373788286843, 0.9995197093912013, 0.9991599224597915, 0.9986424637984231, 0.998262937543517, 0.9979457579271059, 0.9977087838263389, 0.9963779207191847, 0.9961067503924647, 0.995250054836587, 0.9940240250944606, 0.9937970931344425, 0.9936678352322524, 0.9890068806427236, 0.982789408866995, 0.9163050964187325, 0.8184846199552078, 0.6595361045181429, 0.6361984809300807, 0.6176878442171517, 0.6039556962025315, 0.5870907282741737, 0.5711471682513435, 0.5564021421616357, 0.5403928367851035, 0.5230551012062972, 0.5036626457308442, 0.4847058823529408, 0.47376695204182107, 0.45866586538461507, 0.44266615737203935, 0.42321203386777123, 0.41213483146067387, 0.39000775412378375, 0.3824880763116055, 0.36869108232091524, 0.3611997273346965, 0.3518855337078651, 0.3404913557779799, 0.3326820276497695, 0.3263424947145877, 0.3174575738529225, 0.3086242603550295, 0.3053234501347708, 0.3034628855496554, 0.29171836228287834, 0.28817851427047214, 0.28020518129213784, 0.2737733142037303, 0.26432352941176457, 0.2610693069306931, 0.2610693069306931, 0.25802564102564096, 0.25141676122548223, 0.25141676122548223, 0.23755164679494734, 0.23712811375937057, 0.23415854978354966, 0.22966008771929822, 0.22966008771929822, 0.22493708053691266, 0.22493708053691266, 0.2154181026664248, 0.2136655718977581, 0.2109473835537665, 0.2074829931972788, 0.20272383146807108, 0.19924657534246573, 0.19924657534246573, 0.194987922705314, 0.19188963210702334, 0.18650349650349646, 0.18650349650349646, 0.18496503496503489, 0.1801721439749608, 0.1801721439749608, 0.1775177304964539, 0.1775177304964539, 0.1775177304964539, 0.17317503232631942, 0.17199498583963962, 0.17056520529432795, 0.17056520529432795, 0.1630197536885745, 0.16176201895626346, 0.15904071773636988, 0.15234257871064452, 0.15234257871064452, 0.15234257871064452, 0.15234257871064452, 0.15234257871064452, 0.149581550465643, 0.1488168118672003, 0.14601518026565463, 0.14292065663474685, 0.14007751937984494, 0.14007751937984494, 0.14007751937984494, 0.14007751937984494, 0.1398550724637681]}