{"tpot_based_throughput": 47.24221282096376, "tbt_based_throughput": 3.265704493010151, "deadline_based_throughput": 7.611576511640323}