{"Number of Requests": 256, "Number of Errored Requests": 0, "Number of Completed Requests": 256, "Error Rate": 0.0, "Deadline Miss Rate": 0.06537679831028574, "Number of Prompt Tokens (Mean)": 6475.9375, "Number of Prompt Tokens (P50)": 7793.166095210145, "Number of Prompt Tokens (P90)": 8078.831292220465, "Number of Prompt Tokens (P99)": 8160.024923752189, "Number of Output Tokens (Mean)": 184.8515625, "Number of Output Tokens (P50)": 160.9351025012422, "Number of Output Tokens (P90)": 308.8949992819657, "Number of Output Tokens (P99)": 455.32048804743, "Number of Total Tokens (Mean)": 6660.7890625, "Number of Total Tokens (P50)": 8030.503416967201, "Number of Total Tokens (P90)": 8192.730401697612, "Number of Total Tokens (P99)": 8192.730401697612, "Time per Output Token (Mean)": 0.020971995795500225, "Time per Output Token (P50)": 0.019624003173035816, "Time per Output Token (P90)": 0.028926368905165502, "Time per Output Token (P99)": 0.042468122088452895, "Time to First Token (Mean)": 0.3632763832782757, "Time to First Token (P50)": 0.3624021260184165, "Time to First Token (P90)": 0.5706377482658458, "Time to First Token (P99)": 1.0460273525850758, "Time Between Tokens (Mean)": 0.0207443931873342, "Time Between Tokens (P50)": 0.014772293625825215, "Time Between Tokens (P90)": 0.017060287973823713, "Time Between Tokens (P99)": 0.29141674846916216, "End to End Latency (Mean)": 4.1777327133852395, "End to End Latency (P50)": 3.8381863422937177, "End to End Latency (P90)": 7.063920095063338, "End to End Latency (P99)": 10.308824517083695, "Normalized End to End Latency (Mean)": 0.023634265527558464, "Normalized End to End Latency (P50)": 0.021862077277412673, "Normalized End to End Latency (P90)": 0.03222535722113038, "Normalized End to End Latency (P99)": 0.05043845011448348, "Output Throughput (Mean)": 45.436398495419276, "Output Throughput (P50)": 45.64987065666941, "Output Throughput (P90)": 57.225571289293, "Output Throughput (P99)": 69.75582397049466, "Deadline Miss Rate with 0.03s TBT Deadline, 0.3s TTFT Deadline, 0.0s TTFT Slack, Using Predictions for TTFT: False  (Mean)": 0.07110130523444039, "Deadline Miss Rate with 0.03s TBT Deadline, 0.3s TTFT Deadline, 0.0s TTFT Slack, Using Predictions for TTFT: False  (P50)": 0.033809899694717246, "Deadline Miss Rate with 0.03s TBT Deadline, 0.3s TTFT Deadline, 0.0s TTFT Slack, Using Predictions for TTFT: False  (P90)": 0.18843520780869435, "Deadline Miss Rate with 0.03s TBT Deadline, 0.3s TTFT Deadline, 0.0s TTFT Slack, Using Predictions for TTFT: False  (P99)": 0.4364852148468585, "Min Deadline to Meet Target Deadline Miss Rate of 10.0% (Mean)": 0.028844624475002946, "Min Deadline to Meet Target Deadline Miss Rate of 10.0% (P50)": 0.02092100106236009, "Min Deadline to Meet Target Deadline Miss Rate of 10.0% (P90)": 0.04563859545003733, "Min Deadline to Meet Target Deadline Miss Rate of 10.0% (P99)": 0.12039211892693379}