{"Target TBT (ms)": [1, 2, 3, 4, 5, 6, 7, 8, 9, 10, 11, 12, 13, 14, 15, 16, 17, 18, 19, 20, 21, 22, 23, 24, 25, 26, 27, 28, 29, 30, 31, 32, 33, 34, 35, 36, 37, 38, 39, 40, 41, 42, 43, 44, 45, 46, 47, 48, 49, 50, 51, 52, 53, 54, 55, 56, 57, 58, 59, 60, 61, 62, 63, 64, 65, 66, 67, 68, 69, 70, 71, 72, 73, 74, 75, 76, 77, 78, 79, 80, 81, 82, 83, 84, 85, 86, 87, 88, 89, 90, 91, 92, 93, 94, 95, 96, 97, 98, 99, 100], "Miss Rate P(99)": [0.9998093478914605, 0.9995003969272577, 0.999050371334617, 0.9986921867983835, 0.9983492387166938, 0.9978977520998203, 0.9977957784124019, 0.996086619204089, 0.9956969629957246, 0.9952418715305313, 0.99375, 0.993694385384676, 0.993637676508344, 0.991474206777466, 0.9787024087024087, 0.9409968502801086, 0.8333052129782132, 0.7287983475248951, 0.6066915825557034, 0.5789430259455156, 0.5594254032258061, 0.5364762036524622, 0.5182432432432428, 0.5032683144729002, 0.47476795310210057, 0.4540913081650569, 0.42761324041811843, 0.41953405017921147, 0.3985897435897436, 0.3835551279995723, 0.3685818888224746, 0.3617262152056502, 0.3521287976037655, 0.34216269841269836, 0.3318749999999999, 0.32810126582278476, 0.31776018099547504, 0.30394096165550816, 0.29601389176860865, 0.2916823899371067, 0.27896023468057346, 0.2743791208791206, 0.2608957752092461, 0.2546174946662599, 0.24370157068062792, 0.24147368421052595, 0.24147368421052595, 0.23694680851063782, 0.22785114045618213, 0.22785114045618213, 0.2231770546056256, 0.21840080294412792, 0.21748243559718916, 0.20151391162029436, 0.19657801418439683, 0.19657801418439683, 0.19657801418439683, 0.19657801418439683, 0.191531197704996, 0.18896501983411418, 0.18126381724392013, 0.18126381724392013, 0.18126381724392013, 0.17284482758620645, 0.1660052049446972, 0.16248768472906386, 0.16248768472906386, 0.16248768472906386, 0.15693573667711594, 0.15070993914807293, 0.14336945304437557, 0.14336945304437557, 0.13864809081527343, 0.13864809081527343, 0.13394997394476277, 0.13394997394476277, 0.12610970196575746, 0.11920180722891555, 0.11920180722891555, 0.11920180722891555, 0.11920180722891555, 0.11920180722891555, 0.11920180722891555, 0.11624999999999981, 0.11023773006134939, 0.10560897435897396, 0.10560897435897396, 0.09844988344988323, 0.09844988344988323, 0.09691699604743058, 0.09691699604743058, 0.09691699604743058, 0.09691699604743058, 0.09691699604743058, 0.09691699604743058, 0.09194805194805158, 0.08675958188153288, 0.08675958188153288, 0.08675958188153288, 0.08675958188153288]}