{"tpot_based_throughput": 47.68263401113979, "tbt_based_throughput": 3.4310348353786764, "deadline_based_throughput": 11.095735308489733}