{"Number of Requests": 256, "Number of Errored Requests": 0, "Number of Completed Requests": 256, "Error Rate": 0.0, "Deadline Miss Rate": 5.270369979972594e-05, "Number of Prompt Tokens (Mean)": 2274.9375, "Number of Prompt Tokens (P50)": 1738.8895294420502, "Number of Prompt Tokens (P90)": 5458.898826850627, "Number of Prompt Tokens (P99)": 6884.325540607284, "Number of Output Tokens (Mean)": 444.68359375, "Number of Output Tokens (P50)": 427.0928850659405, "Number of Output Tokens (P90)": 824.6852004749147, "Number of Output Tokens (P99)": 1001.2473012529721, "Number of Total Tokens (Mean)": 2719.62109375, "Number of Total Tokens (P50)": 2268.790333412844, "Number of Total Tokens (P90)": 6020.962450373618, "Number of Total Tokens (P99)": 7413.08877623367, "Time per Output Token (Mean)": 0.0053694991765572105, "Time per Output Token (P50)": 0.004530140615583347, "Time per Output Token (P90)": 0.008782430578913203, "Time per Output Token (P99)": 0.010122424881781077, "Time to First Token (Mean)": 0.08129466458740353, "Time to First Token (P50)": 0.06647020986348245, "Time to First Token (P90)": 0.12963905618639784, "Time to First Token (P99)": 0.21502499273445652, "Time Between Tokens (Mean)": 0.005343611902777517, "Time Between Tokens (P50)": 0.0042070132550399405, "Time Between Tokens (P90)": 0.00867767119048706, "Time Between Tokens (P99)": 0.01274008503346046, "End to End Latency (Mean)": 2.452188470701003, "End to End Latency (P50)": 2.1749371313575163, "End to End Latency (P90)": 4.293060945682057, "End to End Latency (P99)": 8.093005717598098, "Normalized End to End Latency (Mean)": 0.00584920461243214, "Normalized End to End Latency (P50)": 0.004858612985812855, "Normalized End to End Latency (P90)": 0.009400409228867918, "Normalized End to End Latency (P99)": 0.010748360894102584, "Output Throughput (Mean)": 188.270611643382, "Output Throughput (P50)": 204.5886286786917, "Output Throughput (P90)": 238.65078314293916, "Output Throughput (P99)": 250.88667462712155, "Deadline Miss Rate with 0.03s TBT Deadline, 0.3s TTFT Deadline, 0.0s TTFT Slack, Using Predictions for TTFT: False  (Mean)": 0.00010653159485485345, "Deadline Miss Rate with 0.03s TBT Deadline, 0.3s TTFT Deadline, 0.0s TTFT Slack, Using Predictions for TTFT: False  (P50)": 0, "Deadline Miss Rate with 0.03s TBT Deadline, 0.3s TTFT Deadline, 0.0s TTFT Slack, Using Predictions for TTFT: False  (P90)": 0, "Deadline Miss Rate with 0.03s TBT Deadline, 0.3s TTFT Deadline, 0.0s TTFT Slack, Using Predictions for TTFT: False  (P99)": 0, "Min Deadline to Meet Target Deadline Miss Rate of 10.0% (Mean)": 0.004457465516086355, "Min Deadline to Meet Target Deadline Miss Rate of 10.0% (P50)": 0.004165152759848989, "Min Deadline to Meet Target Deadline Miss Rate of 10.0% (P90)": 0.008139698787313627, "Min Deadline to Meet Target Deadline Miss Rate of 10.0% (P99)": 0.009288278411217488}