{"tpot_based_throughput": 186.2371083630884, "tbt_based_throughput": 78.3793550463898, "deadline_based_throughput": 103.18555584304431}