{"Number of Requests": 256, "Number of Errored Requests": 0, "Number of Completed Requests": 256, "Error Rate": 0.0, "Deadline Miss Rate": 0.00011302775266049941, "Number of Prompt Tokens (Mean)": 2274.9375, "Number of Prompt Tokens (P50)": 1738.8895294420502, "Number of Prompt Tokens (P90)": 5458.898826850627, "Number of Prompt Tokens (P99)": 6884.325540607284, "Number of Output Tokens (Mean)": 449.25390625, "Number of Output Tokens (P50)": 423.6897714554094, "Number of Output Tokens (P90)": 868.7034004475807, "Number of Output Tokens (P99)": 1001.2473012529721, "Number of Total Tokens (Mean)": 2724.19140625, "Number of Total Tokens (P50)": 2268.790333412844, "Number of Total Tokens (P90)": 6020.962450373618, "Number of Total Tokens (P99)": 7413.08877623367, "Time per Output Token (Mean)": 0.013115547054632764, "Time per Output Token (P50)": 0.012893887071738367, "Time per Output Token (P90)": 0.015252651924866805, "Time per Output Token (P99)": 0.016992183099781375, "Time to First Token (Mean)": 0.12982559131933158, "Time to First Token (P50)": 0.10320878980828974, "Time to First Token (P90)": 0.25082470733001944, "Time to First Token (P99)": 0.30697133912037383, "Time Between Tokens (Mean)": 0.013155687949211353, "Time Between Tokens (P50)": 0.011643560665779715, "Time Between Tokens (P90)": 0.01385648497995479, "Time Between Tokens (P99)": 0.04684075974714052, "End to End Latency (Mean)": 6.026965493365424, "End to End Latency (P50)": 5.590116197741286, "End to End Latency (P90)": 11.415822271300364, "End to End Latency (P99)": 13.915458961687523, "Normalized End to End Latency (Mean)": 0.01380110320960303, "Normalized End to End Latency (P50)": 0.013420096764419964, "Normalized End to End Latency (P90)": 0.0157801590720911, "Normalized End to End Latency (P99)": 0.02071283355461296, "Output Throughput (Mean)": 74.06773275190271, "Output Throughput (P50)": 74.51503648254217, "Output Throughput (P90)": 84.85984220805071, "Output Throughput (P99)": 91.7439006076343, "Deadline Miss Rate with 0.03s TBT Deadline, 0.3s TTFT Deadline, 0.0s TTFT Slack, Using Predictions for TTFT: False  (Mean)": 8.207991699026547e-05, "Deadline Miss Rate with 0.03s TBT Deadline, 0.3s TTFT Deadline, 0.0s TTFT Slack, Using Predictions for TTFT: False  (P50)": 0, "Deadline Miss Rate with 0.03s TBT Deadline, 0.3s TTFT Deadline, 0.0s TTFT Slack, Using Predictions for TTFT: False  (P90)": 0, "Deadline Miss Rate with 0.03s TBT Deadline, 0.3s TTFT Deadline, 0.0s TTFT Slack, Using Predictions for TTFT: False  (P99)": 0.0031291232598726006, "Min Deadline to Meet Target Deadline Miss Rate of 10.0% (Mean)": 0.011952581155330927, "Min Deadline to Meet Target Deadline Miss Rate of 10.0% (P50)": 0.012118743552489568, "Min Deadline to Meet Target Deadline Miss Rate of 10.0% (P90)": 0.01439316390890434, "Min Deadline to Meet Target Deadline Miss Rate of 10.0% (P99)": 0.015529685574838067}