{"Target TBT (ms)": [1, 2, 3, 4, 5, 6, 7, 8, 9, 10, 11, 12, 13, 14, 15, 16, 17, 18, 19, 20, 21, 22, 23, 24, 25, 26, 27, 28, 29, 30, 31, 32, 33, 34, 35, 36, 37, 38, 39, 40, 41, 42, 43, 44, 45, 46, 47, 48, 49, 50, 51, 52, 53, 54, 55, 56, 57, 58, 59, 60, 61, 62, 63, 64, 65, 66, 67, 68, 69, 70, 71, 72, 73, 74, 75, 76, 77, 78, 79, 80, 81, 82, 83, 84, 85, 86, 87, 88, 89, 90, 91, 92, 93, 94, 95, 96, 97, 98, 99, 100], "Miss Rate P(99)": [0.9999208051007505, 0.9998237171441225, 0.9997296365313987, 0.9995521599787301, 0.9993659255898366, 0.9989668500074327, 0.9982921928817451, 0.9976512997981296, 0.9966297101045555, 0.9948030851777331, 0.9931388061466387, 0.9869046943293409, 0.9591360688268276, 0.5381648936170209, 0.15774038461538453, 0.14779887482419118, 0.11993421052631568, 0.08578753869969, 0.07082096069868948, 0.060609293504029924, 0.060609293504029924, 0.05029094435689137, 0.03489472078120231, 0.020432748538011476, 0.020432748538011476, 0.01917898193760243, 0.015726582145506693, 0.011353364313450824, 0.01060085595224683, 0.007474630181249049, 0.005134286965406492, 0.004094856756147073, 0.004094856756147073, 0.004094856756147073, 0.0035826210826210773, 0.0035826210826210773, 0.0035826210826210773, 0.0035826210826210773, 0.0029768450330007698, 0.002512200988738999, 0.002512200988738999, 0.0017502461235540169, 0.0017502461235540169, 0.0017502461235540169, 0.0017502461235540169, 0.0017502461235540169, 0.0009414225941422355, 0.0004712041884816635, 0.0004712041884816635, 0.0004712041884816635, 0.0004712041884816635, 0.0004712041884816635, 0.0, 0.0, 0.0, 0.0, 0.0, 0.0, 0.0, 0.0, 0.0, 0.0, 0.0, 0.0, 0.0, 0.0, 0.0, 0.0, 0.0, 0.0, 0.0, 0.0, 0.0, 0.0, 0.0, 0.0, 0.0, 0.0, 0.0, 0.0, 0.0, 0.0, 0.0, 0.0, 0.0, 0.0, 0.0, 0.0, 0.0, 0.0, 0.0, 0.0, 0.0, 0.0, 0.0, 0.0, 0.0, 0.0, 0.0, 0.0]}