{"tpot_based_throughput": 76.24538998140932, "tbt_based_throughput": 21.351643729559722, "deadline_based_throughput": 55.54127247809574}