{"Number of Requests": 256, "Number of Errored Requests": 0, "Number of Completed Requests": 256, "Error Rate": 0.0, "Deadline Miss Rate": 0.00019027590005507987, "Number of Prompt Tokens (Mean)": 2274.9375, "Number of Prompt Tokens (P50)": 1738.8895294420502, "Number of Prompt Tokens (P90)": 5458.898826850627, "Number of Prompt Tokens (P99)": 6884.325540607284, "Number of Output Tokens (Mean)": 389.99609375, "Number of Output Tokens (P50)": 380.3156174923088, "Number of Output Tokens (P90)": 718.3821661902196, "Number of Output Tokens (P99)": 950.5129494524176, "Number of Total Tokens (Mean)": 2664.93359375, "Number of Total Tokens (P50)": 2268.790333412844, "Number of Total Tokens (P90)": 6020.962450373618, "Number of Total Tokens (P99)": 7266.299735127407, "Time per Output Token (Mean)": 0.010532369273506212, "Time per Output Token (P50)": 0.011231847643044041, "Time per Output Token (P90)": 0.012289599218201957, "Time per Output Token (P99)": 0.013207083793213397, "Time to First Token (Mean)": 0.09595414793875534, "Time to First Token (P50)": 0.0750949952933328, "Time to First Token (P90)": 0.17852956265976133, "Time to First Token (P99)": 0.21849306436201546, "Time Between Tokens (Mean)": 0.01071366459331281, "Time Between Tokens (P50)": 0.010641412880810925, "Time Between Tokens (P90)": 0.011597079432065257, "Time Between Tokens (P99)": 0.03912468894917585, "End to End Latency (Mean)": 4.263611524989756, "End to End Latency (P50)": 3.769717037712412, "End to End Latency (P90)": 8.190706853178607, "End to End Latency (P99)": 11.21217571992615, "Normalized End to End Latency (Mean)": 0.011107120891536563, "Normalized End to End Latency (P50)": 0.01157390844418901, "Normalized End to End Latency (P90)": 0.012919700659469575, "Normalized End to End Latency (P99)": 0.01635859435694328, "Output Throughput (Mean)": 96.1303785070443, "Output Throughput (P50)": 86.40115003692432, "Output Throughput (P90)": 152.17043491294038, "Output Throughput (P99)": 172.25935453835294, "Deadline Miss Rate with 0.03s TBT Deadline, 0.3s TTFT Deadline, 0.0s TTFT Slack, Using Predictions for TTFT: False  (Mean)": 0.000540047145500037, "Deadline Miss Rate with 0.03s TBT Deadline, 0.3s TTFT Deadline, 0.0s TTFT Slack, Using Predictions for TTFT: False  (P50)": 0, "Deadline Miss Rate with 0.03s TBT Deadline, 0.3s TTFT Deadline, 0.0s TTFT Slack, Using Predictions for TTFT: False  (P90)": 0, "Deadline Miss Rate with 0.03s TBT Deadline, 0.3s TTFT Deadline, 0.0s TTFT Slack, Using Predictions for TTFT: False  (P99)": 0, "Min Deadline to Meet Target Deadline Miss Rate of 10.0% (Mean)": 0.009254739205491762, "Min Deadline to Meet Target Deadline Miss Rate of 10.0% (P50)": 0.010409858161462445, "Min Deadline to Meet Target Deadline Miss Rate of 10.0% (P90)": 0.011550783751992826, "Min Deadline to Meet Target Deadline Miss Rate of 10.0% (P99)": 0.011831356055865461}