{"Target TBT (ms)": [1, 2, 3, 4, 5, 6, 7, 8, 9, 10, 11, 12, 13, 14, 15, 16, 17, 18, 19, 20, 21, 22, 23, 24, 25, 26, 27, 28, 29, 30, 31, 32, 33, 34, 35, 36, 37, 38, 39, 40, 41, 42, 43, 44, 45, 46, 47, 48, 49, 50, 51, 52, 53, 54, 55, 56, 57, 58, 59, 60, 61, 62, 63, 64, 65, 66, 67, 68, 69, 70, 71, 72, 73, 74, 75, 76, 77, 78, 79, 80, 81, 82, 83, 84, 85, 86, 87, 88, 89, 90, 91, 92, 93, 94, 95, 96, 97, 98, 99, 100], "Miss Rate P(99)": [0.9998826584045333, 0.9997100466850083, 0.9994146136309662, 0.9990985701151903, 0.9986158252774794, 0.9966766004415011, 0.9936750261852533, 0.9917454570122701, 0.9879040535730546, 0.9762701746156962, 0.9048875953432357, 0.1579232855482368, 0.11065270935960582, 0.08002417405318263, 0.06073943661971784, 0.04315331010452925, 0.014789196310935435, 0.013140020898641547, 0.012018041612105327, 0.010197020862251084, 0.006182487725040875, 0.0054459901800327105, 0.0054459901800327105, 0.004328499369482965, 0.004328499369482965, 0.004328499369482965, 0.004328499369482965, 0.0023200989747961085, 0.0023200989747961085, 0.0023200989747961085, 0.0023200989747961085, 0.0014778325123152335, 0.0014778325123152335, 0.0014778325123152335, 0.0007401315789473497, 0.0007401315789473497, 0.0007401315789473497, 0.0007401315789473497, 0.0007401315789473497, 0.0007401315789473497, 0.0007401315789473497, 0.0007401315789473497, 0.0007401315789473497, 0.0007401315789473497, 0.0007401315789473497, 0.0007401315789473497, 0.0, 0.0, 0.0, 0.0, 0.0, 0.0, 0.0, 0.0, 0.0, 0.0, 0.0, 0.0, 0.0, 0.0, 0.0, 0.0, 0.0, 0.0, 0.0, 0.0, 0.0, 0.0, 0.0, 0.0, 0.0, 0.0, 0.0, 0.0, 0.0, 0.0, 0.0, 0.0, 0.0, 0.0, 0.0, 0.0, 0.0, 0.0, 0.0, 0.0, 0.0, 0.0, 0.0, 0.0, 0.0, 0.0, 0.0, 0.0, 0.0, 0.0, 0.0, 0.0, 0.0, 0.0]}