{"tpot_based_throughput": 94.94539870677184, "tbt_based_throughput": 25.56791637064268, "deadline_based_throughput": 73.30359083843229}