{"Number of Requests": 256, "Number of Errored Requests": 0, "Number of Completed Requests": 256, "Error Rate": 0.0, "Deadline Miss Rate": 0.0011467889908256881, "Number of Prompt Tokens (Mean)": 2274.9375, "Number of Prompt Tokens (P50)": 1738.8895294420502, "Number of Prompt Tokens (P90)": 5458.898826850627, "Number of Prompt Tokens (P99)": 6884.325540607284, "Number of Output Tokens (Mean)": 449.28515625, "Number of Output Tokens (P50)": 423.6897714554094, "Number of Output Tokens (P90)": 868.7034004475807, "Number of Output Tokens (P99)": 1001.2473012529721, "Number of Total Tokens (Mean)": 2724.22265625, "Number of Total Tokens (P50)": 2268.790333412844, "Number of Total Tokens (P90)": 6020.962450373618, "Number of Total Tokens (P99)": 7413.08877623367, "Time per Output Token (Mean)": 0.014706674430959348, "Time per Output Token (P50)": 0.014566922399577159, "Time per Output Token (P90)": 0.01655608009968765, "Time per Output Token (P99)": 0.018629632372265528, "Time to First Token (Mean)": 0.1545405203064547, "Time to First Token (P50)": 0.1211166432814948, "Time to First Token (P90)": 0.3279149930667399, "Time to First Token (P99)": 0.40535145380983495, "Time Between Tokens (Mean)": 0.014812431866125504, "Time Between Tokens (P50)": 0.01323352440140802, "Time Between Tokens (P90)": 0.014335706226092027, "Time Between Tokens (P99)": 0.045456405630066955, "End to End Latency (Mean)": 6.7947917149169825, "End to End Latency (P50)": 6.468861469605334, "End to End Latency (P90)": 12.974687634289394, "End to End Latency (P99)": 15.225937798612097, "Normalized End to End Latency (Mean)": 0.015515818118024837, "Normalized End to End Latency (P50)": 0.01519176315559465, "Normalized End to End Latency (P90)": 0.01709444270450204, "Normalized End to End Latency (P99)": 0.023353655554260517, "Output Throughput (Mean)": 65.75841162205339, "Output Throughput (P50)": 65.82507835054889, "Output Throughput (P90)": 74.6642157347595, "Output Throughput (P99)": 81.53243911452779, "Deadline Miss Rate with 0.03s TBT Deadline, 0.3s TTFT Deadline, 0.0s TTFT Slack, Using Predictions for TTFT: False  (Mean)": 0.0023709733474888534, "Deadline Miss Rate with 0.03s TBT Deadline, 0.3s TTFT Deadline, 0.0s TTFT Slack, Using Predictions for TTFT: False  (P50)": 0, "Deadline Miss Rate with 0.03s TBT Deadline, 0.3s TTFT Deadline, 0.0s TTFT Slack, Using Predictions for TTFT: False  (P90)": 0.003977895603595812, "Deadline Miss Rate with 0.03s TBT Deadline, 0.3s TTFT Deadline, 0.0s TTFT Slack, Using Predictions for TTFT: False  (P99)": 0.022708822771297113, "Min Deadline to Meet Target Deadline Miss Rate of 10.0% (Mean)": 39062500.013259634, "Min Deadline to Meet Target Deadline Miss Rate of 10.0% (P50)": 0.013554971024371348, "Min Deadline to Meet Target Deadline Miss Rate of 10.0% (P90)": 0.015529685574838067, "Min Deadline to Meet Target Deadline Miss Rate of 10.0% (P99)": 0.017509672292034872}