{"Target TBT (ms)": [1, 2, 3, 4, 5, 6, 7, 8, 9, 10, 11, 12, 13, 14, 15, 16, 17, 18, 19, 20, 21, 22, 23, 24, 25, 26, 27, 28, 29, 30, 31, 32, 33, 34, 35, 36, 37, 38, 39, 40, 41, 42, 43, 44, 45, 46, 47, 48, 49, 50, 51, 52, 53, 54, 55, 56, 57, 58, 59, 60, 61, 62, 63, 64, 65, 66, 67, 68, 69, 70, 71, 72, 73, 74, 75, 76, 77, 78, 79, 80, 81, 82, 83, 84, 85, 86, 87, 88, 89, 90, 91, 92, 93, 94, 95, 96, 97, 98, 99, 100], "Miss Rate P(99)": [0.9999319461132616, 0.9998357218684936, 0.9997348191750033, 0.9996439073040915, 0.999244088770339, 0.9991305402232332, 0.9983941485864563, 0.9981187381579959, 0.9965833426941267, 0.9964144398766701, 0.9946651776856927, 0.992557111671381, 0.9755647634776454, 0.6756299359035352, 0.2771739130434781, 0.2120618556701028, 0.17733410493827118, 0.1638829787234039, 0.13479853479853462, 0.11916376306620204, 0.10759740259740241, 0.08967611336032356, 0.08430769230769213, 0.06981981981981959, 0.06108695652173901, 0.0458051529790658, 0.039001346773864146, 0.03703628127168079, 0.03284021031993552, 0.029065899487548105, 0.029065899487548105, 0.019308755760368473, 0.019308755760368473, 0.01771008403361322, 0.011374680306905307, 0.011374680306905307, 0.011374680306905307, 0.007288838612367992, 0.005959769884808926, 0.005959769884808926, 0.005959769884808926, 0.005959769884808926, 0.005875950711981238, 0.005127879047918136, 0.004162011823302141, 0.004162011823302141, 0.003889194362984675, 0.003889194362984675, 0.003889194362984675, 0.003889194362984675, 0.003889194362984675, 0.003286637931034479, 0.003286637931034479, 0.0029768450330007698, 0.0029768450330007698, 0.0029768450330007698, 0.0029768450330007698, 0.002472213518146452, 0.002472213518146452, 0.002472213518146452, 0.002472213518146452, 0.002472213518146452, 0.002472213518146452, 0.002472213518146452, 0.0018979443332726902, 0.0018979443332726902, 0.0016159420289855047, 0.001490641711229946, 0.001490641711229946, 0.001490641711229946, 0.001490641711229946, 0.001490641711229946, 0.001490641711229946, 0.001490641711229946, 0.001490641711229946, 0.001490641711229946, 0.001490641711229946, 0.001490641711229946, 0.001490641711229946, 0.001490641711229946, 0.001490641711229946, 0.001490641711229946, 0.001490641711229946, 0.0012376809362488403, 0.0012376809362488403, 0.0004712041884816635, 0.0, 0.0, 0.0, 0.0, 0.0, 0.0, 0.0, 0.0, 0.0, 0.0, 0.0, 0.0, 0.0, 0.0]}