{"tpot_based_throughput": 67.99633762850407, "tbt_based_throughput": 21.976555932795055, "deadline_based_throughput": 46.69573062743312}