{"Target TBT (ms)": [1, 2, 3, 4, 5, 6, 7, 8, 9, 10, 11, 12, 13, 14, 15, 16, 17, 18, 19, 20, 21, 22, 23, 24, 25, 26, 27, 28, 29, 30, 31, 32, 33, 34, 35, 36, 37, 38, 39, 40, 41, 42, 43, 44, 45, 46, 47, 48, 49, 50, 51, 52, 53, 54, 55, 56, 57, 58, 59, 60, 61, 62, 63, 64, 65, 66, 67, 68, 69, 70, 71, 72, 73, 74, 75, 76, 77, 78, 79, 80, 81, 82, 83, 84, 85, 86, 87, 88, 89, 90, 91, 92, 93, 94, 95, 96, 97, 98, 99, 100], "Miss Rate P(99)": [0.9998572268160945, 0.9994969390101242, 0.9990865863787376, 0.9987514444941474, 0.9983645422162318, 0.9981077073073351, 0.997673772261198, 0.9956705388676274, 0.9948622243176698, 0.9943181818181818, 0.9941054307569831, 0.9938781586096536, 0.9934831508360921, 0.9890461672473867, 0.9845206971677559, 0.9638522217397597, 0.8647786361610459, 0.6625786516853932, 0.6390120967741935, 0.6192914447515673, 0.6027892257874594, 0.5771570014144269, 0.5621587103366066, 0.5410152931180967, 0.5217073170731705, 0.4926431686566097, 0.47437969496926924, 0.456306781310837, 0.43724537037037037, 0.4273854447439353, 0.40793103448275847, 0.39825891973883776, 0.38046623031682764, 0.37298872910998804, 0.3630307136404695, 0.3551234567901232, 0.3479995479204338, 0.34331730769230756, 0.3361850720209514, 0.3249604653789675, 0.31877370417193407, 0.31607142857142845, 0.30553827751196166, 0.30193763518385003, 0.29241666666666666, 0.29060465116279066, 0.27868309485956533, 0.2752897844220561, 0.2669758097806643, 0.2610693069306931, 0.2570429104477612, 0.2524766690595836, 0.24775920418418615, 0.24162679425837308, 0.23712811375937057, 0.23413767146202732, 0.23219551282051273, 0.2304231099656357, 0.2304231099656357, 0.22630208333333326, 0.21811954624781846, 0.21493927413897487, 0.2101189617880316, 0.2101189617880316, 0.20710250201775615, 0.20095975948196101, 0.19905254591955351, 0.19905254591955351, 0.19382647385984417, 0.19382647385984417, 0.19382647385984417, 0.18630205143906914, 0.18630205143906914, 0.18138433515482688, 0.18138433515482688, 0.18138433515482688, 0.17911113708986046, 0.17587912087912078, 0.17587912087912078, 0.1651811594202897, 0.1651811594202897, 0.16310015383369758, 0.16310015383369758, 0.16310015383369758, 0.16310015383369758, 0.15762117608463863, 0.15762117608463863, 0.15762117608463863, 0.15549301002103175, 0.1499164438502673, 0.1499164438502673, 0.1499164438502673, 0.1499164438502673, 0.14426455026455018, 0.14426455026455018, 0.14426455026455018, 0.1420625798212005, 0.1420625798212005, 0.1420625798212005, 0.1420625798212005]}