{"tpot_based_throughput": 46.81382484017178, "tbt_based_throughput": 3.050607112495276, "deadline_based_throughput": 7.301204960089705}