{"Target TBT (ms)": [1, 2, 3, 4, 5, 6, 7, 8, 9, 10, 11, 12, 13, 14, 15, 16, 17, 18, 19, 20, 21, 22, 23, 24, 25, 26, 27, 28, 29, 30, 31, 32, 33, 34, 35, 36, 37, 38, 39, 40, 41, 42, 43, 44, 45, 46, 47, 48, 49, 50, 51, 52, 53, 54, 55, 56, 57, 58, 59, 60, 61, 62, 63, 64, 65, 66, 67, 68, 69, 70, 71, 72, 73, 74, 75, 76, 77, 78, 79, 80, 81, 82, 83, 84, 85, 86, 87, 88, 89, 90, 91, 92, 93, 94, 95, 96, 97, 98, 99, 100], "Miss Rate P(99)": [0.999844678424638, 0.9994738361054151, 0.9988839049298457, 0.9982722985259983, 0.9978648229987699, 0.9971069545154911, 0.9957326560907124, 0.9950792155726224, 0.9945784371327849, 0.9943469101123595, 0.9938340933931331, 0.9915835065835066, 0.9882799671592776, 0.987207023274806, 0.9858469465522384, 0.9707845015592196, 0.8937099358974356, 0.6670089858793324, 0.6430825409949015, 0.623710407239819, 0.6052613342087027, 0.5750981471289669, 0.5559846557481313, 0.5345063769485118, 0.5126256232922176, 0.4990924560408392, 0.4813296649717906, 0.47152777777777766, 0.45290083677984033, 0.4403019323671497, 0.4268518713758565, 0.41044943820224694, 0.40043871194173886, 0.391396706180436, 0.38314578005115074, 0.3757761904761903, 0.3670878636497207, 0.35932700993676586, 0.35016529779430744, 0.34771839349898415, 0.3375480769230769, 0.3303661065037101, 0.3258305234647061, 0.3162572009488308, 0.3089264069264068, 0.305284305369536, 0.2983903420523138, 0.29128119293974436, 0.2845415778251599, 0.2845415778251599, 0.27548076923076914, 0.26775919732441456, 0.26457786116322696, 0.26457786116322696, 0.26296380090497734, 0.2549876847290639, 0.25334158415841573, 0.25, 0.2434523809523808, 0.24175640105288337, 0.24004329004329, 0.2315539544784672, 0.2315539544784672, 0.22980579328505585, 0.22803970223325057, 0.22625540405719985, 0.22625540405719985, 0.21747218211161118, 0.2106823979591835, 0.2106823979591835, 0.2065968586387433, 0.2065968586387433, 0.20402985074626856, 0.2028571428571428, 0.2028571428571428, 0.2028571428571428, 0.19408244680851047, 0.19176136363636354, 0.19176136363636354, 0.18963914707490423, 0.18963914707490423, 0.18963914707490423, 0.17998315982853633, 0.17990790899241593, 0.1779045092838195, 0.1779045092838195, 0.17597512719050304, 0.17150468384074924, 0.16947802197802186, 0.16770089285714276, 0.16412218291664996, 0.16412218291664996, 0.16412218291664996, 0.16412218291664996, 0.16412218291664996, 0.1618421052631578, 0.15974713319611875, 0.1582706766917293, 0.1582706766917293, 0.1582706766917293]}