{"tpot_based_throughput": 50.149277693923565, "tbt_based_throughput": 3.119332098365618, "deadline_based_throughput": 6.619848380123928}