{"Target TBT (ms)": [1, 2, 3, 4, 5, 6, 7, 8, 9, 10, 11, 12, 13, 14, 15, 16, 17, 18, 19, 20, 21, 22, 23, 24, 25, 26, 27, 28, 29, 30, 31, 32, 33, 34, 35, 36, 37, 38, 39, 40, 41, 42, 43, 44, 45, 46, 47, 48, 49, 50, 51, 52, 53, 54, 55, 56, 57, 58, 59, 60, 61, 62, 63, 64, 65, 66, 67, 68, 69, 70, 71, 72, 73, 74, 75, 76, 77, 78, 79, 80, 81, 82, 83, 84, 85, 86, 87, 88, 89, 90, 91, 92, 93, 94, 95, 96, 97, 98, 99, 100], "Miss Rate P(99)": [0.9999602783522288, 0.9999198867260797, 0.9998785737044784, 0.9998377456327197, 0.9997948504832791, 0.9997403257675594, 0.9997000599880024, 0.9996411022801893, 0.9995927949495907, 0.9995260273646764, 0.9994674612678116, 0.9993178554221332, 0.9991799654776342, 0.9990199274409801, 0.9987870697263901, 0.9985516874001191, 0.9984652104222485, 0.9982254019539966, 0.9979194818909687, 0.997839179166899, 0.9975717477328463, 0.9974750511374202, 0.9973742249036367, 0.9958159708572477, 0.995330816291606, 0.9952813027374142, 0.9951814058956916, 0.9949609214315097, 0.9941248345382344, 0.9882528226578091, 0.954513142431278, 0.8699840908633223, 0.8103585229712322, 0.7867528349029405, 0.7770004526479904, 0.7193456647398841, 0.6902727495107631, 0.6795845643497641, 0.6694704049844236, 0.6613944747227963, 0.6506513957766756, 0.6427724449463579, 0.6351702313400261, 0.6244616083598364, 0.6162453728186145, 0.6037211844197138, 0.5973117659127044, 0.5906905594405594, 0.5815863787375415, 0.5732953897067213, 0.5642190986166888, 0.5564882556796302, 0.5494411853547637, 0.5411713805379745, 0.5295115471081134, 0.5225666199158484, 0.5154112804217518, 0.5080357142857141, 0.4994298921417563, 0.4927750637843395, 0.48251263902932234, 0.47420221169036314, 0.47018905356517665, 0.4649606885460717, 0.45621389040929256, 0.4456559527195726, 0.4424626006904486, 0.4356655401013908, 0.42974126478012487, 0.42485897652423577, 0.418126554296767, 0.4094993947162287, 0.40597297297297297, 0.40058241758241747, 0.39509694258016387, 0.3914030650762493, 0.38380102040816305, 0.37982312925170053, 0.37602298850574706, 0.3740833333333333, 0.3674588924588924, 0.3674588924588924, 0.3654644080700419, 0.3631253594019551, 0.3586563684057126, 0.3516865079365078, 0.3516865079365078, 0.3413111764109838, 0.33917636252296385, 0.33917636252296385, 0.33180917622523454, 0.33180917622523454, 0.3296113445378151, 0.3296113445378151, 0.3271164021164021, 0.3271164021164021, 0.3243496801705756, 0.3197653039152065, 0.31716247139588094, 0.31716247139588094]}