{"tpot_based_throughput": 18.730234359265133, "tbt_based_throughput": 1.93017803144424, "deadline_based_throughput": 4.020390357493936}