{"Number of Requests": 256, "Number of Errored Requests": 0, "Number of Completed Requests": 256, "Error Rate": 0.0, "Deadline Miss Rate": 0.00018219545523558885, "Number of Prompt Tokens (Mean)": 2274.9375, "Number of Prompt Tokens (P50)": 1738.8895294420502, "Number of Prompt Tokens (P90)": 5458.898826850627, "Number of Prompt Tokens (P99)": 6884.325540607284, "Number of Output Tokens (Mean)": 385.86328125, "Number of Output Tokens (P50)": 361.0445879385174, "Number of Output Tokens (P90)": 756.7263608355797, "Number of Output Tokens (P99)": 965.8434789397239, "Number of Total Tokens (Mean)": 2660.80078125, "Number of Total Tokens (P50)": 2268.790333412844, "Number of Total Tokens (P90)": 5984.944824595679, "Number of Total Tokens (P99)": 7413.08877623367, "Time per Output Token (Mean)": 0.006534530283856581, "Time per Output Token (P50)": 0.006467263704952446, "Time per Output Token (P90)": 0.007335702206211242, "Time per Output Token (P99)": 0.008188683804462284, "Time to First Token (Mean)": 0.0902057981093094, "Time to First Token (P50)": 0.06932141583853078, "Time to First Token (P90)": 0.1681328069466118, "Time to First Token (P99)": 0.25132685889624573, "Time Between Tokens (Mean)": 0.006568602195279441, "Time Between Tokens (P50)": 0.006127293164994377, "Time Between Tokens (P90)": 0.006690931552625862, "Time Between Tokens (P99)": 0.02363558772473284, "End to End Latency (Mean)": 2.6182452508128335, "End to End Latency (P50)": 2.466992508849211, "End to End Latency (P90)": 5.170658488718315, "End to End Latency (P99)": 6.520819935433368, "Normalized End to End Latency (Mean)": 0.0071045042582979145, "Normalized End to End Latency (P50)": 0.006798847518972421, "Normalized End to End Latency (P90)": 0.008091006800395751, "Normalized End to End Latency (P99)": 0.01010220025664265, "Output Throughput (Mean)": 144.20382388173607, "Output Throughput (P50)": 146.78973123239538, "Output Throughput (P90)": 163.8581639514108, "Output Throughput (P99)": 173.29601789120684, "Deadline Miss Rate with 0.03s TBT Deadline, 0.3s TTFT Deadline, 0.0s TTFT Slack, Using Predictions for TTFT: False  (Mean)": 0.0005607566115040899, "Deadline Miss Rate with 0.03s TBT Deadline, 0.3s TTFT Deadline, 0.0s TTFT Slack, Using Predictions for TTFT: False  (P50)": 0, "Deadline Miss Rate with 0.03s TBT Deadline, 0.3s TTFT Deadline, 0.0s TTFT Slack, Using Predictions for TTFT: False  (P90)": 0, "Deadline Miss Rate with 0.03s TBT Deadline, 0.3s TTFT Deadline, 0.0s TTFT Slack, Using Predictions for TTFT: False  (P99)": 0, "Min Deadline to Meet Target Deadline Miss Rate of 10.0% (Mean)": 0.005455556015224397, "Min Deadline to Meet Target Deadline Miss Rate of 10.0% (P50)": 0.005863537356840318, "Min Deadline to Meet Target Deadline Miss Rate of 10.0% (P90)": 0.006717748886687155, "Min Deadline to Meet Target Deadline Miss Rate of 10.0% (P99)": 0.007005903321642825}