{"Target TBT (ms)": [1, 2, 3, 4, 5, 6, 7, 8, 9, 10, 11, 12, 13, 14, 15, 16, 17, 18, 19, 20, 21, 22, 23, 24, 25, 26, 27, 28, 29, 30, 31, 32, 33, 34, 35, 36, 37, 38, 39, 40, 41, 42, 43, 44, 45, 46, 47, 48, 49, 50, 51, 52, 53, 54, 55, 56, 57, 58, 59, 60, 61, 62, 63, 64, 65, 66, 67, 68, 69, 70, 71, 72, 73, 74, 75, 76, 77, 78, 79, 80, 81, 82, 83, 84, 85, 86, 87, 88, 89, 90, 91, 92, 93, 94, 95, 96, 97, 98, 99, 100], "Miss Rate P(99)": [0.999768181848402, 0.9992349723934992, 0.9985653005333589, 0.9955652238922404, 0.9899313636933058, 0.9648400975899245, 0.20808595205564487, 0.14388238573021142, 0.05733196753604868, 0.03543199495480331, 0.025285316121461007, 0.021651891252955014, 0.016044884873214746, 0.012441830541914093, 0.012441830541914093, 0.01139067722831864, 0.008628000141808704, 0.008628000141808704, 0.006785714285714229, 0.006785714285714229, 0.006785714285714229, 0.005721957040572763, 0.005721957040572763, 0.005721957040572763, 0.003221957040572711, 0.0021531100478468356, 0.0021531100478468356, 0.0021531100478468356, 0.0021531100478468356, 0.0021531100478468356, 0.0021531100478468356, 0.0010791366906474547, 0.0010791366906474547, 0.0010791366906474547, 0.0010791366906474547, 0.0010791366906474547, 0.0010791366906474547, 0.0010791366906474547, 0.0010791366906474547, 0.0010791366906474547, 0.0010791366906474547, 0.0010791366906474547, 0.0, 0.0, 0.0, 0.0, 0.0, 0.0, 0.0, 0.0, 0.0, 0.0, 0.0, 0.0, 0.0, 0.0, 0.0, 0.0, 0.0, 0.0, 0.0, 0.0, 0.0, 0.0, 0.0, 0.0, 0.0, 0.0, 0.0, 0.0, 0.0, 0.0, 0.0, 0.0, 0.0, 0.0, 0.0, 0.0, 0.0, 0.0, 0.0, 0.0, 0.0, 0.0, 0.0, 0.0, 0.0, 0.0, 0.0, 0.0, 0.0, 0.0, 0.0, 0.0, 0.0, 0.0, 0.0, 0.0, 0.0, 0.0]}