{"tpot_based_throughput": 153.03318778252205, "tbt_based_throughput": 42.04733875226984, "deadline_based_throughput": 113.13973655880139}