{"Number of Requests": 512, "Number of Errored Requests": 0, "Number of Completed Requests": 512, "Error Rate": 0.0, "Deadline Miss Rate": 2.2666279828824256e-05, "Number of Prompt Tokens (Mean)": 2234.875, "Number of Prompt Tokens (P50)": 1657.3943359881944, "Number of Prompt Tokens (P90)": 5458.898826850627, "Number of Prompt Tokens (P99)": 7079.810742190998, "Number of Output Tokens (Mean)": 430.833984375, "Number of Output Tokens (P50)": 406.2633124985649, "Number of Output Tokens (P90)": 826.336221897287, "Number of Output Tokens (P99)": 977.5034243269172, "Number of Total Tokens (Mean)": 2665.708984375, "Number of Total Tokens (P50)": 2111.1794506901215, "Number of Total Tokens (P90)": 5984.944824595679, "Number of Total Tokens (P99)": 7746.547080001839, "Time per Output Token (Mean)": 0.007934244695614635, "Time per Output Token (P50)": 0.006977935671623941, "Time per Output Token (P90)": 0.011209406389011986, "Time per Output Token (P99)": 0.012388310362971326, "Time to First Token (Mean)": 0.08399836506941938, "Time to First Token (P50)": 0.061729000861256475, "Time to First Token (P90)": 0.16513349025318164, "Time to First Token (P99)": 0.20659373941848602, "Time Between Tokens (Mean)": 0.007982031229446827, "Time Between Tokens (P50)": 0.005934323697326441, "Time Between Tokens (P90)": 0.010834692676727332, "Time Between Tokens (P99)": 0.031023768028655918, "End to End Latency (Mean)": 3.514962241732974, "End to End Latency (P50)": 3.0252685639104704, "End to End Latency (P90)": 6.612753478397911, "End to End Latency (P99)": 10.729535769699918, "Normalized End to End Latency (Mean)": 0.008398743068068551, "Normalized End to End Latency (P50)": 0.0076198230932051384, "Normalized End to End Latency (P90)": 0.011643560665779715, "Normalized End to End Latency (P99)": 0.013500859417599022, "Output Throughput (Mean)": 128.74504100384564, "Output Throughput (P50)": 130.9743005569187, "Output Throughput (P90)": 172.60421811100233, "Output Throughput (P99)": 181.81709956511403, "Deadline Miss Rate with 0.03s TBT Deadline, 0.3s TTFT Deadline, 0.0s TTFT Slack, Using Predictions for TTFT: False  (Mean)": 1.7755681818181817e-05, "Deadline Miss Rate with 0.03s TBT Deadline, 0.3s TTFT Deadline, 0.0s TTFT Slack, Using Predictions for TTFT: False  (P50)": 0, "Deadline Miss Rate with 0.03s TBT Deadline, 0.3s TTFT Deadline, 0.0s TTFT Slack, Using Predictions for TTFT: False  (P90)": 0, "Deadline Miss Rate with 0.03s TBT Deadline, 0.3s TTFT Deadline, 0.0s TTFT Slack, Using Predictions for TTFT: False  (P99)": 0, "Min Deadline to Meet Target Deadline Miss Rate of 10.0% (Mean)": 0.006942699756709861, "Min Deadline to Meet Target Deadline Miss Rate of 10.0% (P50)": 0.006151851429625353, "Min Deadline to Meet Target Deadline Miss Rate of 10.0% (P90)": 0.010705453308604753, "Min Deadline to Meet Target Deadline Miss Rate of 10.0% (P99)": 0.011276865023359462}