{"tpot_based_throughput": 126.03594146178955, "tbt_based_throughput": 32.20544322850037, "deadline_based_throughput": 81.01742073207582}