{"Number of Requests": 512, "Number of Errored Requests": 0, "Number of Completed Requests": 512, "Error Rate": 0.0, "Deadline Miss Rate": 0.000802675585284281, "Number of Prompt Tokens (Mean)": 683.056640625, "Number of Prompt Tokens (P50)": 436.5930503518891, "Number of Prompt Tokens (P90)": 1644.1880723859645, "Number of Prompt Tokens (P99)": 4670.4108177561075, "Number of Output Tokens (Mean)": 218.830078125, "Number of Output Tokens (P50)": 159.97238261315115, "Number of Output Tokens (P90)": 512.3467181125903, "Number of Output Tokens (P99)": 722.7054174123614, "Number of Total Tokens (Mean)": 901.88671875, "Number of Total Tokens (P50)": 650.0190427513235, "Number of Total Tokens (P90)": 2016.264934207726, "Number of Total Tokens (P99)": 5255.352477057046, "Time per Output Token (Mean)": 0.005461648575179643, "Time per Output Token (P50)": 0.0054019123979731284, "Time per Output Token (P90)": 0.0061641674485034825, "Time per Output Token (P99)": 0.008660333186110461, "Time to First Token (Mean)": 0.05916627162878285, "Time to First Token (P50)": 0.0443784388785656, "Time to First Token (P90)": 0.06373627465409604, "Time to First Token (P99)": 0.27554593538799327, "Time Between Tokens (Mean)": 0.005670586733417908, "Time Between Tokens (P50)": 0.005326812525105936, "Time Between Tokens (P90)": 0.00571305014648813, "Time Between Tokens (P99)": 0.009456981249444186, "End to End Latency (Mean)": 1.2943906227837942, "End to End Latency (P50)": 0.9694750783202029, "End to End Latency (P90)": 2.8433980924029085, "End to End Latency (P99)": 4.258853459100224, "Normalized End to End Latency (Mean)": 0.0068858056596249485, "Normalized End to End Latency (P50)": 0.005910633806009663, "Normalized End to End Latency (P90)": 0.008370831183491446, "Normalized End to End Latency (P99)": 0.01833393008235185, "Output Throughput (Mean)": 158.77540896886964, "Output Throughput (P50)": 169.18642447164405, "Output Throughput (P90)": 183.64439240665055, "Output Throughput (P99)": 189.237198682945, "Deadline Miss Rate with 0.03s TBT Deadline, 0.3s TTFT Deadline, 0.0s TTFT Slack, Using Predictions for TTFT: False  (Mean)": 0.0017651143292078903, "Deadline Miss Rate with 0.03s TBT Deadline, 0.3s TTFT Deadline, 0.0s TTFT Slack, Using Predictions for TTFT: False  (P50)": 0, "Deadline Miss Rate with 0.03s TBT Deadline, 0.3s TTFT Deadline, 0.0s TTFT Slack, Using Predictions for TTFT: False  (P90)": 0, "Deadline Miss Rate with 0.03s TBT Deadline, 0.3s TTFT Deadline, 0.0s TTFT Slack, Using Predictions for TTFT: False  (P99)": 0, "Min Deadline to Meet Target Deadline Miss Rate of 10.0% (Mean)": 0.00521574784190535, "Min Deadline to Meet Target Deadline Miss Rate of 10.0% (P50)": 0.004165152759848989, "Min Deadline to Meet Target Deadline Miss Rate of 10.0% (P90)": 0.005294947330512906, "Min Deadline to Meet Target Deadline Miss Rate of 10.0% (P99)": 0.007851881332835802}