{"tpot_based_throughput": 183.09490005352623, "tbt_based_throughput": 105.79313739230342, "deadline_based_throughput": 111.17352865213691}