{"Target TBT (ms)": [1, 2, 3, 4, 5, 6, 7, 8, 9, 10, 11, 12, 13, 14, 15, 16, 17, 18, 19, 20, 21, 22, 23, 24, 25, 26, 27, 28, 29, 30, 31, 32, 33, 34, 35, 36, 37, 38, 39, 40, 41, 42, 43, 44, 45, 46, 47, 48, 49, 50, 51, 52, 53, 54, 55, 56, 57, 58, 59, 60, 61, 62, 63, 64, 65, 66, 67, 68, 69, 70, 71, 72, 73, 74, 75, 76, 77, 78, 79, 80, 81, 82, 83, 84, 85, 86, 87, 88, 89, 90, 91, 92, 93, 94, 95, 96, 97, 98, 99, 100], "Miss Rate P(99)": [0.9998769901220764, 0.9995908653506227, 0.9992859307409262, 0.9989097766690425, 0.9985408650405408, 0.9982808060612438, 0.9979770520309075, 0.9976168268666886, 0.9953474297588826, 0.9949002145645374, 0.9946255840203461, 0.994174133558749, 0.993790987941612, 0.988876396164871, 0.9847924344940132, 0.9732427695004382, 0.9081143997339539, 0.7011278917565376, 0.6729416809605488, 0.6567557639156141, 0.6395890567765566, 0.6264076992530575, 0.6135814668423364, 0.59336943793911, 0.5758673230192217, 0.5642424242424242, 0.5477112285219553, 0.5325344091124822, 0.520414068346221, 0.4994518837160895, 0.49093406593406574, 0.4725568797399781, 0.4632805768870574, 0.44964516129032245, 0.43837842245825764, 0.4318376425379057, 0.4227385444743936, 0.4094421906693711, 0.40144640541041315, 0.3889370078740156, 0.37940091485908195, 0.3706637872243689, 0.35815156635902734, 0.3511208677685947, 0.3453280109249431, 0.3369963369963366, 0.3345447631464577, 0.3259350091968114, 0.32466133004926073, 0.31709954233409576, 0.3131434036633431, 0.30711868818323756, 0.30258893871449905, 0.29594594594594564, 0.29250642044759667, 0.28964272491669735, 0.28279502324996836, 0.2813300927971717, 0.27130711318795414, 0.2692043094496364, 0.2676741001564944, 0.2589835184268231, 0.2572937625754526, 0.2572937625754526, 0.25224875824998294, 0.2460714285714285, 0.24332752613240416, 0.2407285327924273, 0.23218739467475563, 0.23127090301003345, 0.22978642257818455, 0.22378886010362692, 0.22026470588235295, 0.2172817211055276, 0.2138099733928418, 0.2138099733928418, 0.21169111302847277, 0.2096622152395915, 0.20402985074626856, 0.19868940557139717, 0.197901891252955, 0.19716434336023467, 0.19176136363636354, 0.19176136363636354, 0.19022177419354833, 0.18767750801649105, 0.18767750801649105, 0.18767750801649105, 0.1854367666232073, 0.17990790899241593, 0.17797852689909946, 0.17797852689909946, 0.17797852689909946, 0.17394846532777564, 0.17394846532777564, 0.17096077127659573, 0.17096077127659573, 0.16742896606156266, 0.1620503597122301, 0.1620503597122301]}