{"tpot_based_throughput": 42.71647310604966, "tbt_based_throughput": 2.5101109006932965, "deadline_based_throughput": 6.0730964114573975}