{"Number of Requests": 256, "Number of Errored Requests": 0, "Number of Completed Requests": 256, "Error Rate": 0.0, "Deadline Miss Rate": 0.05472496473906911, "Number of Prompt Tokens (Mean)": 6475.9375, "Number of Prompt Tokens (P50)": 7793.166095210145, "Number of Prompt Tokens (P90)": 8078.831292220465, "Number of Prompt Tokens (P99)": 8160.024923752189, "Number of Output Tokens (Mean)": 184.8515625, "Number of Output Tokens (P50)": 160.9351025012422, "Number of Output Tokens (P90)": 308.8949992819657, "Number of Output Tokens (P99)": 455.32048804743, "Number of Total Tokens (Mean)": 6660.7890625, "Number of Total Tokens (P50)": 8030.503416967201, "Number of Total Tokens (P90)": 8192.730401697612, "Number of Total Tokens (P99)": 8192.730401697612, "Time per Output Token (Mean)": 0.018911489670938326, "Time per Output Token (P50)": 0.0174397734704088, "Time per Output Token (P90)": 0.02686309934521446, "Time per Output Token (P99)": 0.03736571913118091, "Time to First Token (Mean)": 0.34647113548771813, "Time to First Token (P50)": 0.3516915210261385, "Time to First Token (P90)": 0.5236138909149227, "Time to First Token (P99)": 0.7520138068708034, "Time Between Tokens (Mean)": 0.018754449472322843, "Time Between Tokens (P50)": 0.013260017943753182, "Time Between Tokens (P90)": 0.015875124670076096, "Time Between Tokens (P99)": 0.2984953563160937, "End to End Latency (Mean)": 3.7947257535063272, "End to End Latency (P50)": 3.459070507977143, "End to End Latency (P90)": 6.5863552872647775, "End to End Latency (P99)": 9.592679482417966, "Normalized End to End Latency (Mean)": 0.02147873585589856, "Normalized End to End Latency (P50)": 0.019467637392601538, "Normalized End to End Latency (P90)": 0.029510720515896368, "Normalized End to End Latency (P99)": 0.04298080969782792, "Output Throughput (Mean)": 50.259753325813485, "Output Throughput (P50)": 51.2646182930898, "Output Throughput (P90)": 64.52165403937661, "Output Throughput (P99)": 74.36615529076886, "Deadline Miss Rate with 0.03s TBT Deadline, 0.3s TTFT Deadline, 0.0s TTFT Slack, Using Predictions for TTFT: False  (Mean)": 0.061555818494550406, "Deadline Miss Rate with 0.03s TBT Deadline, 0.3s TTFT Deadline, 0.0s TTFT Slack, Using Predictions for TTFT: False  (P50)": 0.025197720951150127, "Deadline Miss Rate with 0.03s TBT Deadline, 0.3s TTFT Deadline, 0.0s TTFT Slack, Using Predictions for TTFT: False  (P90)": 0.15396944217894318, "Deadline Miss Rate with 0.03s TBT Deadline, 0.3s TTFT Deadline, 0.0s TTFT Slack, Using Predictions for TTFT: False  (P99)": 0.42358512297224105, "Min Deadline to Meet Target Deadline Miss Rate of 10.0% (Mean)": 0.02621672657571517, "Min Deadline to Meet Target Deadline Miss Rate of 10.0% (P50)": 0.018666928933571365, "Min Deadline to Meet Target Deadline Miss Rate of 10.0% (P90)": 0.04536558364079609, "Min Deadline to Meet Target Deadline Miss Rate of 10.0% (P99)": 0.1106922740295588}