{"Target TBT (ms)": [1, 2, 3, 4, 5, 6, 7, 8, 9, 10, 11, 12, 13, 14, 15, 16, 17, 18, 19, 20, 21, 22, 23, 24, 25, 26, 27, 28, 29, 30, 31, 32, 33, 34, 35, 36, 37, 38, 39, 40, 41, 42, 43, 44, 45, 46, 47, 48, 49, 50, 51, 52, 53, 54, 55, 56, 57, 58, 59, 60, 61, 62, 63, 64, 65, 66, 67, 68, 69, 70, 71, 72, 73, 74, 75, 76, 77, 78, 79, 80, 81, 82, 83, 84, 85, 86, 87, 88, 89, 90, 91, 92, 93, 94, 95, 96, 97, 98, 99, 100], "Miss Rate P(99)": [0.9998391926842181, 0.9994411105049402, 0.9990734630612934, 0.9987495642608702, 0.9982577206060312, 0.9980099826388888, 0.9963941216890744, 0.995301948051948, 0.9934409977614327, 0.9918529788597052, 0.991629213483146, 0.9914152505760369, 0.9858042542253068, 0.9770347577359799, 0.9620600629117455, 0.9160256113910591, 0.7983656600760812, 0.6157396854342373, 0.5446348494554771, 0.5201183993921741, 0.4996208239393316, 0.48115795236791675, 0.45527615760028567, 0.43643286530577563, 0.41849385908209435, 0.406774193548387, 0.3926136363636362, 0.3874005305039787, 0.3777591643673629, 0.36730693069306913, 0.36018274111675125, 0.3407167318982387, 0.3407167318982387, 0.3299999999999999, 0.318922796035472, 0.318922796035472, 0.30746630727762786, 0.302994257588187, 0.29100678733031665, 0.29100678733031665, 0.2833333333333331, 0.27859233245537013, 0.27352941176470585, 0.27352941176470585, 0.2574211502782928, 0.2574211502782928, 0.24719387755102035, 0.24719387755102035, 0.24719387755102035, 0.23356379056047186, 0.2331845238095237, 0.23050595238095234, 0.21918004587155943, 0.20778171788810076, 0.20268912529550806, 0.18662838392124673, 0.18232919254658358, 0.18232919254658358, 0.17388162854988645, 0.17388162854988645, 0.1684528349860152, 0.1684528349860152, 0.1684528349860152, 0.16040935672514584, 0.16040935672514584, 0.157647058823529, 0.149161676646706, 0.1378559693318725, 0.13454271631982423, 0.13454271631982423, 0.13454271631982423, 0.1339242424242419, 0.1315909090909085, 0.11980289279636941, 0.11853394091766142, 0.11853394091766142, 0.11853394091766142, 0.11853394091766142, 0.11853394091766142, 0.11533846837505504, 0.11533846837505504, 0.11533846837505504, 0.11517165005537047, 0.11517165005537047, 0.11214967203339239, 0.11214967203339239, 0.11214967203339239, 0.11176330041414406, 0.09970046082949269, 0.0900314712824546, 0.0900314712824546, 0.0900314712824546, 0.0900314712824546, 0.08941968040370042, 0.08941968040370042, 0.08941968040370042, 0.08941968040370042, 0.08941968040370042, 0.08941968040370042, 0.08675958188153288]}