{"tpot_based_throughput": 52.87790742030862, "tbt_based_throughput": 3.3482943568275076, "deadline_based_throughput": 11.866641105083351}