{"Number of Requests": 622, "Number of Errored Requests": 0, "Number of Completed Requests": 621, "Error Rate": 0.0, "Deadline Miss Rate": 0.11811650167333661, "Number of Prompt Tokens (Mean)": 6548.608695652174, "Number of Prompt Tokens (P50)": 7871.488742819985, "Number of Prompt Tokens (P90)": 8095.005128641327, "Number of Prompt Tokens (P99)": 8160.024923752189, "Number of Output Tokens (Mean)": 184.39613526570048, "Number of Output Tokens (P50)": 171.91518000381075, "Number of Output Tokens (P90)": 313.8770712229126, "Number of Output Tokens (P99)": 455.32048804743, "Number of Total Tokens (Mean)": 6733.004830917875, "Number of Total Tokens (P50)": 8192.730401697612, "Number of Total Tokens (P90)": 8192.730401697612, "Number of Total Tokens (P99)": 8192.730401697612, "Time per Output Token (Mean)": 0.02325859995634418, "Time per Output Token (P50)": 0.020962884948370824, "Time per Output Token (P90)": 0.03394541017895408, "Time per Output Token (P99)": 0.05187068491076683, "Time to First Token (Mean)": 0.46541686856681663, "Time to First Token (P50)": 0.46533357964714056, "Time to First Token (P90)": 0.7283303139999463, "Time to First Token (P99)": 1.0650263290833186, "Time Between Tokens (Mean)": 0.02287318042322025, "Time Between Tokens (P50)": 0.01442197905186511, "Time Between Tokens (P90)": 0.01658922540519253, "Time Between Tokens (P99)": 0.40292662603650115, "End to End Latency (Mean)": 4.66026975942049, "End to End Latency (P50)": 4.224918540775178, "End to End Latency (P90)": 7.9327534145685865, "End to End Latency (P99)": 11.461577024136483, "Normalized End to End Latency (Mean)": 0.026711356950356775, "Normalized End to End Latency (P50)": 0.024113058429846207, "Normalized End to End Latency (P90)": 0.039281501172607196, "Normalized End to End Latency (P99)": 0.060144731064356215, "Output Throughput (Mean)": 41.33211433625182, "Output Throughput (P50)": 41.471263502693624, "Output Throughput (P90)": 55.42334186573994, "Output Throughput (P99)": 70.1756171744814, "Deadline Miss Rate with 0.03s TBT Deadline, 0.3s TTFT Deadline, 0.0s TTFT Slack, Using Predictions for TTFT: False  (Mean)": 0.12479253719465465, "Deadline Miss Rate with 0.03s TBT Deadline, 0.3s TTFT Deadline, 0.0s TTFT Slack, Using Predictions for TTFT: False  (P50)": 0.08450020457065767, "Deadline Miss Rate with 0.03s TBT Deadline, 0.3s TTFT Deadline, 0.0s TTFT Slack, Using Predictions for TTFT: False  (P90)": 0.30943695998871573, "Deadline Miss Rate with 0.03s TBT Deadline, 0.3s TTFT Deadline, 0.0s TTFT Slack, Using Predictions for TTFT: False  (P99)": 0.5204816127566471, "Min Deadline to Meet Target Deadline Miss Rate of 10.0% (Mean)": 0.03958329690616176, "Min Deadline to Meet Target Deadline Miss Rate of 10.0% (P50)": 0.027460636538635508, "Min Deadline to Meet Target Deadline Miss Rate of 10.0% (P90)": 0.07346094530820546, "Min Deadline to Meet Target Deadline Miss Rate of 10.0% (P99)": 0.20209830672679308}