{"Target TBT (ms)": [1, 2, 3, 4, 5, 6, 7, 8, 9, 10, 11, 12, 13, 14, 15, 16, 17, 18, 19, 20, 21, 22, 23, 24, 25, 26, 27, 28, 29, 30, 31, 32, 33, 34, 35, 36, 37, 38, 39, 40, 41, 42, 43, 44, 45, 46, 47, 48, 49, 50, 51, 52, 53, 54, 55, 56, 57, 58, 59, 60, 61, 62, 63, 64, 65, 66, 67, 68, 69, 70, 71, 72, 73, 74, 75, 76, 77, 78, 79, 80, 81, 82, 83, 84, 85, 86, 87, 88, 89, 90, 91, 92, 93, 94, 95, 96, 97, 98, 99, 100], "Miss Rate P(99)": [0.9998742702077292, 0.9995878472267884, 0.999298925011762, 0.9990167005293866, 0.9984966483323687, 0.998233767542644, 0.9976019184652278, 0.9964630554488411, 0.9960439420878842, 0.9946495390747085, 0.9943692543411644, 0.9940476190476191, 0.993853634446998, 0.9893317563571851, 0.9785762076809849, 0.9288582364411062, 0.817661642852481, 0.6922878809557875, 0.6727272727272727, 0.6545187165775401, 0.638257345491388, 0.6229229444683597, 0.6065979381443295, 0.5901605953779865, 0.5760760760760759, 0.5576480990274094, 0.5423102310231018, 0.5247281457421266, 0.5025157232704401, 0.4880363739698776, 0.4768888888888887, 0.4607949064248504, 0.4522689075630249, 0.43913043478260805, 0.4293380711584888, 0.4164965291955894, 0.39792207792207746, 0.38438502673796743, 0.3714839424141748, 0.35903614457831273, 0.35141997995322366, 0.35141997995322366, 0.3432098765432093, 0.3348648648648643, 0.3262266408910981, 0.31731833439172624, 0.31381389252948877, 0.3053140096618357, 0.3017244106945102, 0.2954432477216238, 0.2954432477216238, 0.2931140228603287, 0.2835714285714281, 0.27762237762237735, 0.27762237762237735, 0.27255075022065306, 0.2718403547671838, 0.26694183864915544, 0.26144751799924215, 0.25886699507389116, 0.2559405940594056, 0.25298507462686554, 0.25, 0.24761904761904707, 0.24155844155844136, 0.24155844155844136, 0.23848199178148413, 0.2360242344850166, 0.22977667493796505, 0.22733950814436274, 0.21810094912831085, 0.21810094912831085, 0.21466922339405559, 0.21158886158886148, 0.21158886158886148, 0.202991333519709, 0.202991333519709, 0.19972602739726023, 0.19558991981672388, 0.19113011340990602, 0.19113011340990602, 0.18580175703256707, 0.18580175703256707, 0.18580175703256707, 0.18494201605709154, 0.18037518037518005, 0.1794970986460343, 0.1794970986460343, 0.1794970986460343, 0.17310313493866356, 0.17018909899888715, 0.17018909899888715, 0.1695857107417508, 0.1666049953746523, 0.16186335403726654, 0.1567505720823796, 0.1567505720823796, 0.1567505720823796, 0.15551286976565445, 0.15463437354447993]}