{"tpot_based_throughput": 42.99484929776407, "tbt_based_throughput": 2.480174511514922, "deadline_based_throughput": 6.486218393694327}