{"Number of Requests": 256, "Number of Errored Requests": 0, "Number of Completed Requests": 256, "Error Rate": 0.0, "Deadline Miss Rate": 0.0013797495223943962, "Number of Prompt Tokens (Mean)": 6475.9375, "Number of Prompt Tokens (P50)": 7793.166095210145, "Number of Prompt Tokens (P90)": 8078.831292220465, "Number of Prompt Tokens (P99)": 8160.024923752189, "Number of Output Tokens (Mean)": 183.8515625, "Number of Output Tokens (P50)": 159.97238261315115, "Number of Output Tokens (P90)": 308.2778264562278, "Number of Output Tokens (P99)": 454.4107568025799, "Number of Total Tokens (Mean)": 6659.7890625, "Number of Total Tokens (P50)": 8030.503416967201, "Number of Total Tokens (P90)": 8192.730401697612, "Number of Total Tokens (P99)": 8192.730401697612, "Time per Output Token (Mean)": 0.005855078698416193, "Time per Output Token (P50)": 0.004791066311475385, "Time per Output Token (P90)": 0.009823261916972052, "Time per Output Token (P99)": 0.014980560270845588, "Time to First Token (Mean)": 0.15647902182899998, "Time to First Token (P50)": 0.1715293160929227, "Time to First Token (P90)": 0.21331165471135655, "Time to First Token (P99)": 0.3051350249250737, "Time Between Tokens (Mean)": 0.0058572695481966695, "Time Between Tokens (P50)": 0.004343814877213459, "Time Between Tokens (P90)": 0.009590310156026375, "Time Between Tokens (P99)": 0.03804439203381469, "End to End Latency (Mean)": 1.2275127906596026, "End to End Latency (P50)": 0.9989999999999999, "End to End Latency (P90)": 2.24117385048296, "End to End Latency (P99)": 3.76218513553916, "Normalized End to End Latency (Mean)": 0.0070473255382125215, "Normalized End to End Latency (P50)": 0.005805194165971136, "Normalized End to End Latency (P90)": 0.012191674612501781, "Normalized End to End Latency (P99)": 0.018260740813748913, "Output Throughput (Mean)": 162.133202882422, "Output Throughput (P50)": 171.57169313067627, "Output Throughput (P90)": 217.23968728342925, "Output Throughput (P99)": 238.17395840139497, "Deadline Miss Rate with 0.03s TBT Deadline, 0.3s TTFT Deadline, 0.0s TTFT Slack, Using Predictions for TTFT: False  (Mean)": 0.0019764241093911976, "Deadline Miss Rate with 0.03s TBT Deadline, 0.3s TTFT Deadline, 0.0s TTFT Slack, Using Predictions for TTFT: False  (P50)": 0, "Deadline Miss Rate with 0.03s TBT Deadline, 0.3s TTFT Deadline, 0.0s TTFT Slack, Using Predictions for TTFT: False  (P90)": 0, "Deadline Miss Rate with 0.03s TBT Deadline, 0.3s TTFT Deadline, 0.0s TTFT Slack, Using Predictions for TTFT: False  (P99)": 0.036261394876068394, "Min Deadline to Meet Target Deadline Miss Rate of 10.0% (Mean)": 0.005143583345304707, "Min Deadline to Meet Target Deadline Miss Rate of 10.0% (P50)": 0.004165152759848989, "Min Deadline to Meet Target Deadline Miss Rate of 10.0% (P90)": 0.00984292810699602, "Min Deadline to Meet Target Deadline Miss Rate of 10.0% (P99)": 0.015529685574838067}