{"Target TBT (ms)": [1, 2, 3, 4, 5, 6, 7, 8, 9, 10, 11, 12, 13, 14, 15, 16, 17, 18, 19, 20, 21, 22, 23, 24, 25, 26, 27, 28, 29, 30, 31, 32, 33, 34, 35, 36, 37, 38, 39, 40, 41, 42, 43, 44, 45, 46, 47, 48, 49, 50, 51, 52, 53, 54, 55, 56, 57, 58, 59, 60, 61, 62, 63, 64, 65, 66, 67, 68, 69, 70, 71, 72, 73, 74, 75, 76, 77, 78, 79, 80, 81, 82, 83, 84, 85, 86, 87, 88, 89, 90, 91, 92, 93, 94, 95, 96, 97, 98, 99, 100], "Miss Rate P(99)": [1.0, 1.0, 1.0, 1.0, 1.0, 1.0, 1.0, 1.0, 0.9896215596330276, 0.4444812664329533, 0.3093312023604622, 0.27671490979424396, 0.2510606060606056, 0.20742203742203713, 0.15529197080291945, 0.12060995684477446, 0.11212656165127632, 0.09956441149212215, 0.09520533520533504, 0.08866988088485518, 0.08223135544478508, 0.08023457235654974, 0.07569991251093591, 0.07111801242236004, 0.06701269456336117, 0.06442729083665316, 0.06234999999999974, 0.06025602409638524, 0.05763809956808342, 0.052876173948550216, 0.050748219135960386, 0.050191538974017055, 0.050191538974017055, 0.047506704659738316, 0.047506704659738316, 0.044640462621521826, 0.044640462621521826, 0.04048312779509397, 0.03858829929505607, 0.033077717828033405, 0.030183908045976923, 0.030183908045976923, 0.027166666666666655, 0.027166666666666655, 0.027166666666666655, 0.022828947368421008, 0.022788461538461494, 0.021215880893300242, 0.01986260454002386, 0.01986260454002386, 0.018407578084997378, 0.016794674859190964, 0.016794674859190964, 0.016794674859190964, 0.016794674859190964, 0.016794674859190964, 0.016794674859190964, 0.014476190476190448, 0.011851063829787203, 0.011851063829787203, 0.009927420958441027, 0.009927420958441027, 0.009927420958441027, 0.009927420958441027, 0.009927420958441027, 0.009927420958441027, 0.009927420958441027, 0.009927420958441027, 0.009927420958441027, 0.009927420958441027, 0.009927420958441027, 0.009927420958441027, 0.009927420958441027, 0.009927420958441027, 0.009927420958441027, 0.009927420958441027, 0.009528613352897996, 0.007231448391843594, 0.007231448391843594, 0.007231448391843594, 0.007231448391843594, 0.006903253671177649, 0.006202046035805605, 0.006202046035805605, 0.006202046035805605, 0.006202046035805605, 0.006202046035805605, 0.006202046035805605, 0.006202046035805605, 0.006202046035805605, 0.006202046035805605, 0.006202046035805605, 0.006202046035805605, 0.006202046035805605, 0.006202046035805605, 0.006202046035805605, 0.006202046035805605, 0.006202046035805605, 0.006202046035805605, 0.006202046035805605]}