{"tpot_based_throughput": 170.79189734383962, "tbt_based_throughput": 26.275163400184237, "deadline_based_throughput": 53.554580648130006}