{"Number of Requests": 512, "Number of Errored Requests": 0, "Number of Completed Requests": 512, "Error Rate": 0.0, "Deadline Miss Rate": 0.00024974356687329974, "Number of Prompt Tokens (Mean)": 683.056640625, "Number of Prompt Tokens (P50)": 436.5930503518891, "Number of Prompt Tokens (P90)": 1644.1880723859645, "Number of Prompt Tokens (P99)": 4670.4108177561075, "Number of Output Tokens (Mean)": 218.9296875, "Number of Output Tokens (P50)": 159.97238261315115, "Number of Output Tokens (P90)": 513.372437267971, "Number of Output Tokens (P99)": 722.7054174123614, "Number of Total Tokens (Mean)": 901.986328125, "Number of Total Tokens (P50)": 650.0190427513235, "Number of Total Tokens (P90)": 2016.264934207726, "Number of Total Tokens (P99)": 5255.352477057046, "Time per Output Token (Mean)": 0.010389576201749857, "Time per Output Token (P50)": 0.010472505084140854, "Time per Output Token (P90)": 0.011784125140703235, "Time per Output Token (P99)": 0.013023472834585331, "Time to First Token (Mean)": 0.07689255863715516, "Time to First Token (P50)": 0.0676775071219228, "Time to First Token (P90)": 0.09603896533096172, "Time to First Token (P99)": 0.2334001340017798, "Time Between Tokens (Mean)": 0.010842924622138907, "Time Between Tokens (P50)": 0.010162995682338517, "Time Between Tokens (P90)": 0.01192638655114139, "Time Between Tokens (P99)": 0.05218284466707463, "End to End Latency (Mean)": 2.4398877331259428, "End to End Latency (P50)": 1.7211620634790894, "End to End Latency (P90)": 5.370924534811798, "End to End Latency (P99)": 8.158009453263125, "Normalized End to End Latency (Mean)": 0.012396290479122404, "Normalized End to End Latency (P50)": 0.011187009972650321, "Normalized End to End Latency (P90)": 0.014023764525396363, "Normalized End to End Latency (P99)": 0.027133078072476113, "Output Throughput (Mean)": 85.33402220432306, "Output Throughput (P50)": 89.38930084488781, "Output Throughput (P90)": 96.6408010987473, "Output Throughput (P99)": 101.19011143646001, "Deadline Miss Rate with 0.03s TBT Deadline, 0.3s TTFT Deadline, 0.0s TTFT Slack, Using Predictions for TTFT: False  (Mean)": 0.0009408201459931799, "Deadline Miss Rate with 0.03s TBT Deadline, 0.3s TTFT Deadline, 0.0s TTFT Slack, Using Predictions for TTFT: False  (P50)": 0, "Deadline Miss Rate with 0.03s TBT Deadline, 0.3s TTFT Deadline, 0.0s TTFT Slack, Using Predictions for TTFT: False  (P90)": 0, "Deadline Miss Rate with 0.03s TBT Deadline, 0.3s TTFT Deadline, 0.0s TTFT Slack, Using Predictions for TTFT: False  (P99)": 0, "Min Deadline to Meet Target Deadline Miss Rate of 10.0% (Mean)": 0.0077997919317204754, "Min Deadline to Meet Target Deadline Miss Rate of 10.0% (P50)": 0.009288278411217488, "Min Deadline to Meet Target Deadline Miss Rate of 10.0% (P90)": 0.010705453308604753, "Min Deadline to Meet Target Deadline Miss Rate of 10.0% (P99)": 0.01268922646132945}