{"tpot_based_throughput": 96.25031671951895, "tbt_based_throughput": 19.166481004378433, "deadline_based_throughput": 77.07731255058695}