{"Target TBT (ms)": [1, 2, 3, 4, 5, 6, 7, 8, 9, 10, 11, 12, 13, 14, 15, 16, 17, 18, 19, 20, 21, 22, 23, 24, 25, 26, 27, 28, 29, 30, 31, 32, 33, 34, 35, 36, 37, 38, 39, 40, 41, 42, 43, 44, 45, 46, 47, 48, 49, 50, 51, 52, 53, 54, 55, 56, 57, 58, 59, 60, 61, 62, 63, 64, 65, 66, 67, 68, 69, 70, 71, 72, 73, 74, 75, 76, 77, 78, 79, 80, 81, 82, 83, 84, 85, 86, 87, 88, 89, 90, 91, 92, 93, 94, 95, 96, 97, 98, 99, 100], "Miss Rate P(99)": [0.9999610571668748, 0.9999214292154003, 0.9998812837770531, 0.9998400061698284, 0.9997898800646284, 0.9997043287465781, 0.9996510772138013, 0.9995494894206682, 0.9994957465863576, 0.9993563196952391, 0.999228869251964, 0.9991778461389106, 0.9990416147854289, 0.9990176818225145, 0.9988634510173814, 0.998626050420168, 0.9977144798136646, 0.996922101037643, 0.9967034959395794, 0.9963538921492636, 0.9958068328319725, 0.9952058029689609, 0.9946850875541329, 0.9940273899747374, 0.9938997781065089, 0.9937470862470862, 0.9936708986806074, 0.993173713703515, 0.9930017841213202, 0.9905166217430369, 0.9880185855368404, 0.9492551462621883, 0.8908285386582426, 0.8106907894736842, 0.792971524893143, 0.7746558406843089, 0.7259443125404705, 0.6862248995983935, 0.6773586908447589, 0.6674964018156991, 0.6571328839672603, 0.6451073619631901, 0.6387367584745761, 0.6303464456869009, 0.6240176400422076, 0.6102121212121211, 0.6046323529411763, 0.594417488357572, 0.585375397407679, 0.58002942694169, 0.571683794466403, 0.559929642602617, 0.5529925362624981, 0.5484766996488987, 0.5393079096045196, 0.530656896551724, 0.525672416828023, 0.5142981454288353, 0.5049304534660182, 0.49723112795103447, 0.4915541077387572, 0.4834235120511557, 0.4743637388562956, 0.46837848944726546, 0.4631277717847295, 0.45775326622403073, 0.4484208860759492, 0.4452373331626283, 0.4394884877027733, 0.43258729630861326, 0.4229805534779356, 0.4198292448292448, 0.4125299422291108, 0.40597297297297297, 0.4006069607951003, 0.3969743094743094, 0.3914030650762493, 0.3876633799587249, 0.3779360730593606, 0.37602298850574706, 0.3694256756756756, 0.3674588924588924, 0.3674588924588924, 0.3654644080700419, 0.3586563684057126, 0.3537381796690306, 0.3516865079365078, 0.346629778672032, 0.3413111764109838, 0.33917636252296385, 0.33917636252296385, 0.33180917622523454, 0.33180917622523454, 0.3296113445378151, 0.3296113445378151, 0.3271164021164021, 0.3271164021164021, 0.3197653039152065, 0.3197653039152065, 0.3197653039152065]}