{"tpot_based_throughput": 18.357095875561427, "tbt_based_throughput": 1.926848962967177, "deadline_based_throughput": 3.9404686683923495}