{"Number of Requests": 256, "Number of Errored Requests": 0, "Number of Completed Requests": 256, "Error Rate": 0.0, "Deadline Miss Rate": 0.09769371803531796, "Number of Prompt Tokens (Mean)": 6475.9375, "Number of Prompt Tokens (P50)": 7793.166095210145, "Number of Prompt Tokens (P90)": 8078.831292220465, "Number of Prompt Tokens (P99)": 8160.024923752189, "Number of Output Tokens (Mean)": 184.85546875, "Number of Output Tokens (P50)": 160.9351025012422, "Number of Output Tokens (P90)": 308.8949992819657, "Number of Output Tokens (P99)": 455.32048804743, "Number of Total Tokens (Mean)": 6660.79296875, "Number of Total Tokens (P50)": 8030.503416967201, "Number of Total Tokens (P90)": 8192.730401697612, "Number of Total Tokens (P99)": 8192.730401697612, "Time per Output Token (Mean)": 0.02229256400223723, "Time per Output Token (P50)": 0.020020434467290085, "Time per Output Token (P90)": 0.033339858905148255, "Time per Output Token (P99)": 0.049936578983954726, "Time to First Token (Mean)": 0.4158872405078, "Time to First Token (P50)": 0.41106628655534155, "Time to First Token (P90)": 0.6524631331287278, "Time to First Token (P99)": 0.8878073216415597, "Time Between Tokens (Mean)": 0.021948459042784856, "Time Between Tokens (P50)": 0.0146253067995911, "Time Between Tokens (P90)": 0.018481189825685865, "Time Between Tokens (P99)": 0.331873678914055, "End to End Latency (Mean)": 4.451231466159186, "End to End Latency (P50)": 3.923562160821885, "End to End Latency (P90)": 7.7137170650346265, "End to End Latency (P99)": 11.21217571992615, "Normalized End to End Latency (Mean)": 0.025346534542999316, "Normalized End to End Latency (P50)": 0.022708822771297113, "Normalized End to End Latency (P90)": 0.03677262483438678, "Normalized End to End Latency (P99)": 0.05790211018864949, "Output Throughput (Mean)": 43.818227030076805, "Output Throughput (P50)": 43.94772067451362, "Output Throughput (P90)": 60.03939109153555, "Output Throughput (P99)": 74.81369364413838, "Deadline Miss Rate with 0.03s TBT Deadline, 0.3s TTFT Deadline, 0.0s TTFT Slack, Using Predictions for TTFT: False  (Mean)": 0.10064326000826267, "Deadline Miss Rate with 0.03s TBT Deadline, 0.3s TTFT Deadline, 0.0s TTFT Slack, Using Predictions for TTFT: False  (P50)": 0.05790211018864949, "Deadline Miss Rate with 0.03s TBT Deadline, 0.3s TTFT Deadline, 0.0s TTFT Slack, Using Predictions for TTFT: False  (P90)": 0.25538043209951505, "Deadline Miss Rate with 0.03s TBT Deadline, 0.3s TTFT Deadline, 0.0s TTFT Slack, Using Predictions for TTFT: False  (P99)": 0.4872388912785135, "Min Deadline to Meet Target Deadline Miss Rate of 10.0% (Mean)": 0.03511738456413521, "Min Deadline to Meet Target Deadline Miss Rate of 10.0% (P50)": 0.023494198742368702, "Min Deadline to Meet Target Deadline Miss Rate of 10.0% (P90)": 0.06160566619420101, "Min Deadline to Meet Target Deadline Miss Rate of 10.0% (P99)": 0.1742958593996865}