{"Target TBT (ms)": [1, 2, 3, 4, 5, 6, 7, 8, 9, 10, 11, 12, 13, 14, 15, 16, 17, 18, 19, 20, 21, 22, 23, 24, 25, 26, 27, 28, 29, 30, 31, 32, 33, 34, 35, 36, 37, 38, 39, 40, 41, 42, 43, 44, 45, 46, 47, 48, 49, 50, 51, 52, 53, 54, 55, 56, 57, 58, 59, 60, 61, 62, 63, 64, 65, 66, 67, 68, 69, 70, 71, 72, 73, 74, 75, 76, 77, 78, 79, 80, 81, 82, 83, 84, 85, 86, 87, 88, 89, 90, 91, 92, 93, 94, 95, 96, 97, 98, 99, 100], "Miss Rate P(99)": [0.9998765396730801, 0.9995915603280713, 0.9993689301192623, 0.9991658028581695, 0.9986522697620012, 0.9981575136010645, 0.9975514696288059, 0.9972535180868514, 0.9959093589281619, 0.9953314659197012, 0.994079131652661, 0.9938610358325806, 0.9933921568627451, 0.9925240384615385, 0.9914820788530466, 0.989316868698312, 0.9804364113129799, 0.9663722826086956, 0.9069880365939479, 0.8062649777473467, 0.6251331453634085, 0.6108513931888544, 0.5900342661336379, 0.5707916249582915, 0.5555451920941594, 0.5314548162859979, 0.5183547625295196, 0.4928802816901405, 0.4754332885103837, 0.46179497250589124, 0.4482240437158468, 0.43203124999999976, 0.4163793103448275, 0.40393612132352935, 0.39011904761904753, 0.37820725311696013, 0.36376536885245886, 0.3563218390804595, 0.3463392857142855, 0.33803393482359256, 0.3312921520539544, 0.32823010323010304, 0.32077354959451004, 0.3153539823008848, 0.30908129699248105, 0.2993883023294787, 0.29489497716894975, 0.28819117282420026, 0.2837492143306097, 0.27475035206759696, 0.2713645943097997, 0.2686398796733992, 0.2592377097563032, 0.25299159663865545, 0.2522754618161228, 0.24721166809658038, 0.2398877551020408, 0.2398877551020408, 0.2398877551020408, 0.22857499168606576, 0.22854137447405323, 0.22678422196222628, 0.22419749149659865, 0.22196281654022862, 0.21353621291448505, 0.21353621291448505, 0.20982142857142852, 0.20784574468085104, 0.20784574468085104, 0.20335106382978715, 0.20335106382978715, 0.19940860215053763, 0.1939555125725338, 0.19288671650373776, 0.19288671650373776, 0.19288671650373776, 0.181124287873503, 0.181124287873503, 0.1805946535733769, 0.1805946535733769, 0.1805946535733769, 0.17724558050644998, 0.1729830917874396, 0.1651811594202897, 0.16502490942028972, 0.16502490942028972, 0.16502490942028972, 0.16502490942028972, 0.16502490942028972, 0.1588701622971285, 0.1588701622971285, 0.15674199623352164, 0.15674199623352164, 0.15206879361914247, 0.15206879361914247, 0.15206879361914247, 0.15206879361914247, 0.14426455026455018, 0.14426455026455018, 0.14272998805256865]}