{"tpot_based_throughput": 44.85800735615889, "tbt_based_throughput": 3.014203921040828, "deadline_based_throughput": 6.701808695519645}