{"Number of Requests": 512, "Number of Errored Requests": 0, "Number of Completed Requests": 512, "Error Rate": 0.0, "Deadline Miss Rate": 1.807247967975566e-05, "Number of Prompt Tokens (Mean)": 2234.875, "Number of Prompt Tokens (P50)": 1657.3943359881944, "Number of Prompt Tokens (P90)": 5458.898826850627, "Number of Prompt Tokens (P99)": 7079.810742190998, "Number of Output Tokens (Mean)": 432.279296875, "Number of Output Tokens (P50)": 407.89162073672736, "Number of Output Tokens (P90)": 826.336221897287, "Number of Output Tokens (P99)": 991.2847208430245, "Number of Total Tokens (Mean)": 2667.154296875, "Number of Total Tokens (P50)": 2111.1794506901215, "Number of Total Tokens (P90)": 5937.25625870512, "Number of Total Tokens (P99)": 7746.547080001839, "Time per Output Token (Mean)": 0.006353482977596922, "Time per Output Token (P50)": 0.006005964591249252, "Time per Output Token (P90)": 0.007335702206211242, "Time per Output Token (P99)": 0.011231847643044041, "Time to First Token (Mean)": 0.08207069510172005, "Time to First Token (P50)": 0.058601121423206955, "Time to First Token (P90)": 0.15897614602756968, "Time to First Token (P99)": 0.2000873943088915, "Time Between Tokens (Mean)": 0.006415810501525085, "Time Between Tokens (P50)": 0.005724487684318937, "Time Between Tokens (P90)": 0.006377352827792948, "Time Between Tokens (P99)": 0.018629632372265528, "End to End Latency (Mean)": 2.8490894679625853, "End to End Latency (P50)": 2.6353073669778864, "End to End Latency (P90)": 5.403246963112457, "End to End Latency (P99)": 7.791241236349044, "Normalized End to End Latency (Mean)": 0.006822600956661477, "Normalized End to End Latency (P50)": 0.006301281906877111, "Normalized End to End Latency (P90)": 0.008941945711814715, "Normalized End to End Latency (P99)": 0.0123142030204406, "Output Throughput (Mean)": 152.34101262910326, "Output Throughput (P50)": 158.69770862157714, "Output Throughput (P90)": 175.3880981800834, "Output Throughput (P99)": 182.54582468488894, "Deadline Miss Rate with 0.03s TBT Deadline, 0.3s TTFT Deadline, 0.0s TTFT Slack, Using Predictions for TTFT: False  (Mean)": 1.4230418943533698e-05, "Deadline Miss Rate with 0.03s TBT Deadline, 0.3s TTFT Deadline, 0.0s TTFT Slack, Using Predictions for TTFT: False  (P50)": 0, "Deadline Miss Rate with 0.03s TBT Deadline, 0.3s TTFT Deadline, 0.0s TTFT Slack, Using Predictions for TTFT: False  (P90)": 0, "Deadline Miss Rate with 0.03s TBT Deadline, 0.3s TTFT Deadline, 0.0s TTFT Slack, Using Predictions for TTFT: False  (P99)": 0, "Min Deadline to Meet Target Deadline Miss Rate of 10.0% (Mean)": 0.005371179065352899, "Min Deadline to Meet Target Deadline Miss Rate of 10.0% (P50)": 0.0055887354771758145, "Min Deadline to Meet Target Deadline Miss Rate of 10.0% (P90)": 0.006441446310738462, "Min Deadline to Meet Target Deadline Miss Rate of 10.0% (P99)": 0.010987445197816132}