{"tpot_based_throughput": 157.3939842958752, "tbt_based_throughput": 53.711768803617964, "deadline_based_throughput": 91.03764700891443}